# Blender 5.0.1
# www.blender.org
mtllib brain.mtl
o obj1
v 0.247255 -0.039614 -0.051564
v 0.243657 -0.030523 -0.048347
v 0.246728 -0.039995 -0.051620
v 0.235236 -0.054037 -0.047616
v 0.228677 -0.042497 -0.074905
v 0.224493 -0.048941 -0.033638
v 0.244284 -0.053520 0.029306
v 0.289552 -0.068861 -0.038670
v 0.253880 -0.055137 -0.041920
v 0.281655 -0.054520 -0.043558
v 0.280396 -0.067414 -0.018548
v 0.314932 -0.068297 -0.051310
v 0.318004 -0.083081 -0.047797
v 0.314429 -0.068218 -0.051577
v 0.293375 -0.058483 -0.044933
v 0.301017 -0.050192 -0.041693
v 0.276262 -0.052654 -0.044877
v 0.286246 -0.066499 -0.010934
v 0.288809 -0.071397 0.025345
v 0.247458 -0.040964 0.043253
v 0.242995 -0.031307 0.041493
v 0.247093 -0.040516 0.043667
v 0.281102 -0.043042 0.024358
v 0.245818 -0.051566 0.036914
v 0.283366 -0.057286 0.033269
v 0.288577 -0.070039 0.002242
v 0.301296 -0.063185 -0.016848
v 0.287446 -0.057859 -0.005358
v 0.289246 -0.057983 -0.006117
v 0.282713 -0.044024 -0.004706
v 0.293479 -0.060173 0.000561
v 0.308492 -0.082744 0.014582
v 0.321459 -0.085864 0.035184
v 0.393825 -0.107866 0.033335
v 0.441352 -0.117315 0.018273
v 0.313776 -0.070643 0.008308
v 0.402462 -0.094979 0.012011
v 0.402671 -0.095023 0.012396
v 0.223621 -0.039421 -0.001303
v 0.227475 -0.030361 -0.021147
v 0.218636 -0.038903 0.025826
v 0.232329 -0.026824 0.014970
v 0.218922 -0.039192 0.026134
v 0.228696 -0.051311 0.024428
v 0.248172 -0.026069 0.026584
v 0.242226 -0.024417 -0.032368
v 0.221296 -0.038940 -0.031190
v 0.218981 -0.039188 -0.032939
v 0.182526 -0.055996 -0.094135
v 0.196203 -0.043711 -0.069695
v 0.195356 -0.043698 -0.070247
v 0.205164 -0.029162 -0.078900
v 0.210020 -0.033612 -0.093259
v 0.222678 -0.042402 -0.081809
v 0.188378 -0.046480 -0.119727
v 0.213521 -0.043057 -0.094319
v 0.193667 -0.052732 -0.111760
v 0.119164 -0.063570 -0.139608
v 0.151418 -0.047802 -0.113131
v 0.180879 -0.044158 -0.088073
v 0.195020 -0.035530 -0.076668
v 0.181095 -0.044134 -0.086934
v 0.164399 -0.034714 -0.127256
v 0.148784 -0.036653 -0.125620
v 0.141829 -0.051325 -0.152224
v 0.144788 -0.048063 -0.116211
v -0.255939 -0.404269 -0.333405
v -0.153332 -0.404988 -0.372599
v -0.171249 -0.377030 -0.319524
v -0.184856 -0.344337 -0.291811
v -0.396307 -0.412665 -0.251605
v -0.199905 -0.291595 -0.252660
v -0.342072 -0.324719 -0.207956
v -0.470062 -0.400641 -0.190096
v -0.489596 -0.436065 -0.264912
v -0.050642 -0.306500 -0.252983
v -0.199905 -0.291595 -0.252660
v -0.189726 -0.330955 -0.284758
v -0.174982 -0.366533 -0.309782
v 0.000026 -0.339180 -0.279765
v -0.006669 -0.395078 -0.353525
v -0.152441 -0.406289 -0.377092
v 0.115108 -0.373712 -0.323615
v 0.125679 -0.389720 -0.365820
v -0.078349 -0.402808 -0.398287
v -0.142726 -0.430643 -0.426636
v 0.048540 -0.403267 -0.413205
v -0.144647 -0.434456 -0.466867
v 0.027562 -0.433537 -0.463707
v 0.156733 -0.434595 -0.462529
v -0.204935 -0.401906 -0.595605
v -0.207574 -0.360176 -0.648197
v -0.046731 -0.344559 -0.677462
v 0.014848 -0.342679 -0.651369
v 0.031558 -0.407969 -0.567989
v -0.151296 -0.431906 -0.544236
v 0.093429 -0.385683 -0.624664
v 0.152268 -0.440048 -0.565450
v -0.009240 -0.439539 -0.506872
v 0.120067 -0.412296 -0.507132
v 0.056928 -0.428023 -0.462949
v 0.170902 -0.430958 -0.462361
v -0.197682 -0.450867 -0.476940
v -0.090435 -0.431647 -0.468076
v -0.144765 -0.436802 -0.466942
v 0.170953 -0.349868 -0.652990
v 0.031019 -0.276506 -0.656164
v -0.081350 -0.320794 -0.692377
v 0.112408 -0.258667 -0.674104
v -0.127535 -0.259782 -0.694636
v 0.012189 -0.227701 -0.699953
v -0.137638 -0.190725 -0.740255
v -0.108226 -0.160183 -0.746678
v 0.003118 -0.171737 -0.732941
v 0.157554 -0.215572 -0.709995
v 0.415877 -0.383512 -0.570736
v 0.360117 -0.407712 -0.537725
v 0.258143 -0.445041 -0.524315
v 0.233387 -0.404485 -0.594257
v 0.418541 -0.413336 -0.455342
v 0.516958 -0.358385 -0.452126
v 0.266295 -0.401456 -0.459317
v 0.448057 -0.356484 -0.572535
v 0.536653 -0.312990 -0.506306
v 0.504848 -0.357735 -0.503398
v 0.464450 -0.264171 -0.564982
v 0.468976 -0.219947 -0.593021
v 0.516432 -0.246198 -0.534084
v 0.554296 -0.307450 -0.449573
v 0.569282 -0.228588 -0.446144
v 0.459391 -0.148010 -0.581721
v 0.453317 -0.090713 -0.585501
v 0.582243 -0.145404 -0.506227
v 0.520893 -0.191062 -0.568357
v 0.556034 -0.217856 -0.489090
v 0.586004 -0.176812 -0.443395
v 0.603150 -0.099156 -0.420518
v 0.598499 -0.141753 -0.435510
v 0.583429 -0.087339 -0.497624
v 0.539157 -0.108404 -0.563265
v 0.486095 -0.079039 -0.582668
v 0.557499 -0.050046 -0.524497
v 0.488964 -0.041683 -0.583078
v 0.478264 -0.010593 -0.561840
v 0.569689 -0.037807 -0.477340
v 0.393131 0.010148 -0.587493
v 0.344724 -0.012360 -0.628142
v 0.404403 -0.045189 -0.605026
v 0.231761 0.007847 -0.661034
v 0.330500 0.010414 -0.589257
v 0.396754 -0.109541 -0.639870
v 0.297420 -0.085485 -0.641006
v 0.288360 -0.048657 -0.662225
v 0.382760 -0.069268 -0.589533
v 0.153508 -0.031145 -0.729837
v 0.201360 -0.003377 -0.697302
v 0.112823 0.009770 -0.684618
v 0.573108 -0.126452 -0.325463
v 0.598420 -0.146250 -0.386835
v 0.600404 -0.144321 -0.436385
v 0.592689 -0.066288 -0.409995
v 0.586559 -0.067148 -0.381899
v 0.547403 -0.042011 -0.401147
v 0.488636 -0.027633 -0.472316
v 0.563324 -0.042824 -0.402546
v 0.591236 -0.066021 -0.409774
v 0.555487 -0.205528 -0.325379
v 0.542807 -0.252359 -0.362603
v 0.561564 -0.198252 -0.379642
v 0.496179 -0.206321 -0.250158
v 0.570049 -0.240023 -0.407702
v 0.558372 -0.287110 -0.449409
v 0.571054 -0.196685 -0.442428
v 0.591025 -0.182481 -0.443826
v 0.458600 -0.183764 -0.216768
v 0.471974 -0.112125 -0.226817
v 0.396510 -0.133803 -0.179717
v 0.529188 -0.114890 -0.268201
v 0.238261 -0.085348 -0.674095
v 0.218138 -0.117457 -0.697470
v 0.384526 -0.221280 -0.642550
v 0.215417 -0.157789 -0.711219
v 0.147366 -0.159836 -0.715350
v 0.118041 -0.103447 -0.701086
v 0.094426 -0.058096 -0.741850
v -0.130954 -0.113309 -0.730252
v -0.045555 -0.121695 -0.731041
v -0.039712 -0.086015 -0.763680
v -0.185593 -0.086951 -0.750717
v -0.032571 -0.048812 -0.773880
v -0.183271 0.005848 -0.768711
v -0.048292 0.000002 -0.760964
v 0.040226 -0.128134 -0.713434
v -0.216505 -0.196423 -0.727013
v -0.266550 -0.251128 -0.687083
v -0.333481 -0.268968 -0.694023
v -0.281475 -0.105484 -0.753945
v -0.303307 -0.185152 -0.695299
v -0.350150 -0.126758 -0.728637
v -0.382103 -0.148146 -0.696295
v -0.223972 -0.080517 -0.728946
v -0.262779 -0.046695 -0.755329
v 0.278921 -0.303047 -0.638181
v 0.323587 -0.362816 -0.633051
v 0.289422 -0.250485 -0.630270
v 0.373995 -0.274091 -0.610941
v 0.237740 -0.407618 -0.350874
v 0.236100 -0.425543 -0.416836
v 0.297427 -0.398287 -0.350960
v 0.305534 -0.404362 -0.456191
v 0.250744 -0.404240 -0.458712
v 0.388803 -0.399746 -0.375682
v 0.408602 -0.413486 -0.454915
v 0.512823 -0.361544 -0.452180
v 0.348403 -0.363864 -0.321279
v 0.460103 -0.356302 -0.356382
v 0.404126 -0.367215 -0.312460
v 0.439398 -0.331289 -0.308686
v 0.507696 -0.312616 -0.338555
v 0.447172 -0.283747 -0.272632
v 0.402789 -0.331252 -0.273569
v 0.390003 -0.302516 -0.253704
v 0.331932 -0.284466 -0.256281
v 0.304373 -0.312133 -0.278202
v 0.197255 -0.362637 -0.333341
v 0.232413 -0.363685 -0.312022
v 0.254988 -0.339468 -0.300596
v 0.161153 -0.318880 -0.255442
v 0.017634 -0.297536 -0.253161
v 0.030815 -0.261780 -0.244376
v -0.035632 -0.262676 -0.228318
v -0.100561 -0.255657 -0.232427
v -0.181929 -0.215514 -0.229794
v 0.204096 -0.269362 -0.208140
v 0.307841 -0.277550 -0.241441
v 0.136250 -0.250147 -0.198309
v 0.302179 -0.209375 -0.168929
v 0.233412 -0.214649 -0.171018
v 0.132277 -0.198490 -0.181160
v 0.055052 -0.199611 -0.223211
v 0.247011 -0.172323 -0.139212
v 0.350953 -0.154076 -0.152142
v 0.123120 -0.158983 -0.148877
v 0.387849 -0.206983 -0.208521
v 0.525625 -0.343120 -0.404174
v -0.546342 -0.432244 -0.531058
v -0.455674 -0.425937 -0.558403
v -0.431648 -0.285827 -0.691322
v -0.385403 -0.333501 -0.664246
v -0.405890 -0.431765 -0.574962
v -0.346094 -0.407436 -0.594244
v -0.297472 -0.397578 -0.612870
v -0.378518 -0.447883 -0.537635
v -0.605355 -0.432236 -0.470319
v -0.656971 -0.413205 -0.456982
v -0.636511 -0.327364 -0.532037
v -0.663617 -0.335850 -0.468442
v -0.687802 -0.475341 -0.361152
v -0.733259 -0.425076 -0.369165
v -0.737503 -0.368355 -0.418163
v -0.705159 -0.226732 -0.510222
v -0.736321 -0.271620 -0.403161
v -0.763440 -0.185971 -0.451752
v -0.837143 -0.267178 -0.372222
v -0.564013 -0.176037 -0.612367
v -0.677789 -0.219680 -0.582048
v -0.598629 -0.125542 -0.648956
v -0.400511 -0.466891 -0.338698
v -0.643078 -0.459085 -0.210780
v -0.397289 -0.495399 -0.391764
v -0.563414 -0.512130 -0.354539
v -0.713497 -0.452947 -0.203265
v -0.770518 -0.428847 -0.245995
v -0.621611 -0.503713 -0.376004
v -0.469881 -0.494348 -0.441817
v -0.399869 -0.482267 -0.426923
v -0.456920 -0.509730 -0.423214
v -0.510017 -0.372216 -0.149501
v -0.723525 -0.423958 -0.137807
v -0.619947 -0.364308 -0.089496
v -0.789178 -0.398867 -0.106501
v -0.719372 -0.363147 -0.060015
v -0.331096 -0.243588 -0.177541
v -0.547500 -0.299624 -0.067329
v -0.438235 -0.212037 -0.069346
v -0.823454 -0.336187 -0.060185
v -0.710396 -0.274599 -0.024390
v -0.612881 -0.240242 -0.025998
v -0.875300 -0.278219 -0.067212
v -0.382891 -0.150121 -0.046371
v -0.601833 -0.140576 -0.017204
v -0.392826 -0.125851 -0.022095
v -0.798712 -0.197478 -0.031398
v -0.868760 -0.149663 -0.025685
v -0.855904 -0.383535 -0.154495
v -0.896535 -0.335110 -0.150911
v -0.905774 -0.285668 -0.105065
v -0.923076 -0.196083 -0.055979
v -0.953609 -0.198906 -0.111938
v -0.879144 -0.263755 -0.208741
v -0.936750 -0.212520 -0.188047
v -0.381432 -0.075159 -0.003923
v -0.352336 -0.062154 -0.003380
v -0.345706 -0.094880 -0.035885
v -0.340591 -0.066747 -0.028665
v -0.345917 -0.050997 -0.004307
v -0.335467 -0.074312 -0.054119
v -0.315259 -0.144245 -0.118225
v -0.317409 -0.077564 -0.092599
v -0.567761 -0.079596 -0.004543
v -0.678311 -0.071323 -0.004132
v -0.754799 -0.055604 -0.004168
v -0.165892 -0.063352 -0.188053
v -0.244974 -0.070855 -0.158901
v -0.165458 -0.077348 -0.190444
v -0.232366 -0.164346 -0.179581
v -0.155098 -0.095880 -0.195715
v -0.318471 -0.077404 -0.094296
v -0.265294 -0.073032 -0.145052
v -0.249218 -0.058089 -0.147454
v -0.295854 -0.043212 -0.104917
v -0.194663 -0.066254 -0.178878
v -0.163097 -0.065810 -0.185453
v -0.172960 -0.074275 -0.176290
v 0.104499 -0.042479 -0.160763
v 0.019495 -0.094788 -0.147446
v -0.054987 -0.095119 -0.175986
v -0.055156 -0.056695 -0.194765
v -0.122982 -0.060630 -0.196458
v -0.172960 -0.074275 -0.176290
v -0.163867 -0.066671 -0.184052
v -0.165313 -0.062760 -0.188388
v -0.165507 -0.077497 -0.190694
v -0.155098 -0.095880 -0.195715
v -0.099135 -0.081072 -0.203225
v -0.043767 -0.053139 -0.198494
v 0.066291 -0.056971 -0.188346
v -0.083014 -0.061298 -0.200595
v 0.062900 -0.047808 -0.171642
v -0.165986 -0.065135 -0.187224
v -0.192168 -0.240519 -0.234365
v -0.168213 -0.157450 -0.212827
v -0.163324 -0.175775 -0.223672
v -0.166837 -0.123412 -0.198070
v -0.170008 -0.150849 -0.214927
v -0.162586 -0.175805 -0.223178
v -0.143041 -0.145197 -0.214479
v -0.044558 -0.191427 -0.190196
v -0.033017 -0.113588 -0.187610
v -0.166837 -0.123412 -0.198070
v -0.193526 -0.248405 -0.235624
v -0.142697 -0.429565 -0.427237
v -0.210813 -0.446581 -0.398828
v -0.273599 -0.447414 -0.436468
v -0.319178 -0.454825 -0.403769
v -0.325377 -0.477884 -0.451959
v -0.236558 -0.434966 -0.503738
v -0.263294 -0.421071 -0.540639
v -0.343488 -0.475397 -0.491631
v -0.478915 -0.470387 -0.499481
v -0.516106 -0.502032 -0.446308
v -0.872248 -0.221891 -0.256810
v -0.875584 -0.240736 -0.339105
v -0.859925 -0.352372 -0.241594
v -0.788794 -0.359832 -0.326309
v -0.857399 -0.098889 -0.423403
v -0.710867 -0.089832 -0.517813
v -0.875799 -0.026161 -0.402935
v -0.788963 -0.008867 -0.471951
v -0.789875 0.036018 -0.445441
v -0.751741 0.003091 -0.542207
v -0.749296 0.071330 -0.564637
v -0.683943 -0.059525 -0.588351
v -0.634761 0.023388 -0.630654
v -0.636512 0.111549 -0.676397
v -0.642225 -0.080863 -0.640790
v -0.594155 0.183778 -0.678398
v -0.697388 0.140448 -0.607319
v -0.737919 0.110579 -0.516574
v -0.689075 0.231486 -0.595551
v -0.703566 0.217163 -0.533226
v -0.847690 0.160104 -0.435622
v -0.786924 0.191076 -0.497476
v -0.828805 0.237775 -0.434510
v -0.741470 0.331825 -0.490464
v -0.775409 0.300351 -0.411666
v -0.651529 0.299374 -0.538235
v -0.608636 0.303281 -0.631739
v -0.456028 0.188477 -0.752464
v -0.397803 0.144120 -0.779007
v -0.472065 0.103324 -0.721207
v -0.544260 0.150574 -0.728591
v -0.544662 0.054990 -0.713748
v -0.484521 0.010754 -0.742599
v -0.432506 0.015876 -0.744893
v -0.541396 -0.014540 -0.683929
v -0.503577 -0.112335 -0.650277
v -0.570659 0.018720 -0.659967
v -0.452769 0.353480 -0.706868
v -0.385654 0.368596 -0.698769
v -0.415609 0.308790 -0.742896
v -0.460857 0.306385 -0.702262
v -0.424880 0.241896 -0.725791
v -0.514403 0.299563 -0.677460
v -0.537624 0.237493 -0.726278
v -0.551919 0.263613 -0.651704
v -0.385875 0.025661 -0.742659
v -0.350607 0.067791 -0.790257
v -0.344147 0.149043 -0.802526
v -0.372328 0.202581 -0.750942
v -0.329002 0.233130 -0.802027
v -0.276429 0.152774 -0.773906
v -0.268722 0.216466 -0.792788
v -0.213777 0.234348 -0.815710
v -0.223907 0.165209 -0.805069
v -0.291630 0.099323 -0.780771
v -0.239979 0.122337 -0.765905
v -0.337622 0.399017 -0.740095
v -0.309338 0.335626 -0.733069
v -0.283507 0.410138 -0.749695
v -0.337481 0.289708 -0.746830
v -0.233136 0.383943 -0.737629
v -0.183435 0.368613 -0.739726
v -0.255153 0.330716 -0.797620
v -0.191591 0.310439 -0.781975
v -0.317836 0.287344 -0.780680
v -0.446554 -0.200894 -0.690256
v -0.502993 -0.269199 -0.649115
v -0.448547 -0.137446 -0.667635
v -0.522731 -0.238696 -0.645274
v -0.414230 -0.093389 -0.712031
v -0.411494 -0.047577 -0.743301
v -0.466569 -0.083673 -0.692374
v -0.838865 0.326679 -0.233856
v -0.825771 0.413790 -0.206171
v -0.796853 0.384848 -0.253428
v -0.774821 0.481763 -0.187057
v -0.767319 0.464747 -0.262971
v -0.791003 0.377397 -0.305110
v -0.690879 0.464756 -0.294913
v -0.848931 0.323792 -0.315760
v -0.687910 0.509542 -0.250452
v -0.641913 0.591136 -0.227073
v -0.635934 0.584833 -0.306151
v -0.718905 0.491639 -0.369420
v -0.643057 0.560812 -0.376284
v -0.588850 0.485260 -0.462618
v -0.694003 0.404790 -0.420254
v -0.801019 0.296738 -0.363825
v -0.791835 0.375237 -0.374616
v -0.947422 0.132632 -0.168657
v -0.994930 0.075223 -0.124634
v -0.948849 0.131585 -0.075563
v -0.944374 0.209026 -0.209639
v -0.951370 0.220129 -0.067226
v -0.990202 0.014307 -0.054953
v -0.905613 0.108903 -0.021257
v -0.877342 0.217004 -0.007153
v -0.879492 0.274559 -0.078012
v -0.825589 0.270402 -0.020295
v -0.815883 0.398570 -0.046030
v -0.872022 0.329138 -0.130130
v -0.892852 0.281962 -0.159642
v -0.951991 0.060918 -0.270290
v -0.902174 0.118333 -0.275919
v -0.885197 0.183950 -0.375110
v -0.854982 0.250383 -0.289786
v -0.820712 0.233047 -0.358053
v -0.866468 0.093149 -0.356208
v -0.623152 0.548590 -0.047666
v -0.572492 0.644449 -0.136307
v -0.694586 0.540774 -0.113513
v -0.740825 0.489350 -0.034455
v -0.764788 0.499852 -0.104260
v -0.761125 0.408027 0.008046
v -0.593263 0.471322 -0.510455
v -0.651924 0.389100 -0.527713
v -0.523852 0.464952 -0.549423
v -0.499735 0.423217 -0.598283
v -0.559547 0.376611 -0.588754
v -0.297662 0.572973 -0.661953
v -0.414920 0.521777 -0.624077
v -0.463088 0.543847 -0.564742
v -0.456890 0.464533 -0.615363
v -0.381794 0.571197 -0.510914
v -0.477593 0.559702 -0.518861
v -0.486003 0.457817 -0.566649
v -0.461142 0.560798 -0.453862
v -0.495565 0.563197 -0.397614
v -0.397347 0.633620 -0.461625
v -0.424968 0.651236 -0.416377
v -0.337492 0.711854 -0.425774
v -0.422383 0.719633 -0.216632
v -0.370739 0.773661 -0.193534
v -0.363097 0.739035 -0.253049
v -0.396665 0.748446 -0.325365
v -0.517242 0.700616 -0.255233
v -0.517603 0.680041 -0.324421
v -0.479965 0.679159 -0.180484
v -0.312583 0.713056 -0.352848
v -0.417843 0.656174 -0.352459
v -0.507706 0.634148 -0.362530
v -0.572951 0.637893 -0.206126
v -0.932459 -0.150421 -0.215859
v -0.924711 -0.089056 -0.225954
v -0.868191 -0.148122 -0.270862
v -0.898612 -0.078867 -0.302855
v -0.966678 -0.013205 -0.255371
v -0.883374 -0.154766 -0.336649
v -0.808054 -0.028579 -0.002908
v -0.754799 -0.055576 -0.002581
v -0.882058 -0.139896 0.021638
v -0.838358 0.008365 -0.003312
v -0.921182 0.023834 -0.003018
v -0.964396 -0.072537 0.032488
v -0.971148 0.041691 0.041596
v -0.916832 0.110196 0.023698
v -0.843378 0.167866 0.000100
v -0.845950 0.053583 -0.002701
v -0.778608 0.359831 0.013557
v -0.883336 0.279647 0.080297
v -0.937260 0.213789 0.036684
v -0.920435 0.201119 0.119529
v -0.841580 0.387794 0.092790
v -0.966339 0.146040 0.050375
v -0.979952 0.134364 0.110400
v -1.005165 0.038243 0.104965
v -0.978829 0.137449 0.204234
v -0.977511 0.051004 0.189531
v -0.917123 0.269621 0.208024
v -0.835435 0.384418 0.149928
v -0.916203 0.282784 0.139861
v -0.844817 0.333041 0.192088
v -0.692924 0.387779 -0.004115
v -0.721134 0.322437 -0.002226
v -0.846499 0.253875 0.002918
v -0.661859 0.443773 0.006865
v -0.610269 0.484062 -0.009159
v -0.782074 0.420183 0.033920
v -0.531799 0.537526 -0.003838
v -0.647701 0.531480 0.011149
v -0.534097 0.611156 0.014626
v -0.798151 0.288077 -0.004110
v -0.805901 0.220753 -0.004330
v -0.776149 0.326223 -0.007389
v -0.798066 0.288233 -0.002326
v -0.843796 0.167628 -0.003055
v -0.846286 0.055275 -0.004173
v -0.805901 0.220753 -0.004330
v -0.721423 0.322238 -0.005097
v -0.924849 0.008231 -0.015360
v -0.931669 -0.094658 -0.041846
v -0.838180 0.008438 -0.004182
v -0.808056 -0.028596 -0.003885
v -0.605768 0.488151 -0.003843
v -0.536657 0.533849 -0.005740
v -0.692684 0.388128 -0.004949
v -0.638883 0.490444 -0.015823
v -0.388050 0.690506 0.007017
v -0.324021 0.739496 0.014470
v -0.444710 0.683822 0.019834
v -0.409454 0.612538 -0.001352
v -0.327265 0.676820 -0.002120
v -0.480882 0.592920 0.001803
v -0.242033 0.730821 -0.001011
v -0.247267 0.740602 0.009053
v -0.205727 0.737349 -0.002147
v -0.251762 0.765191 0.038677
v -0.186950 0.780143 -0.000252
v -0.179931 0.826303 0.035867
v -0.134292 0.815271 0.008974
v -0.185515 0.735829 -0.003316
v -0.282995 0.689618 -0.000956
v -0.193890 0.736809 -0.003320
v -0.207591 0.725018 -0.004338
v -0.282175 0.690459 -0.001575
v -0.208299 0.738158 -0.003520
v -0.325269 0.719977 -0.011319
v -0.337610 0.675685 -0.006661
v -0.240512 0.731319 -0.000801
v -0.108587 0.777815 -0.012050
v -0.172873 0.759915 -0.017994
v -0.227296 0.771280 -0.017820
v -0.242998 0.780338 -0.037490
v -0.162578 0.843560 -0.212180
v -0.100270 0.850300 -0.180387
v -0.179250 0.824157 -0.068419
v -0.101073 0.816615 -0.093826
v -0.065590 0.826131 -0.168001
v -0.102143 0.794870 -0.031282
v -0.052071 0.858148 -0.078622
v 0.008083 0.833092 -0.009771
v 0.014296 0.869450 -0.063251
v -0.016685 0.871671 -0.150063
v 0.010134 0.821152 -0.233275
v -0.298578 0.787147 -0.220626
v -0.257635 0.781260 -0.187185
v -0.281695 0.787598 -0.310121
v -0.210490 0.785549 -0.209022
v -0.185253 0.785277 -0.285847
v -0.174613 0.739448 -0.344292
v -0.238322 0.733368 -0.434275
v -0.160348 0.717226 -0.416027
v -0.143766 0.791041 -0.335703
v -0.096029 0.793444 -0.401463
v -0.091870 0.836575 -0.281177
v -0.036801 0.797166 -0.330900
v -0.009284 0.812427 -0.290959
v -0.022561 0.747410 -0.480256
v -0.004881 0.748894 -0.408023
v -0.345743 0.779038 -0.102397
v -0.243231 0.800412 -0.143822
v -0.247289 0.792073 -0.102177
v -0.335813 0.751032 -0.073591
v 0.005917 0.814882 -0.005203
v 0.053080 0.800783 -0.011254
v 0.086344 0.790325 -0.003734
v 0.159103 0.803956 -0.003251
v 0.133237 0.814430 -0.030247
v -0.069098 0.771058 -0.004462
v -0.027840 0.788627 -0.007614
v 0.057109 0.869807 -0.108751
v 0.068256 0.869323 -0.208476
v 0.119990 0.871949 -0.073093
v 0.182147 0.850999 -0.079595
v 0.157316 0.897214 -0.157110
v 0.221078 0.861180 -0.202130
v 0.005237 0.815733 -0.007719
v -0.029691 0.785437 -0.006285
v -0.067244 0.771221 -0.005738
v -0.110837 0.777697 -0.010628
v -0.075474 0.814925 0.037310
v -0.009925 0.854922 0.042774
v -0.210556 0.823908 0.113266
v -0.174836 0.790936 0.248993
v -0.134457 0.855529 0.185293
v -0.087662 0.846765 0.243218
v -0.064877 0.835546 0.120889
v -0.126888 0.849398 0.066028
v -0.038159 0.820606 0.226574
v 0.029826 0.870039 0.147590
v -0.018467 0.864871 0.112600
v -0.041657 0.768164 0.428050
v -0.005007 0.734896 0.408820
v -0.009509 0.785442 0.332487
v -0.088757 0.780533 0.418759
v -0.135025 0.803971 0.321298
v -0.133295 0.741327 0.413971
v -0.199063 0.768274 0.361993
v -0.262418 0.807440 0.213597
v -0.270625 0.737296 0.336738
v -0.355234 0.759915 0.191974
v -0.362614 0.745190 0.273844
v -0.337458 0.699225 0.416851
v -0.222605 0.732224 0.431664
v -0.256883 0.820206 0.097033
v -0.316014 0.785008 0.048445
v -0.323858 0.795559 0.107268
v 0.141910 0.802218 -0.002400
v 0.083287 0.791119 -0.003216
v 0.107909 0.811950 0.010934
v 0.048456 0.821724 -0.005626
v 0.200377 0.837300 0.019905
v 0.052430 0.865555 0.063783
v 0.087597 0.875850 0.145209
v 0.135054 0.844145 0.074974
v 0.134064 0.837356 0.223524
v 0.181312 0.870639 0.215946
v 0.189785 0.869529 0.081177
v -0.402560 0.691695 -0.025839
v -0.452598 0.652382 -0.035796
v -0.413718 0.612308 -0.004958
v -0.528096 0.631815 -0.031448
v -0.482217 0.593700 -0.002908
v -0.680676 0.574751 0.190035
v -0.508191 0.707439 0.179850
v -0.503049 0.703809 0.123473
v -0.618240 0.614477 0.087719
v -0.421278 0.718905 0.146736
v -0.414211 0.727269 0.053981
v -0.487427 0.707138 0.050534
v -0.603571 0.604648 0.051715
v -0.430533 0.702227 0.246652
v -0.484419 0.680682 0.289947
v -0.565381 0.626266 0.273302
v -0.632822 0.539183 0.233751
v -0.613227 0.527696 0.335072
v -0.494881 0.629818 0.358907
v -0.551387 0.578074 0.364295
v -0.472989 0.583073 0.404227
v -0.416376 0.638213 0.377677
v -0.836896 0.410059 0.231753
v -0.855693 0.284182 0.274260
v -0.844927 0.356114 0.306785
v -0.768798 0.463416 0.252182
v -0.768834 0.454825 0.318083
v -0.753532 0.379553 0.364109
v -0.762754 0.325204 0.425675
v -0.704677 0.404066 0.407151
v -0.700146 0.514780 0.306724
v -0.677962 0.479980 0.361080
v -0.642524 0.441539 0.395785
v -0.829857 0.233210 0.390129
v -0.849953 0.170338 0.383103
v -0.889584 0.197094 0.292036
v -0.928601 0.197891 0.258797
v -0.932019 0.124317 0.279959
v -0.926837 0.053499 0.248828
v -0.805026 0.105288 0.443265
v -0.851045 0.109506 0.343357
v -0.892643 0.029887 0.360826
v -0.840866 0.047347 0.407892
v -0.639925 0.271497 0.541195
v -0.609444 0.262075 0.592212
v -0.591916 0.335725 0.600919
v -0.560248 0.382224 0.592013
v -0.595705 0.391917 0.546755
v -0.662410 0.369362 0.528032
v -0.705797 0.270225 0.490534
v -0.514101 0.437467 0.547468
v -0.532228 0.459996 0.503348
v -0.647173 0.428880 0.497550
v -0.614342 0.471108 0.462772
v -0.431457 0.318573 0.728058
v -0.316267 0.389631 0.741158
v -0.523489 0.320871 0.692027
v -0.433269 0.273889 0.757863
v -0.540449 0.231182 0.717058
v -0.577259 0.214654 0.641894
v -0.558110 0.159582 0.655605
v -0.624500 0.145394 0.642198
v -0.529843 0.150493 0.701168
v -0.489328 0.195573 0.752627
v -0.427147 0.187622 0.756281
v -0.757333 0.237587 0.502825
v -0.784414 0.182258 0.512503
v -0.817116 0.060806 0.489990
v -0.738159 0.121733 0.537348
v -0.711949 0.078446 0.562087
v -0.680355 0.178864 0.607161
v -0.668365 0.241516 0.582440
v -0.346237 0.440305 0.654227
v -0.362121 0.503875 0.604139
v -0.452599 0.474167 0.603236
v -0.426213 0.379182 0.650222
v -0.946089 -0.164667 0.219166
v -0.936782 -0.218148 0.192095
v -0.860455 -0.224440 0.269907
v -0.896199 -0.176108 0.304104
v -0.964999 -0.085044 0.249260
v -0.922900 -0.092557 0.328312
v -0.982539 -0.077826 0.144287
v -0.828294 -0.197718 0.383907
v -0.842697 -0.086600 0.416524
v -0.932692 -0.014994 0.298161
v -0.829332 -0.014461 0.401337
v -0.939777 -0.000213 0.212977
v -0.767028 -0.326921 0.391270
v -0.767784 -0.408856 0.321965
v -0.814447 -0.354885 0.265034
v -0.869845 -0.313915 0.234516
v -0.891422 -0.288452 0.157024
v -0.806821 -0.397986 0.220804
v -0.728482 -0.438322 0.269407
v -0.709762 -0.402527 0.383200
v -0.683581 -0.464384 0.357603
v -0.955142 -0.211097 0.132044
v -0.934532 -0.209150 0.084738
v -0.863337 -0.360136 0.146781
v -0.896721 -0.276115 0.064227
v -0.825264 -0.263056 0.030956
v -0.811078 -0.354999 0.098950
v -0.749356 -0.341453 0.075984
v -0.999858 -0.059259 0.088222
v -0.983780 -0.140440 0.097645
v -0.731199 0.472124 0.053996
v -0.746113 0.501001 0.078173
v -0.763176 0.507583 0.147424
v -0.675115 0.525456 0.101815
v -0.457506 0.544505 0.522407
v -0.502207 0.495825 0.487833
v -0.323461 0.569697 0.593900
v -0.413070 0.578504 0.500885
v -0.355006 0.628954 0.464804
v -0.529365 0.536938 0.457542
v -0.527647 -0.173017 0.027536
v -0.435522 -0.169368 0.022452
v -0.709680 -0.138479 0.011360
v -0.400066 -0.199326 0.078714
v -0.469818 -0.230406 0.068896
v -0.524905 -0.285148 0.115601
v -0.639312 -0.315724 0.082701
v -0.339724 -0.109192 0.042124
v -0.338940 -0.069078 0.027156
v -0.329498 -0.076333 0.063438
v -0.295215 -0.075681 0.112471
v -0.294738 -0.118328 0.112467
v -0.375063 -0.152039 0.033966
v -0.380146 -0.075691 -0.004585
v -0.354658 -0.063624 -0.002541
v -0.345994 -0.050825 -0.002552
v -0.335593 -0.074492 0.049314
v -0.340289 -0.066403 0.022075
v -0.315736 -0.076819 0.092489
v -0.301248 -0.042683 0.092907
v -0.325626 -0.036229 0.050965
v -0.167986 -0.063224 0.181363
v -0.243188 -0.061486 0.140126
v -0.254360 -0.050048 0.123037
v -0.192627 -0.066418 0.174113
v -0.259442 -0.071732 0.143333
v -0.108385 -0.060504 0.192336
v 0.007058 -0.052966 0.176836
v 0.016792 -0.094882 0.142483
v 0.168116 -0.037744 0.117303
v 0.182147 -0.037787 0.132759
v 0.116248 -0.038880 0.149342
v 0.098696 -0.059337 0.134727
v 0.349099 -0.047504 0.152095
v 0.196511 -0.037803 0.127426
v 0.233181 -0.038199 0.112091
v 0.270670 -0.030785 0.115543
v 0.249023 -0.040147 0.093911
v 0.344955 -0.043625 0.124413
v 0.433260 -0.071380 0.144554
v 0.021541 -0.061252 0.186883
v 0.066906 -0.044215 0.170008
v 0.199194 -0.058918 0.183350
v 0.095286 -0.044017 0.156061
v 0.086979 -0.085585 0.165510
v 0.047615 -0.089787 0.182981
v 0.325964 -0.069297 0.196445
v -0.165907 -0.062031 0.184362
v -0.042250 -0.055366 0.185089
v -0.050794 -0.054923 0.193178
v -0.166004 -0.075169 0.184155
v -0.116137 -0.092918 0.197826
v -0.155183 -0.094893 0.190632
v -0.007017 -0.091923 0.176401
v 0.389956 -0.073908 0.217201
v 0.410824 -0.062329 0.207790
v 0.497010 -0.074503 0.266922
v 0.512135 -0.080170 0.230274
v 0.560602 -0.099028 0.175856
v 0.696915 -0.113043 0.152811
v 0.669647 -0.110987 0.122240
v 0.638073 -0.087294 0.220957
v 0.396973 -0.082335 0.037905
v 0.632554 -0.093764 0.041075
v 0.425249 -0.081558 0.082838
v 0.628611 -0.090136 0.073472
v 0.760627 -0.049357 0.034248
v 0.686761 -0.084809 0.083748
v 0.382702 -0.045752 0.109760
v 0.309796 -0.065560 0.075249
v 0.253370 -0.036741 0.065068
v 0.435768 -0.061459 0.272940
v 0.207022 -0.026831 0.093451
v 0.232704 -0.034832 0.112496
v 0.247366 -0.034503 0.097411
v 0.253668 -0.037162 0.075681
v 0.234470 -0.021618 0.041241
v 0.250234 -0.024605 -0.005526
v 0.236731 -0.010335 -0.003732
v 0.228372 -0.017906 -0.007223
v 0.222936 -0.025430 0.019524
v 0.229678 -0.043438 -0.003911
v 0.203427 -0.034655 0.025829
v 0.052525 -0.094237 0.107373
v 0.065414 -0.092709 0.081901
v 0.051888 -0.080428 0.002669
v 0.100230 -0.057346 0.023512
v 0.064645 -0.090051 0.045737
v 0.141808 -0.059030 0.040349
v 0.129848 -0.068506 0.013088
v 0.099190 -0.052586 -0.017912
v 0.124410 -0.057456 -0.003634
v 0.165320 -0.033417 -0.000743
v 0.191134 -0.028984 -0.002979
v 0.198527 -0.035366 -0.038525
v 0.205242 -0.040726 -0.023422
v 0.129342 -0.065072 -0.042051
v 0.067141 -0.090830 -0.058936
v 0.056434 -0.082858 -0.024988
v 0.033710 -0.163536 0.155606
v 0.061923 -0.172961 0.139152
v -0.010928 -0.124002 0.169501
v 0.066865 -0.122405 0.130168
v -0.091480 -0.134331 0.187673
v -0.128659 -0.097305 0.169256
v -0.051806 -0.094950 0.167983
v 0.091655 -0.142100 0.079255
v 0.099534 -0.169204 0.083541
v -0.165798 -0.076292 0.184717
v -0.155183 -0.094893 0.190632
v -0.244569 -0.123214 0.148231
v -0.228055 -0.068915 0.160471
v -0.165645 -0.062874 0.182503
v -0.311866 -0.302593 0.240774
v -0.199451 -0.286150 0.246748
v -0.311618 -0.220791 0.164011
v -0.421663 -0.340082 0.229659
v -0.531106 -0.370280 0.168821
v -0.192014 -0.322074 0.288563
v -0.183635 -0.337326 0.313658
v -0.238527 -0.360468 0.319480
v -0.169312 -0.382284 0.336173
v -0.251086 -0.388056 0.349420
v -0.351964 -0.380695 0.325879
v -0.400106 -0.379908 0.252124
v -0.533429 -0.427449 0.228963
v -0.465414 -0.416983 0.313003
v -0.385243 -0.467362 0.448752
v -0.401843 -0.457988 0.361916
v -0.251374 -0.420099 0.410036
v -0.150119 -0.427728 0.461375
v -0.319988 -0.426724 0.353241
v -0.151195 -0.396415 0.398231
v -0.147014 -0.424937 0.428972
v -0.194068 -0.420150 0.581346
v -0.238165 -0.364124 0.648955
v -0.300072 -0.380694 0.601493
v -0.383038 -0.410955 0.571636
v -0.333015 -0.428723 0.550828
v -0.269699 -0.414533 0.515233
v -0.395595 -0.412230 0.525434
v -0.398698 -0.451472 0.506767
v -0.235172 -0.437488 0.490274
v -0.522258 -0.431415 0.282210
v -0.508853 -0.418146 0.319519
v -0.556464 -0.468333 0.324720
v -0.615197 -0.412951 0.261090
v -0.661194 -0.461714 0.295960
v -0.493155 -0.479047 0.445151
v -0.707578 -0.439301 0.204835
v -0.516954 -0.397449 0.566523
v -0.574456 -0.415476 0.482695
v -0.469529 -0.419315 0.521930
v -0.501636 -0.469539 0.475867
v -0.671997 -0.437933 0.407037
v -0.154860 -0.380863 0.385741
v -0.168617 -0.378113 0.338957
v -0.147313 -0.413415 0.412835
v -0.008823 -0.376871 0.335129
v -0.040311 -0.408843 0.388781
v 0.077958 -0.441801 0.410614
v 0.190387 -0.377568 0.310474
v 0.191737 -0.390208 0.357284
v 0.190834 -0.424392 0.401219
v 0.133719 -0.434485 0.454579
v -0.062662 -0.424848 0.461294
v -0.150074 -0.431859 0.461205
v 0.337712 -0.363646 0.324311
v 0.322795 -0.411325 0.362810
v 0.407260 -0.369558 0.335280
v 0.448512 -0.348762 0.376775
v 0.396787 -0.405401 0.405220
v 0.509436 -0.352864 0.394023
v 0.409377 -0.405638 0.448642
v 0.504082 -0.366794 0.444150
v 0.253053 -0.436627 0.448221
v 0.099473 -0.332605 0.272622
v 0.316660 -0.335877 0.259739
v 0.408278 -0.296020 0.258421
v -0.190695 -0.325290 0.295875
v -0.199287 -0.288610 0.249534
v -0.114280 -0.290885 0.288288
v -0.006132 -0.276929 0.269070
v -0.078671 -0.344252 0.292253
v 0.081803 -0.296286 0.251330
v -0.717270 -0.380255 0.133368
v -0.642068 -0.386282 0.188582
v -0.047178 -0.254811 0.197930
v 0.040892 -0.272908 0.220288
v -0.119545 -0.272661 0.248061
v 0.079647 -0.282998 0.242322
v 0.148944 -0.255220 0.177510
v 0.038215 -0.238487 0.196079
v -0.038277 -0.202033 0.174578
v 0.056850 -0.217252 0.190783
v 0.134215 -0.275359 0.209389
v 0.263190 -0.258446 0.214029
v 0.161635 -0.211157 0.146455
v 0.230599 -0.213486 0.145918
v 0.299004 -0.233659 0.177345
v 0.315224 -0.202315 0.154201
v -0.187445 -0.244123 0.210683
v -0.131004 -0.237964 0.209268
v -0.166850 -0.174837 0.190521
v -0.060577 -0.156157 0.173648
v 0.045100 -0.119957 0.183608
v 0.033324 -0.155426 0.192009
v 0.136568 -0.158148 0.138253
v 0.070672 -0.169160 0.179868
v -0.171221 -0.145778 0.193406
v -0.168221 -0.118656 0.197144
v -0.238408 -0.210258 0.190614
v -0.167150 -0.175083 0.191608
v -0.174986 -0.199582 0.192308
v -0.204355 -0.134983 0.189820
v -0.170785 -0.134432 0.194772
v -0.204830 -0.081182 0.120726
v -0.224997 -0.081638 0.067029
v -0.165372 -0.094313 0.152291
v -0.233159 -0.067151 0.042078
v -0.245184 -0.066995 -0.001711
v -0.234710 -0.068367 0.011529
v -0.223315 -0.070549 -0.003419
v -0.220792 -0.076706 0.131168
v -0.230518 -0.058124 0.099516
v -0.239081 -0.059327 0.112016
v -0.269020 -0.092852 0.090063
v -0.255852 -0.089594 0.082916
v -0.269416 -0.101569 0.053823
v -0.211183 -0.095545 -0.076490
v -0.224517 -0.106070 -0.042616
v -0.241850 -0.089353 -0.046471
v -0.240106 -0.091478 -0.012582
v -0.234710 -0.068367 -0.018366
v -0.232387 -0.065986 -0.050454
v -0.224961 -0.081558 -0.073330
v -0.202783 -0.105091 -0.103595
v -0.210067 -0.099944 -0.003644
v -0.141425 -0.090936 -0.176533
v -0.136768 -0.114251 -0.178765
v -0.168666 -0.126066 -0.159406
v -0.170068 -0.087297 -0.160278
v -0.043002 -0.119672 -0.184565
v -0.136768 -0.114251 -0.178765
v -0.202744 -0.131336 -0.081827
v -0.181570 -0.145239 -0.137794
v -0.202877 -0.157924 -0.073136
v -0.163917 -0.123448 -0.161469
v -0.130043 -0.143008 -0.195044
v -0.150463 -0.159280 -0.186295
v -0.166359 -0.153266 -0.156847
v -0.184767 -0.144618 -0.140784
v -0.162594 -0.167481 -0.181224
v -0.178117 -0.172944 -0.151001
v -0.084398 -0.191227 -0.191016
v -0.085538 -0.167127 -0.181966
v -0.023551 -0.203551 -0.175315
v 0.033729 -0.163506 -0.162439
v 0.062797 -0.173064 -0.145417
v -0.239965 -0.143501 -0.037799
v -0.226936 -0.149808 -0.010874
v -0.211478 -0.122866 -0.003419
v -0.224018 -0.106343 0.035629
v -0.225074 -0.152156 0.002841
v -0.238338 -0.144193 0.038114
v -0.203221 -0.105548 0.095827
v -0.199274 -0.127901 0.079989
v -0.211070 -0.095382 0.069782
v -0.217924 -0.160394 -0.003392
v -0.222508 -0.167300 0.036845
v -0.207341 -0.169590 0.071650
v -0.202303 -0.157128 0.067700
v -0.211216 -0.172876 -0.074561
v -0.222017 -0.167893 -0.043380
v -0.241850 -0.089353 0.039634
v -0.240515 -0.090561 0.005772
v -0.216225 -0.106973 0.011647
v -0.178599 -0.109619 0.134711
v -0.150823 -0.082439 -0.178206
v -0.212998 -0.078253 -0.115591
v -0.225215 -0.075669 -0.143734
v -0.236323 -0.057070 -0.121363
v -0.303042 -0.091386 0.061846
v -0.324595 -0.081792 0.013552
v -0.335472 -0.030246 -0.003613
v -0.344216 -0.051521 -0.003295
v -0.340196 -0.066848 -0.028570
v -0.324161 -0.037163 -0.064729
v -0.289402 -0.081803 -0.092154
v -0.310628 -0.087965 -0.057873
v -0.257856 -0.090615 -0.097826
v -0.291996 -0.100118 -0.065203
v -0.258386 -0.048661 -0.128629
v -0.323953 -0.086677 -0.014768
v -0.335999 -0.074371 -0.055275
v -0.305529 -0.101728 0.006009
v -0.269084 -0.100534 -0.067149
v -0.563664 -0.080197 -0.003599
v -0.679191 -0.071013 -0.002335
v 0.676258 -0.097624 -0.126324
v 0.594754 -0.101454 -0.143811
v 0.584149 -0.096186 -0.194373
v 0.440003 -0.077308 -0.158066
v 0.444036 -0.061454 -0.225276
v 0.548189 -0.073228 -0.217373
v 0.540389 -0.087111 -0.260256
v 0.649757 -0.082761 -0.213568
v 0.740289 -0.099122 -0.123061
v 0.721719 -0.075203 -0.078340
v 0.753725 -0.107221 -0.173221
v 0.720688 -0.082729 -0.230352
v 0.768347 -0.087495 -0.219679
v 0.837457 -0.065548 -0.106759
v 0.845410 -0.068302 -0.148550
v 0.831623 -0.055869 -0.188033
v 0.808553 -0.050746 -0.074611
v 0.766469 -0.058254 -0.033724
v 0.832335 -0.058823 -0.241047
v 0.754200 -0.065452 -0.295239
v 0.701497 -0.086073 -0.255664
v 0.664029 -0.058145 -0.316319
v 0.622632 -0.031174 -0.397517
v 0.791943 -0.028510 -0.326762
v 0.749249 -0.003732 -0.376926
v 0.893380 0.134220 -0.332744
v 0.895152 0.177699 -0.363433
v 0.885105 0.070947 -0.341373
v 0.951552 0.137283 -0.273542
v 0.879621 0.031104 -0.302838
v 0.942401 0.083937 -0.231858
v 0.962644 0.138158 -0.148362
v 0.959702 0.062282 -0.160506
v 0.894526 -0.008003 -0.232002
v 0.928388 0.004574 -0.147280
v 0.835582 -0.065508 -0.239264
v 0.831623 -0.055869 -0.188033
v 0.800472 -0.034109 -0.315817
v 0.818921 -0.001430 -0.340242
v 0.754914 -0.006535 -0.369946
v 0.660815 0.222760 -0.573220
v 0.633055 0.273353 -0.617789
v 0.674237 0.260621 -0.539122
v 0.626123 0.346889 -0.615870
v 0.666130 0.356151 -0.549968
v 0.755922 0.249934 -0.481793
v 0.756279 0.307007 -0.501406
v 0.739133 0.173326 -0.482660
v 0.595706 0.426253 -0.584831
v 0.651339 0.456818 -0.563670
v 0.758644 0.366156 -0.475716
v 0.851818 0.277348 -0.404396
v 0.743932 0.473942 -0.442916
v 0.857024 0.444233 -0.313363
v 0.822780 0.177529 -0.449612
v 0.460951 0.268648 -0.735282
v 0.390976 0.264688 -0.732112
v 0.459060 0.338542 -0.736612
v 0.497005 0.265932 -0.669808
v 0.537779 0.303835 -0.667644
v 0.381760 0.380650 -0.722211
v 0.451573 0.412324 -0.719181
v 0.339782 0.437795 -0.730763
v 0.551535 0.370700 -0.646302
v 0.512978 0.424227 -0.656436
v 0.568223 0.230718 -0.668536
v 0.599162 0.081905 -0.588515
v 0.564751 0.052333 -0.574748
v 0.515422 0.070771 -0.605593
v 0.572844 0.121667 -0.604810
v 0.468894 0.082146 -0.635385
v 0.570983 0.154529 -0.643824
v 0.468242 0.172673 -0.685734
v 0.419904 0.095342 -0.645316
v 0.385400 0.087848 -0.683412
v 0.389470 0.138442 -0.716080
v 0.430131 0.199165 -0.727451
v 0.515387 0.017615 -0.503495
v 0.409086 0.015237 -0.559108
v 0.459881 0.039836 -0.596653
v 0.386011 0.048910 -0.609924
v 0.424317 0.095457 -0.642154
v 0.381731 0.087407 -0.687169
v 0.479400 0.078707 -0.632460
v 0.591288 0.052466 -0.543525
v 0.543560 0.002219 -0.435497
v 0.634210 -0.016335 -0.438430
v 0.643049 0.041398 -0.487331
v 0.529277 -0.021850 -0.383061
v 0.431182 0.001706 -0.496614
v 0.469826 -0.031023 -0.385812
v 0.451307 -0.014081 -0.460262
v 0.446624 -0.034620 -0.392700
v 0.448879 -0.039988 -0.395566
v 0.415405 -0.007695 -0.516475
v 0.389712 0.012955 -0.574272
v 0.408906 0.014305 -0.560069
v 0.455529 -0.015689 -0.439353
v 0.469826 -0.031023 -0.385812
v 0.500569 -0.057291 -0.295380
v 0.443408 -0.053580 -0.320580
v 0.446776 -0.034489 -0.392597
v 0.460951 -0.041755 -0.395587
v 0.646992 0.036874 -0.489738
v 0.762741 0.046533 -0.440914
v 0.693194 0.070523 -0.485165
v 0.682690 0.141292 -0.545646
v 0.317135 0.103274 -0.692404
v 0.328411 0.141068 -0.696456
v 0.268115 0.099202 -0.731033
v 0.331720 0.197195 -0.736960
v 0.288026 0.189918 -0.756150
v 0.231643 0.156515 -0.751446
v 0.203366 0.106962 -0.754247
v 0.191746 0.206625 -0.799588
v 0.235000 0.232680 -0.773616
v 0.275868 0.293720 -0.756965
v 0.334595 0.271792 -0.756469
v -0.008506 0.069408 -0.773600
v -0.050515 0.126580 -0.804395
v 0.099649 0.110862 -0.775891
v 0.099918 0.067318 -0.724784
v 0.177683 0.107044 -0.762496
v 0.172365 0.063513 -0.731085
v 0.200033 0.036729 -0.658489
v 0.060538 0.046146 -0.691495
v 0.271657 0.030590 -0.635967
v 0.135257 0.037781 -0.690684
v -0.048567 0.047943 -0.726344
v 0.009095 0.054008 -0.697888
v -0.163982 0.202163 -0.787354
v -0.098887 0.272737 -0.812247
v -0.117170 0.185144 -0.794849
v -0.059299 0.228441 -0.776925
v -0.012843 0.210101 -0.813491
v -0.074972 0.175295 -0.786470
v -0.053934 0.128192 -0.795102
v -0.127196 0.137383 -0.769217
v -0.188864 0.128439 -0.795341
v -0.237013 0.097063 -0.737645
v -0.239979 0.122337 -0.765905
v -0.184849 0.129846 -0.792374
v -0.124198 0.137272 -0.768975
v -0.182636 0.077419 -0.756155
v -0.099213 0.087130 -0.768934
v -0.231683 0.067354 -0.738693
v -0.096661 0.043917 -0.735330
v -0.214674 0.038122 -0.753083
v -0.140248 0.036473 -0.713523
v -0.183271 0.005848 -0.768711
v 0.129107 0.263622 -0.799790
v 0.122937 0.203056 -0.798675
v 0.065892 0.202879 -0.799545
v 0.076920 0.263958 -0.769042
v 0.129410 0.111131 -0.769512
v 0.088646 0.146288 -0.796849
v 0.061539 0.113052 -0.785963
v 0.051883 0.048963 -0.690030
v 0.009095 0.054008 -0.697888
v 0.135257 0.037781 -0.690684
v 0.149463 0.019036 -0.662958
v 0.052722 0.023866 -0.715347
v 0.194015 0.037121 -0.661034
v 0.187736 0.024691 -0.652208
v 0.281376 0.032794 -0.630368
v 0.356189 0.021723 -0.595275
v 0.254188 0.101035 -0.736835
v 0.281284 0.068878 -0.669945
v 0.305853 0.106891 -0.696773
v 0.345436 0.039628 -0.641917
v 0.356280 0.022858 -0.594914
v 0.178884 0.325192 -0.783003
v 0.262832 0.381687 -0.748220
v 0.173068 0.426879 -0.759722
v 0.329941 0.363781 -0.761812
v 0.359642 0.476039 -0.713032
v 0.279269 0.480327 -0.684279
v 0.399319 0.524097 -0.639721
v 0.225677 0.486973 -0.730761
v 0.168898 0.543892 -0.707911
v 0.263935 0.546339 -0.682828
v 0.258362 0.619960 -0.663846
v 0.372292 0.533976 -0.620559
v 0.331136 0.591845 -0.619903
v 0.389385 0.630430 -0.593261
v 0.519702 0.461696 -0.603975
v 0.473465 0.445475 -0.629920
v 0.447886 0.486605 -0.627216
v 0.570715 0.506528 -0.542999
v 0.435612 0.469270 -0.680622
v 0.522997 0.558137 -0.601546
v 0.442804 0.621088 -0.600485
v 0.560412 0.559000 -0.550636
v 0.691145 0.483284 -0.467599
v 0.650017 0.547866 -0.468184
v 0.767987 0.582767 -0.341099
v 0.585347 0.577025 -0.444731
v 0.693782 0.608343 -0.385751
v 0.643194 0.625694 -0.359004
v 0.982550 0.208091 -0.199776
v 0.947023 0.222757 -0.249169
v 0.935536 0.315973 -0.253360
v 0.972854 0.292787 -0.156757
v 0.923510 0.391755 -0.294967
v 0.949772 0.370113 -0.153198
v 0.947774 0.443702 -0.152804
v 0.880123 0.519589 -0.277273
v 0.773756 0.588792 -0.288818
v 0.643236 0.686042 -0.317674
v 0.747205 0.610140 -0.223151
v 0.671718 0.663115 -0.270098
v 0.842295 0.595495 -0.215437
v 0.717624 0.687943 -0.225246
v 0.738840 0.687642 -0.160772
v 0.841418 0.551705 -0.163932
v 0.899282 0.523847 -0.219886
v 0.408298 0.712027 -0.455547
v 0.451435 0.730162 -0.397188
v 0.459226 0.681773 -0.439981
v 0.543175 0.700415 -0.418338
v 0.459073 0.666601 -0.506464
v 0.401492 0.689654 -0.525932
v 0.584530 0.661055 -0.425235
v 0.542034 0.610284 -0.526550
v 0.222021 0.734878 -0.484868
v 0.190368 0.773756 -0.357945
v 0.302858 0.776750 -0.404060
v 0.307606 0.730710 -0.482724
v 0.229419 0.691206 -0.533576
v 0.323049 0.680631 -0.523710
v 0.178514 0.719686 -0.556861
v 0.163764 0.675304 -0.621219
v 0.232676 0.669986 -0.610855
v 0.235347 0.790950 -0.351105
v 0.174203 0.813170 -0.287711
v 0.255784 0.841744 -0.280838
v 0.291661 0.830134 -0.200143
v 0.366069 0.793066 -0.286091
v 0.394477 0.817649 -0.237596
v 0.398959 0.806687 -0.190238
v 0.453631 0.746363 -0.270756
v 0.390287 0.746822 -0.327748
v 0.492730 0.750103 -0.327266
v 0.580773 0.721690 -0.298105
v 0.527953 0.752318 -0.214513
v 0.569735 0.774158 -0.175198
v 0.646957 0.720665 -0.215860
v 0.401730 0.847111 -0.060848
v 0.364563 0.813166 0.002844
v 0.516990 0.746991 -0.038686
v 0.560282 0.720647 -0.022885
v 0.410686 0.799674 -0.119771
v 0.538792 0.781396 -0.114867
v 0.663253 0.738985 -0.050155
v 0.729278 0.661165 -0.014020
v 0.604124 0.755774 -0.111109
v 0.710065 0.687074 -0.107072
v 0.638457 0.699032 -0.130838
v 0.316104 0.868987 -0.130069
v 0.238520 0.856387 -0.109019
v 0.259695 0.871096 -0.042382
v 0.244012 0.846593 -0.013662
v 0.035291 0.831671 -0.328534
v 0.090708 0.840068 -0.303762
v 0.080663 0.813893 -0.387249
v 0.124175 0.808469 -0.380031
v 0.024827 0.727112 -0.460828
v 0.034423 0.586112 -0.693139
v -0.024471 0.605937 -0.682890
v 0.007286 0.684246 -0.583632
v 0.063652 0.635898 -0.578098
v 0.064615 0.731004 -0.493250
v 0.100647 0.587272 -0.645407
v 0.042857 0.466600 -0.761550
v -0.005029 0.462234 -0.755817
v 0.121729 0.509486 -0.711190
v 0.118599 0.434010 -0.738335
v -0.030504 0.419146 -0.758858
v -0.146455 0.587990 -0.668874
v -0.164981 0.630123 -0.597148
v -0.095745 0.598112 -0.622817
v -0.123859 0.674231 -0.499797
v -0.057760 0.715550 -0.541336
v -0.201619 0.705334 -0.501070
v -0.068799 0.535452 -0.698430
v -0.093014 0.486782 -0.746712
v -0.096787 0.395798 -0.781585
v -0.193929 0.538712 -0.694298
v -0.136659 0.436414 -0.760619
v -0.184161 0.461230 -0.719879
v 0.095151 0.335401 -0.758019
v 0.038527 0.339077 -0.797202
v -0.012371 0.301879 -0.799839
v 0.852071 -0.012627 -0.024539
v 0.765578 -0.054867 -0.036375
v 0.808553 -0.050746 -0.074611
v 0.837521 -0.062678 -0.112325
v 0.904668 0.018492 -0.041026
v 0.924544 0.005873 -0.087885
v 0.962474 0.137970 -0.054170
v 0.922377 0.080680 -0.052841
v 0.391990 -0.066146 -0.025596
v 0.296584 -0.037975 -0.007100
v 0.508940 -0.025401 -0.007393
v 0.742413 -0.028806 -0.009959
v 0.714500 0.001242 -0.001007
v 0.463316 -0.056742 -0.117404
v 0.412040 -0.080615 -0.056417
v 0.619454 -0.070213 -0.094074
v 0.337674 -0.046876 -0.122258
v 0.247777 -0.033755 -0.103848
v 0.313019 -0.060682 -0.040577
v 0.253055 -0.032961 -0.047602
v 0.254210 -0.033631 -0.084165
v 0.214429 -0.024954 -0.089291
v 0.253320 -0.035530 -0.084848
v 0.243596 -0.036380 -0.109689
v 0.228166 -0.021429 -0.042569
v 0.253975 -0.030109 -0.041534
v 0.214985 -0.037999 -0.127576
v 0.127427 -0.054976 -0.123388
v 0.157525 -0.038141 -0.132642
v 0.192006 -0.038498 -0.135621
v 0.300630 -0.047695 -0.160901
v 0.233366 -0.035591 -0.118855
v 0.112891 -0.042326 -0.157773
v 0.163865 -0.050419 -0.176782
v 0.419912 -0.067172 -0.252042
v 0.409918 -0.073255 -0.246014
v 0.335107 -0.069979 -0.218598
v 0.242530 -0.063414 -0.199079
v 0.199134 -0.074081 -0.161717
v 0.253524 -0.030228 -0.041446
v 0.227852 -0.022511 -0.041939
v 0.250003 -0.025149 -0.005345
v 0.261203 -0.033063 -0.003541
v 0.262662 -0.032507 0.005838
v 0.727200 -0.015540 -0.000098
v 0.746941 -0.031784 0.001978
v 0.636284 -0.071343 0.010952
v 0.748504 -0.033747 0.007924
v 0.760627 -0.049357 0.034248
v 0.727200 -0.015540 -0.000098
v 0.891825 0.067840 0.010663
v 0.893943 0.016738 0.042684
v 0.714135 0.001410 -0.006439
v 0.782862 0.035709 -0.003430
v 0.843389 0.082146 -0.006172
v 0.911824 0.172978 -0.007413
v 0.963100 0.144714 0.019929
v 0.917390 0.410895 0.015081
v 0.910386 0.298133 0.007083
v 0.877505 0.367266 -0.004731
v 0.953492 0.219873 0.003952
v 0.885076 0.237046 -0.003709
v 0.817938 0.492317 -0.003110
v 0.723461 0.676426 0.119285
v 0.705528 0.655121 0.163165
v 0.787106 0.630562 0.169954
v 0.860714 0.572891 0.154616
v 0.740539 0.685247 0.044935
v 0.855141 0.571522 0.063436
v 0.682873 0.727655 0.093142
v 0.898224 0.525807 0.158958
v 0.926629 0.432913 0.140369
v 0.935728 0.446428 0.070345
v 0.844632 0.510152 0.029929
v 0.801942 0.595229 0.020986
v 0.766670 0.551951 -0.002182
v 0.666503 0.637303 -0.004460
v 0.582851 0.666342 -0.003451
v 0.980893 0.229785 0.050848
v 0.974708 0.289409 0.050791
v 0.980037 0.131123 0.083458
v 0.948122 0.351131 0.075259
v 0.972825 0.283224 0.133506
v 0.975696 0.362598 0.124401
v 0.970002 0.350495 0.201264
v 0.966750 0.131744 0.126271
v 0.999324 0.202241 0.134663
v 0.977286 0.128997 0.211380
v 0.911685 0.173484 -0.007864
v 0.918725 0.212591 -0.021239
v 0.936034 0.285159 -0.018389
v 0.885519 0.235684 -0.001275
v 0.878950 0.366721 -0.004125
v 0.911391 0.460535 -0.042472
v 0.838462 0.080718 -0.003448
v 0.782698 0.035669 -0.004263
v 0.714059 0.003465 -0.004613
v 0.727336 -0.012697 -0.008156
v 0.745016 -0.027377 -0.017232
v 0.978866 0.202162 -0.093949
v 0.962461 0.241891 -0.082319
v 0.917310 0.478814 -0.110461
v 0.960099 0.295509 -0.053311
v -0.042709 -0.302914 -0.170461
v -0.100681 -0.364843 -0.172285
v -0.095901 -0.397378 -0.167129
v -0.146690 -0.411709 -0.161384
v -0.167769 -0.393612 -0.194958
v -0.101375 -0.225914 -0.201673
v -0.103144 -0.272857 -0.210105
v -0.124663 -0.307062 -0.218198
v -0.134894 -0.264896 -0.222851
v -0.231012 -0.352622 -0.208028
v -0.192547 -0.330186 -0.214701
v -0.172333 -0.363233 -0.210534
v -0.160269 -0.317669 -0.221594
v -0.221219 -0.286743 -0.228287
v -0.131101 -0.355170 -0.204793
v -0.206388 -0.387452 -0.180677
v -0.186032 -0.399022 -0.185880
v -0.237533 -0.364618 -0.182763
v -0.204522 -0.289400 -0.141740
v -0.240919 -0.361722 -0.195962
v -0.241705 -0.329418 -0.227024
v -0.179991 -0.271212 -0.227541
v -0.176718 -0.223414 -0.217537
v -0.274532 -0.259962 -0.215074
v -0.131353 -0.178179 -0.187089
v -0.225620 -0.213279 -0.178485
v -0.257737 -0.233704 -0.167153
v -0.198998 -0.195555 -0.172994
v -0.266090 -0.284669 -0.225766
v -0.254396 -0.358705 -0.176217
v -0.278112 -0.331122 -0.149894
v -0.300060 -0.251602 -0.164958
v -0.294712 -0.250462 -0.183382
v -0.281659 -0.240063 -0.177483
v -0.293463 -0.291872 -0.133268
v -0.297684 -0.267204 -0.114540
v -0.244856 -0.257754 -0.118421
v -0.267566 -0.252517 -0.103089
v -0.243570 -0.300348 -0.137247
v -0.206842 -0.242693 -0.119678
v -0.297411 -0.267052 -0.114698
v -0.302262 -0.255561 -0.110199
v -0.300752 -0.257063 -0.114167
v -0.299569 -0.264248 -0.128712
v -0.300326 -0.257114 -0.114033
v -0.302163 -0.258365 -0.128657
v -0.282298 -0.237829 -0.120913
v -0.267499 -0.252458 -0.102861
v -0.299022 -0.264185 -0.128778
v -0.207481 -0.321507 -0.136848
v -0.224781 -0.398269 -0.152481
v -0.211916 -0.351093 -0.165174
v -0.078259 -0.343850 -0.174149
v -0.171237 -0.411771 -0.174093
v -0.165484 -0.408130 -0.180691
v -0.218847 -0.417841 -0.178498
v -0.213962 -0.409886 -0.171914
v -0.232120 -0.425727 -0.172090
v -0.241034 -0.416159 -0.166941
v -0.246588 -0.436057 -0.151289
v -0.199993 -0.423718 -0.172175
v -0.231971 -0.412911 -0.160020
v -0.152394 -0.451718 -0.153457
v -0.193867 -0.462890 -0.147213
v -0.283163 -0.456932 -0.069166
v -0.267046 -0.450244 -0.099037
v -0.263248 -0.482667 -0.121030
v -0.289178 -0.469095 -0.047387
v -0.296679 -0.486980 -0.001057
v -0.278416 -0.444544 -0.071874
v -0.289775 -0.478163 -0.000500
v -0.286087 -0.489728 0.001600
v -0.285856 -0.459370 0.056020
v -0.253504 -0.535558 -0.122141
v -0.291987 -0.623490 -0.111570
v -0.301121 -0.573972 -0.088107
v -0.315380 -0.595364 -0.057155
v -0.328028 -0.591479 -0.032150
v -0.414669 -0.770168 -0.066183
v -0.398025 -0.791471 -0.101292
v -0.386650 -0.828809 -0.111126
v -0.420796 -0.748696 -0.026192
v -0.318484 -0.585743 -0.003454
v -0.428060 -0.784871 -0.001844
v -0.288468 -0.509891 -0.003263
v -0.403143 -0.815709 -0.095791
v -0.348947 -0.812280 -0.114565
v -0.362848 -0.864363 -0.094356
v -0.320829 -0.850622 -0.092508
v -0.288962 -0.730238 -0.096173
v -0.227812 -0.572967 -0.121967
v -0.146249 -0.539754 -0.102535
v -0.206798 -0.570549 -0.108310
v -0.122210 -0.513022 -0.075635
v -0.249662 -0.743139 -0.053191
v -0.128669 -0.497062 -0.106361
v -0.103339 -0.503553 -0.060626
v -0.014686 -0.417582 -0.133703
v -0.055164 -0.472533 -0.117986
v 0.001786 -0.350967 -0.148027
v 0.042371 -0.363633 -0.109136
v -0.035882 -0.244994 -0.172038
v 0.068056 -0.243440 -0.139104
v 0.038916 -0.315412 -0.135794
v 0.015137 -0.429466 -0.084562
v -0.024229 -0.478487 -0.078163
v 0.096601 -0.248305 -0.081062
v 0.044167 -0.382745 -0.067646
v -0.077882 -0.500812 -0.073925
v -0.249439 -0.426930 -0.135605
v -0.271670 -0.444010 -0.070320
v -0.276981 -0.442437 0.068731
v -0.250104 -0.433322 0.140639
v -0.227867 -0.423200 0.167854
v -0.239981 -0.416128 0.161839
v -0.250265 -0.433802 0.140488
v -0.238887 -0.427222 0.159696
v -0.238552 -0.467868 0.133798
v -0.228532 -0.424450 0.167051
v -0.256873 -0.531213 0.118107
v -0.233287 -0.585286 0.112904
v -0.188698 -0.468327 0.137177
v -0.300021 -0.635750 0.102748
v -0.197761 -0.551291 0.105123
v -0.139284 -0.522974 0.098451
v -0.239208 -0.467931 0.134587
v -0.254738 -0.441740 0.120186
v -0.283437 -0.528124 0.081728
v -0.324583 -0.583827 0.025143
v -0.311025 -0.587474 0.055179
v -0.299380 -0.635473 0.103670
v -0.248050 -0.439019 0.138510
v -0.132401 -0.496739 0.099140
v -0.189762 -0.420509 0.166125
v -0.134156 -0.408700 0.152891
v -0.100016 -0.400015 0.159451
v -0.219394 -0.414348 0.169712
v -0.191165 -0.406657 0.168149
v -0.157042 -0.404598 0.176898
v -0.213388 -0.411369 0.166927
v -0.231334 -0.412392 0.157073
v -0.203228 -0.403550 0.170239
v -0.248056 -0.425726 0.133799
v -0.226024 -0.401758 0.145014
v -0.269751 -0.442351 0.066971
v -0.278541 -0.477416 -0.000506
v -0.253068 -0.403847 0.055376
v -0.276161 -0.423420 0.053314
v -0.225796 -0.348264 0.075265
v -0.213593 -0.352567 0.116964
v -0.195295 -0.281851 0.057525
v -0.174188 -0.261280 0.084277
v -0.203613 -0.311198 0.125830
v -0.191594 -0.233022 0.046554
v -0.208235 -0.247457 0.016393
v -0.198085 -0.253312 -0.003034
v -0.224235 -0.331378 -0.004295
v -0.230468 -0.292549 0.032646
v -0.238748 -0.345191 0.028439
v -0.201892 -0.199869 0.000291
v -0.200562 -0.210755 0.040664
v -0.270124 -0.460513 -0.004152
v -0.276350 -0.427433 0.025078
v -0.246180 -0.407944 -0.002449
v -0.258690 -0.370723 0.035070
v -0.277998 -0.422762 -0.045747
v -0.257920 -0.365601 -0.034102
v -0.231169 -0.341693 -0.050257
v -0.254172 -0.413811 -0.025255
v -0.208496 -0.341922 -0.118729
v -0.223945 -0.349398 -0.098899
v -0.173945 -0.256980 -0.089408
v -0.184010 -0.256278 -0.064579
v -0.194829 -0.220866 -0.052764
v -0.205120 -0.238616 -0.021613
v -0.205124 -0.204384 -0.033852
v -0.187620 -0.236211 -0.092049
v -0.247045 -0.236823 -0.085980
v -0.225500 -0.196284 0.008647
v -0.228806 -0.201206 -0.027026
v -0.235388 -0.212204 0.042960
v -0.247634 -0.237499 0.079634
v -0.212724 -0.241128 0.107926
v -0.203049 -0.249053 0.116210
v -0.205047 -0.290896 0.135523
v -0.183930 -0.235540 0.079718
v -0.267588 -0.252555 0.096236
v -0.273670 -0.245066 0.092991
v -0.267916 -0.252589 0.096379
v -0.302030 -0.259736 0.105363
v -0.298048 -0.267380 0.108055
v -0.297752 -0.267182 0.107808
v -0.296788 -0.282089 0.122453
v -0.263145 -0.215695 0.103987
v -0.247434 -0.217580 0.071853
v -0.302237 -0.254642 0.108148
v -0.280677 -0.244059 0.126653
v -0.264669 -0.249226 0.140445
v -0.220364 -0.220626 0.145789
v -0.225829 -0.180132 0.117997
v -0.242549 -0.229146 0.068475
v -0.253195 -0.241436 0.085802
v -0.278328 -0.326960 0.139127
v -0.283480 -0.317565 0.143810
v -0.259339 -0.346402 0.159160
v -0.235578 -0.212029 -0.050308
v -0.247100 -0.236066 -0.086082
v -0.225787 -0.195698 -0.009142
v -0.235996 -0.190587 -0.117745
v -0.264268 -0.246871 -0.143262
v -0.231277 -0.197228 -0.137092
v -0.235171 -0.199207 -0.079055
v -0.226065 -0.227385 -0.150745
v -0.257490 -0.234345 -0.167444
v -0.194853 -0.191526 -0.169458
v -0.212017 -0.200667 -0.177230
v -0.231030 -0.217567 -0.176014
v -0.196362 -0.152646 -0.109493
v -0.178988 -0.179391 -0.154410
v -0.269743 -0.241393 -0.098918
v -0.230068 -0.201662 0.023868
v -0.229536 -0.291618 -0.039138
v -0.247169 -0.397187 -0.076193
v 0.453806 -0.039480 0.388870
v 0.446093 -0.035171 0.385895
v 0.418827 -0.009090 0.502744
v 0.470931 -0.027414 0.379250
v 0.440749 -0.005642 0.480515
v 0.406832 0.015452 0.550760
v 0.480193 -0.032774 0.455358
v 0.527720 -0.050008 0.394043
v 0.456273 -0.001742 0.518298
v 0.555293 -0.050040 0.468491
v 0.458723 0.000306 0.547997
v 0.390935 0.013228 0.570764
v 0.325244 0.013277 0.583909
v 0.531815 -0.026006 0.499192
v 0.285998 0.031388 0.619332
v 0.343452 0.026277 0.589303
v 0.135857 0.038921 0.683939
v 0.163964 0.023133 0.670474
v -0.015704 0.053651 0.695695
v 0.068618 0.037071 0.698899
v 0.264401 0.019871 0.627484
v -0.095526 0.051985 0.732093
v -0.019220 0.044875 0.723308
v -0.140069 0.042529 0.730027
v -0.184787 0.007213 0.768263
v 0.039333 0.006657 0.753710
v 0.123279 0.008516 0.693259
v 0.162055 -0.034859 0.723472
v -0.130476 -0.108303 0.721719
v -0.108540 -0.160689 0.741682
v -0.046050 -0.122910 0.724701
v 0.069116 -0.189090 0.723652
v -0.071906 -0.084563 0.765398
v 0.040395 -0.128135 0.707710
v 0.157969 -0.154249 0.717730
v 0.040740 -0.091747 0.734468
v 0.117676 -0.101191 0.698607
v -0.098810 -0.036979 0.781781
v 0.071450 -0.050104 0.751091
v -0.184970 -0.083753 0.744597
v 0.186457 -0.226371 0.689569
v -0.009923 -0.222394 0.699636
v -0.032945 -0.277713 0.707633
v 0.176223 -0.301927 0.682579
v -0.102179 -0.229210 0.713896
v -0.137769 -0.188589 0.735582
v -0.093919 -0.328432 0.677338
v -0.200440 -0.252050 0.698384
v -0.122542 -0.383308 0.644067
v -0.035608 -0.412245 0.593349
v 0.108894 -0.363853 0.665634
v 0.080855 -0.379203 0.608319
v 0.254500 -0.232701 0.692969
v 0.395105 -0.147376 0.643862
v 0.180759 -0.087587 0.691709
v 0.464091 -0.221923 0.607219
v 0.463312 -0.147379 0.578803
v 0.281281 -0.087244 0.651053
v 0.401120 -0.099954 0.626582
v 0.471627 -0.099442 0.575093
v 0.529549 -0.220094 0.573733
v 0.435339 -0.299144 0.582322
v 0.494414 -0.288328 0.540780
v 0.553687 -0.250305 0.487142
v 0.457603 -0.370888 0.546336
v 0.404462 -0.400975 0.542240
v 0.417529 -0.394847 0.493216
v 0.510396 -0.329224 0.466140
v 0.507429 -0.352486 0.443635
v 0.466184 -0.388857 0.443826
v 0.549899 -0.256822 0.440823
v 0.328103 -0.254220 0.629048
v 0.275370 -0.366311 0.631774
v 0.210249 -0.399092 0.581509
v 0.298376 -0.396488 0.592708
v 0.310796 -0.402810 0.525980
v 0.079527 -0.423249 0.581032
v 0.228523 -0.441232 0.518251
v 0.322932 -0.410736 0.446544
v 0.079926 -0.426479 0.518578
v 0.237897 -0.435030 0.448272
v 0.407786 -0.411997 0.446720
v 0.461459 -0.283296 0.296908
v 0.476485 -0.244029 0.321709
v 0.533718 -0.288404 0.354371
v 0.547251 -0.223733 0.337680
v 0.544665 -0.252472 0.375885
v 0.545737 -0.260774 0.440879
v 0.543877 -0.151051 0.571171
v 0.573352 -0.177992 0.525008
v 0.589087 -0.207315 0.442680
v 0.581670 -0.162534 0.470367
v 0.599620 -0.151004 0.432491
v 0.590438 -0.210696 0.442198
v 0.575249 -0.180115 0.349002
v 0.529441 -0.190420 0.306065
v 0.541540 -0.159689 0.303060
v 0.596806 -0.174649 0.438422
v 0.365689 -0.078002 0.609813
v 0.485088 -0.076230 0.582231
v 0.387289 -0.065744 0.590021
v 0.311597 -0.039983 0.654352
v 0.505391 -0.043615 0.575741
v 0.359138 -0.021336 0.623536
v 0.215906 -0.013751 0.706685
v 0.224134 0.016343 0.652748
v 0.400913 0.004152 0.586294
v 0.594408 -0.090354 0.411477
v 0.581973 -0.066337 0.403789
v 0.552402 -0.052121 0.522175
v 0.596380 -0.116475 0.458626
v 0.547325 -0.086898 0.548871
v -0.326484 -0.136281 0.709632
v -0.372840 -0.237708 0.702158
v -0.309964 -0.296112 0.687565
v -0.254575 -0.201670 0.724874
v -0.279235 -0.113838 0.746855
v -0.223462 -0.053959 0.724541
v -0.386220 -0.134679 0.682785
v -0.448134 -0.208499 0.661684
v -0.403761 -0.083163 0.713604
v -0.441812 -0.129367 0.666515
v -0.472253 -0.129068 0.681152
v -0.468724 -0.324252 0.620439
v -0.402430 -0.026528 0.721403
v -0.473076 -0.023105 0.733151
v -0.504491 -0.106006 0.644825
v -0.536318 -0.237378 0.650977
v -0.553040 -0.144643 0.643284
v -0.575769 -0.198849 0.585421
v -0.666955 -0.173344 0.604614
v -0.583921 -0.362820 0.540818
v -0.409691 0.058363 0.744778
v -0.501820 0.028774 0.717221
v -0.454065 0.105504 0.716919
v -0.561497 0.005354 0.697963
v -0.488979 0.120365 0.718846
v -0.600798 -0.009677 0.664947
v -0.578170 0.066742 0.660362
v -0.659797 0.042301 0.619409
v -0.646487 -0.301481 0.544073
v -0.623312 -0.378065 0.469664
v -0.674744 -0.256695 0.529653
v -0.729262 -0.204432 0.506176
v -0.764379 -0.215378 0.443976
v -0.827116 -0.016701 0.485132
v -0.778094 -0.120648 0.448381
v -0.763639 0.004391 0.559943
v -0.737172 -0.106760 0.542448
v -0.380133 0.098023 0.731619
v -0.344901 0.119706 0.775023
v -0.337707 0.192145 0.792390
v -0.286521 0.101982 0.774478
v -0.265454 0.149177 0.771685
v -0.238879 0.123368 0.757976
v -0.235667 0.203432 0.800651
v -0.230879 0.242361 0.808460
v -0.318014 0.262348 0.781089
v -0.375758 0.190783 0.746679
v -0.298770 -0.018902 0.758122
v -0.291128 0.040124 0.770153
v -0.214637 0.039625 0.751069
v -0.235458 0.073736 0.734623
v -0.181883 0.130397 0.786442
v -0.108792 0.135726 0.770545
v -0.121903 0.170482 0.786704
v -0.162859 0.197213 0.775848
v -0.068681 0.174868 0.777733
v -0.009342 0.120843 0.792547
v -0.012223 0.169594 0.816016
v -0.108395 0.238115 0.810460
v -0.048331 0.290015 0.785008
v -0.156543 0.300153 0.782842
v -0.045319 0.056354 0.712332
v 0.007576 0.054105 0.688928
v -0.097899 0.064663 0.741916
v -0.099144 0.089069 0.766969
v -0.095398 0.053044 0.729390
v 0.033973 0.115644 0.790746
v -0.108316 0.137267 0.765499
v -0.182350 0.077174 0.749137
v -0.183856 0.129783 0.786438
v -0.238718 0.094611 0.740108
v -0.238879 0.123368 0.757976
v -0.232423 0.065734 0.735091
v -0.135077 0.046471 0.725091
v -0.214637 0.039625 0.751069
v -0.184686 0.006857 0.767753
v -0.423288 -0.379139 0.574281
v -0.366596 -0.370443 0.613869
v -0.347668 -0.313513 0.637238
v -0.413460 -0.346922 0.634798
v 0.135960 0.038154 0.684430
v 0.266777 0.031935 0.627792
v 0.211337 0.053541 0.713504
v 0.088511 0.070573 0.754479
v 0.254250 0.108337 0.715650
v 0.155542 0.109730 0.766712
v 0.065917 0.052261 0.683064
v 0.172743 0.110745 0.754232
v 0.186830 0.167075 0.751626
v 0.140171 0.174538 0.790557
v 0.084429 0.110415 0.785469
v 0.069105 0.186145 0.788894
v 0.217352 0.214881 0.748028
v 0.132800 0.248345 0.787385
v 0.172003 0.326987 0.759283
v 0.079578 0.239099 0.768904
v 0.040992 0.333441 0.794177
v -0.021822 0.490672 0.763539
v -0.010028 0.308513 0.796675
v 0.084914 0.325785 0.756933
v 0.111912 0.455444 0.728154
v -0.046518 0.383803 0.757289
v -0.094236 0.437470 0.758464
v -0.093578 0.319527 0.809900
v -0.145316 0.438353 0.747396
v -0.183096 0.384115 0.728389
v -0.191063 0.306287 0.777829
v -0.311222 0.346096 0.745657
v -0.346587 0.272071 0.737800
v -0.243127 0.347994 0.768282
v -0.209251 0.408604 0.715599
v -0.203043 0.515553 0.697806
v -0.171820 0.556936 0.652204
v -0.231963 0.559343 0.655153
v -0.276584 0.500791 0.693684
v -0.317638 0.532837 0.662444
v -0.299050 0.431234 0.698195
v -0.168717 0.671050 0.469204
v -0.105289 0.708541 0.486672
v -0.142732 0.638854 0.526172
v -0.175950 0.613728 0.608108
v -0.126729 0.608833 0.612559
v -0.099598 0.547491 0.691752
v -0.050652 0.720080 0.529461
v -0.057127 0.629796 0.652045
v -0.005427 0.645418 0.642239
v -0.002445 0.699397 0.563403
v 0.018156 0.719843 0.471165
v -0.068797 0.466061 0.740723
v -0.268268 0.646859 0.479188
v -0.218166 0.670050 0.494388
v -0.217747 0.590062 0.589404
v 0.040958 0.587596 0.694990
v 0.037305 0.467577 0.761450
v 0.089653 0.513377 0.699355
v 0.079129 0.584892 0.632764
v 0.177981 0.528418 0.702589
v 0.248042 0.559323 0.656724
v 0.231313 0.457216 0.709065
v 0.276469 0.514739 0.642648
v 0.221096 0.393520 0.717501
v 0.283162 0.461535 0.679055
v 0.269867 0.398751 0.734517
v 0.355149 0.452743 0.690698
v 0.407845 0.404957 0.688944
v 0.354472 0.482452 0.625169
v 0.372347 0.561041 0.595933
v 0.129898 0.683163 0.572743
v 0.232302 0.695683 0.544655
v 0.075623 0.675559 0.544729
v 0.177833 0.728555 0.471359
v 0.127368 0.744126 0.488288
v 0.186511 0.763187 0.364551
v 0.132771 0.805295 0.381434
v 0.075899 0.767645 0.467856
v 0.034425 0.663824 0.539949
v 0.046114 0.817408 0.364825
v 0.041886 0.643095 0.618414
v 0.276271 0.648254 0.592217
v 0.287055 0.713835 0.497063
v 0.382150 0.592232 0.562304
v 0.333567 0.648526 0.502900
v 0.347384 0.722328 0.411254
v 0.477022 0.732995 0.333391
v 0.302081 0.796563 0.350157
v 0.233657 0.752070 0.441808
v 0.581621 0.413794 0.617259
v 0.604893 0.486458 0.569392
v 0.487425 0.455839 0.645344
v 0.473734 0.482870 0.640813
v 0.472959 0.404224 0.644736
v 0.509214 0.515620 0.578572
v 0.505246 0.541412 0.524519
v 0.462171 0.537269 0.591716
v 0.413072 0.492343 0.649373
v 0.428278 0.578149 0.592024
v 0.413079 0.440283 0.649519
v 0.338478 0.341163 0.715536
v 0.441886 0.364123 0.702919
v 0.480084 0.356789 0.632868
v 0.386870 0.261666 0.733371
v 0.445105 0.285955 0.706102
v 0.462010 0.245970 0.674641
v 0.559643 0.344139 0.612617
v 0.575310 0.270043 0.649675
v 0.586307 0.231654 0.638034
v 0.594517 0.310966 0.568926
v 0.322363 0.271028 0.710405
v 0.266622 0.314393 0.762630
v 0.271132 0.231382 0.752915
v 0.214756 0.275266 0.727745
v 0.241463 0.164792 0.743275
v 0.308321 0.177711 0.695394
v 0.255501 0.107423 0.719713
v 0.279581 0.114873 0.674785
v 0.369946 0.086332 0.685175
v 0.381533 0.108687 0.699254
v 0.389724 0.176743 0.731692
v 0.369070 0.024303 0.579219
v 0.405481 0.017122 0.550888
v 0.427229 0.023765 0.569388
v 0.404533 0.055745 0.605130
v 0.320534 0.027782 0.599988
v 0.276486 0.055971 0.647548
v 0.349747 0.088609 0.694638
v 0.389710 0.086717 0.673121
v 0.287408 0.084030 0.668089
v 0.282729 0.114496 0.673988
v 0.426338 0.189186 0.674662
v 0.497432 0.191596 0.659523
v 0.478513 0.148994 0.657551
v 0.438034 0.106216 0.610470
v 0.505383 0.151296 0.577566
v 0.495833 0.101161 0.577189
v 0.545136 0.077259 0.571113
v 0.597866 0.177342 0.570709
v 0.708872 -0.001607 0.438536
v 0.764874 -0.010339 0.359156
v 0.772042 0.047803 0.438319
v 0.645758 0.077914 0.502616
v 0.713242 0.115775 0.467021
v 0.878783 0.099787 0.348210
v 0.858912 0.162800 0.395263
v 0.738988 0.208918 0.507167
v 0.674147 0.152592 0.544873
v 0.672151 0.217580 0.524127
v 0.593988 0.058367 0.506612
v 0.958895 0.047719 0.187685
v 0.940209 0.139094 0.303342
v 0.882308 0.014047 0.261215
v 0.918136 -0.011420 0.173988
v 0.861230 0.022267 0.315359
v 0.794370 -0.023579 0.312759
v 0.834932 -0.058111 0.228056
v 0.837378 -0.059749 0.167892
v 0.796546 -0.027521 0.316781
v 0.757501 -0.002920 0.360585
v 0.674919 -0.031462 0.352395
v 0.651606 -0.056347 0.316662
v 0.811165 -0.036464 0.265193
v 0.696706 -0.060296 0.275759
v 0.575015 -0.028193 0.384278
v 0.681027 -0.088110 0.261573
v 0.743829 -0.095949 0.204490
v 0.835042 -0.059852 0.232921
v 0.843379 -0.068344 0.183957
v 0.593988 0.058367 0.506612
v 0.549078 0.075353 0.567200
v 0.539864 0.037932 0.530957
v 0.528106 0.022573 0.495189
v 0.632373 -0.007747 0.407277
v 0.716942 -0.003162 0.425738
v 0.503519 0.019371 0.467270
v 0.521300 0.011509 0.439203
v 0.617116 -0.026419 0.401008
v 0.476696 0.035446 0.570388
v 0.433917 0.080564 0.596103
v 0.494503 0.061675 0.582341
v 0.470360 0.104416 0.594970
v 0.573592 -0.071224 0.355857
v 0.585418 -0.084202 0.363773
v 0.527326 -0.051275 0.394337
v 0.584297 -0.069704 0.404621
v 0.416554 -0.071340 0.236699
v 0.493661 -0.093332 0.256016
v 0.504889 -0.068991 0.309620
v 0.530121 -0.091028 0.307894
v 0.453555 -0.039848 0.388917
v 0.434059 -0.113720 0.204986
v 0.518596 -0.105038 0.273077
v 0.526449 -0.128543 0.298992
v 0.502502 -0.167380 0.214624
v 0.407158 -0.151832 0.191901
v 0.526812 -0.161122 0.255815
v 0.458260 -0.180233 0.198407
v 0.494388 -0.195779 0.227583
v 0.456358 -0.227565 0.254400
v 0.422301 -0.242732 0.238226
v 0.383997 -0.230674 0.229659
v 0.356567 -0.128292 0.156448
v 0.365555 -0.194663 0.174690
v 0.593770 -0.131988 0.363174
v 0.567461 -0.112568 0.324425
v 0.600746 -0.129488 0.425599
v 0.288171 -0.124151 0.140364
v 0.470750 -0.028000 0.379265
v 0.443606 -0.035786 0.385852
v 0.553872 -0.068795 0.291289
v 0.441733 -0.005156 0.472943
v 0.462162 -0.021329 0.414367
v -0.206133 -0.390597 0.172172
v -0.211724 -0.371431 0.166587
v -0.243083 -0.362587 0.181937
v -0.243751 -0.364989 0.182326
v -0.238052 -0.353895 0.199988
v -0.212199 -0.380579 0.176979
v -0.197799 -0.359354 0.205181
v -0.263725 -0.347519 0.160001
v -0.258764 -0.346807 0.158486
v -0.267132 -0.282282 0.218742
v -0.241588 -0.328700 0.220606
v -0.271573 -0.258453 0.206235
v -0.175979 -0.277151 0.221166
v -0.238711 -0.288964 0.222611
v -0.212936 -0.238358 0.212744
v -0.138500 -0.207617 0.205170
v -0.151879 -0.239131 0.207653
v -0.157249 -0.193593 0.183826
v -0.238330 -0.222557 0.169197
v -0.293256 -0.251026 0.179435
v -0.300165 -0.254855 0.159727
v -0.283287 -0.318225 0.144187
v -0.296207 -0.282208 0.123122
v -0.284814 -0.242066 0.159330
v -0.201847 -0.198613 0.174072
v -0.298645 -0.263866 0.135604
v -0.072310 -0.201259 0.179477
v -0.085532 -0.167127 0.175129
v -0.128778 -0.176424 0.178922
v -0.149934 -0.161626 0.179301
v -0.152732 -0.140484 0.179384
v -0.166464 -0.169968 0.171058
v -0.169455 -0.162928 0.148393
v -0.178684 -0.145539 0.139317
v -0.033575 -0.245550 0.165190
v -0.042469 -0.301817 0.164235
v -0.124788 -0.310275 0.208521
v -0.118849 -0.264670 0.212632
v -0.091614 -0.361688 0.162620
v -0.073054 -0.344896 0.164854
v -0.136560 -0.356063 0.200746
v -0.172520 -0.394977 0.188067
v -0.206769 -0.336163 0.206044
v -0.199022 -0.321244 0.217943
v -0.194208 -0.392331 0.182048
v -0.247469 -0.361522 0.174221
v -0.203598 -0.404410 0.170824
v 0.282089 -0.040936 -0.024232
v 0.376369 -0.074426 -0.035625
v 0.459118 -0.083949 -0.047232
v 0.314562 -0.069762 -0.023284
v 0.409366 -0.091707 -0.035685
v 0.477660 -0.102508 -0.037646
v 0.552981 -0.107466 -0.037278
v 0.552532 -0.117361 -0.039250
v 0.438071 -0.097657 -0.037709
v 0.350416 -0.089266 -0.033810
v 0.314506 -0.069785 -0.022690
v 0.310264 -0.081752 -0.029272
v 0.445156 -0.112079 -0.049645
v 0.552014 -0.120124 -0.052085
v 0.552850 -0.107481 -0.037710
v 0.553082 -0.095371 -0.041432
v 0.553271 -0.099977 -0.038022
v 0.552609 -0.116557 -0.039471
v 0.552816 -0.089549 -0.054944
v 0.552886 -0.090362 -0.050196
v 0.552881 -0.091930 -0.060925
v 0.552722 -0.095385 -0.062911
v 0.316721 -0.053387 -0.036171
v 0.432164 -0.092069 -0.065759
v 0.506905 -0.101633 -0.066144
v 0.430576 -0.091904 -0.066839
v 0.422478 -0.102638 -0.061252
v 0.507066 -0.101653 -0.065973
v 0.552917 -0.115058 -0.062943
v 0.552985 -0.104125 -0.065509
v 0.552718 -0.116077 -0.061280
v 0.553043 -0.102150 -0.065541
v 0.552980 -0.104060 -0.065887
v 0.340332 -0.064817 -0.055743
v 0.315551 -0.055112 0.020549
v 0.435357 -0.086849 0.022879
v 0.518606 -0.098967 0.022713
v 0.552258 -0.096528 0.034219
v 0.552605 -0.103427 0.022901
v 0.552726 -0.103350 0.022998
v 0.552376 -0.096505 0.034330
v 0.552477 -0.112187 0.021247
v 0.518576 -0.111830 0.017728
v 0.552122 -0.120439 0.022075
v 0.551315 -0.126224 0.032750
v 0.552369 -0.109981 0.050370
v 0.552008 -0.123470 0.045895
v 0.551648 -0.124166 0.025543
v 0.552538 -0.112121 0.020855
v 0.518652 -0.112191 0.016463
v 0.517760 -0.124626 0.020191
v 0.551418 -0.126215 0.039132
v 0.498871 -0.123261 0.042166
v 0.552249 -0.112115 0.051891
v 0.470959 -0.107475 0.015057
v 0.518537 -0.111872 0.018201
v 0.518546 -0.111864 0.018108
v 0.470798 -0.107443 0.014910
v 0.315795 -0.071164 0.008509
v 0.552138 -0.099158 0.045555
v 0.499364 -0.111147 0.045792
v 0.552168 -0.111889 0.050037
v 0.552078 -0.100509 0.047358
v 0.418578 -0.098752 0.042379
v 0.505155 -0.110929 0.046929
v 0.436204 -0.089355 0.037961
v 0.332056 -0.064661 0.038051
v 0.313735 -0.070895 0.037635
v 0.402565 -0.094928 0.041482
v 0.312334 -0.070419 0.037315
v 0.290764 -0.059735 0.033431
v 0.275829 -0.054329 0.035167
v 0.194982 -0.043755 0.063851
v 0.201905 -0.029285 0.077660
v 0.181683 -0.043791 0.078824
v 0.194937 -0.043920 0.063307
v 0.181864 -0.044071 0.079548
v 0.189691 -0.057625 0.084460
v 0.217161 -0.043141 0.083871
v 0.220012 -0.042606 0.078336
v 0.208104 -0.035148 0.090118
v 0.182708 -0.058534 0.108907
v 0.149006 -0.056787 0.111067
v 0.142262 -0.048473 0.111630
v 0.177910 -0.047818 0.121267
v 0.155976 -0.035796 0.112774
v 0.184311 -0.047001 0.115522
v 0.552029 -0.119982 -0.048685
v -0.280108 -0.004747 -0.779165
v -0.281926 0.036208 -0.792348
v -0.237013 0.097063 -0.737645
v -0.220020 0.041959 -0.747405
v -0.095144 0.038691 -0.738641
v -0.049640 0.038016 -0.717298
v -0.140463 0.036955 -0.713443
v -0.989334 -0.020132 -0.128051
v -0.999465 -0.033417 -0.090514
v -0.952605 -0.131423 -0.110997
v -0.976792 -0.060312 -0.057950
v 0.032375 -0.161682 -0.211213
v 0.019618 -0.131704 -0.193688
v 0.042158 -0.094253 -0.181153
v 0.151242 -0.109993 -0.135463
v 0.312080 -0.121682 -0.140924
v 0.335300 -0.106950 -0.157015
v 0.288134 -0.078305 -0.182052
v -0.146522 -0.083339 -0.176368
v -0.139694 -0.093390 -0.176116
v 0.059001 -0.094240 -0.104962
v 0.785509 0.660185 -0.056157
v 0.841813 0.584150 -0.035771
v 0.885963 0.565862 -0.094038
v 0.659371 0.641268 -0.002486
v 0.758125 0.561575 -0.002638
v 0.820542 0.490896 -0.004618
v 0.458579 -0.069567 -0.281516
v 0.508453 -0.065527 -0.317308
v 0.503426 -0.089552 -0.264337
v 0.829931 -0.052514 0.141765
v 0.749804 -0.093178 0.168085
v 0.763776 -0.103803 0.120661
v 0.838554 -0.066265 0.100787
v 0.814995 -0.057040 0.065097
v 0.944052 0.064836 0.095317
v 0.886081 -0.024142 0.089743
v 0.905043 0.010766 0.131974
v 0.838554 -0.066265 0.100787
v 0.814995 -0.057040 0.065097
v 0.972124 0.208432 0.219723
v 0.976757 0.292194 0.228470
v 0.918247 0.423529 0.210422
v 0.931771 0.299958 0.294156
v 0.911001 0.349837 0.325872
v 0.908086 0.445295 0.332593
v 0.812601 0.420726 0.421191
v 0.905932 0.290558 0.389575
v 0.891896 0.191178 0.383016
v 0.759978 0.609876 0.240018
v 0.857842 0.509139 0.223724
v 0.649363 0.675432 0.308644
v 0.757955 0.622651 0.315734
v 0.634034 0.621419 0.412881
v 0.703489 0.600802 0.400745
v 0.771342 0.524688 0.386654
v 0.843563 0.485688 0.254208
v 0.839857 0.509095 0.321428
v 0.592871 0.582710 0.479089
v 0.647007 0.515763 0.470464
v 0.686674 0.412803 0.523823
v 0.682551 0.458134 0.465206
v 0.523539 0.571123 0.497973
v 0.501333 0.615081 0.513884
v 0.569565 0.632185 0.420590
v 0.586675 0.641909 0.353112
v 0.527372 0.686114 0.381038
v 0.449789 0.666786 0.471456
v 0.484620 0.717433 0.384334
v 0.530599 0.811989 0.169277
v 0.436243 0.826751 0.170698
v 0.442958 0.815503 0.242427
v 0.515578 0.786694 0.231846
v 0.432302 0.772936 0.277130
v 0.520638 0.767431 0.290666
v 0.572085 0.752612 0.184018
v 0.415594 0.767507 0.334511
v 0.596643 0.687678 0.278725
v 0.643419 0.706831 0.221891
v 0.433487 0.819189 0.036302
v 0.498341 0.795292 0.072169
v 0.417175 0.843413 0.088352
v 0.594596 0.792170 0.056730
v 0.576656 0.761306 0.020705
v 0.439967 0.819669 0.131600
v 0.515936 0.821954 0.125608
v 0.336699 0.762828 -0.006035
v 0.357044 0.822583 0.012084
v 0.473481 0.720576 0.006597
v 0.222230 0.778740 -0.001608
v 0.396246 0.723295 -0.002300
v 0.461917 0.748399 -0.013364
v 0.216500 0.810574 -0.004623
v 0.255834 0.774895 -0.004762
v 0.396654 0.722586 -0.003798
v 0.337367 0.761848 -0.005447
v 0.468396 0.720287 -0.002476
v 0.579161 0.667877 -0.003794
v 0.466330 0.721339 -0.002037
v 0.537928 0.720049 0.004816
v 0.336992 0.854710 0.039349
v 0.264328 0.853309 0.116326
v 0.259722 0.876959 0.186692
v 0.313168 0.820076 0.132344
v 0.250419 0.865241 0.249929
v 0.197938 0.814449 0.297565
v 0.316459 0.793924 0.269942
v 0.372447 0.815656 0.236258
v 0.800172 0.307983 0.492323
v 0.784196 0.390023 0.446454
v 0.671134 0.306215 0.531742
v 0.677692 0.363601 0.549054
v 0.224100 -0.025492 -0.029638
v 0.219864 -0.036419 -0.022141
v 0.219043 -0.048724 -0.019900
v 0.205038 -0.041264 -0.023794
v 0.219876 -0.036461 -0.021931
v 0.238561 -0.078587 -0.028915
v 0.246684 -0.076944 0.015830
v 0.232768 -0.102951 0.003906
v 0.229016 -0.099029 -0.022229
v 0.186967 -0.096232 0.001700
v 0.209325 -0.082364 -0.030548
v 0.230037 -0.085003 0.020665
v 0.206368 -0.052713 0.013865
v 0.218550 -0.047259 0.013764
v 0.194443 -0.051267 -0.003888
v 0.205183 -0.052500 -0.022378
v 0.223576 -0.025686 -0.028339
v -0.437693 0.739637 -0.136962
v -0.471058 0.672935 -0.085359
v 0.451972 0.002108 -0.541026
v 0.474089 -0.045917 -0.396312
v 0.103291 -0.179224 -0.085913
v 0.091662 -0.142123 -0.086075
v 0.066923 -0.122425 -0.136954
v 0.056075 -0.327445 -0.016066
v 0.081473 -0.212137 -0.003772
v 0.033649 -0.362095 -0.002648
v 0.092662 -0.219361 0.019637
v 0.095844 -0.246137 0.061261
v 0.039389 -0.393483 0.058982
v -0.020098 -0.445596 -0.002577
v -0.003456 -0.460962 0.051777
v 0.045342 -0.349878 0.110247
v -0.004509 -0.415306 0.122288
v -0.040358 -0.476331 0.098165
v -0.006686 -0.345482 0.145241
v 0.054029 -0.245609 0.138737
v 0.085740 -0.255082 0.100837
v -0.057461 -0.422897 0.138754
v -0.072693 -0.501175 0.060413
v -0.065058 -0.490952 0.019576
v -0.110622 -0.492315 0.023046
v -0.110285 -0.487394 -0.002904
v -0.007523 -0.452184 -0.026996
v -0.066006 -0.490383 -0.024180
v -0.103186 -0.498789 -0.035545
v -0.113114 -0.533361 -0.036261
v -0.134589 -0.510122 -0.004779
v -0.103813 -0.503791 0.053679
v -0.108950 -0.522437 0.028299
v -0.187647 -0.622701 -0.002325
v -0.169156 -0.637321 0.022371
v -0.163297 -0.586118 0.055639
v -0.120027 -0.510167 0.070093
v -0.119476 -0.457651 0.137575
v 0.070128 -0.131569 -0.003009
v 0.089577 -0.119586 0.047175
v 0.089744 -0.119456 -0.054965
v -0.263938 -0.248105 -0.142572
v -0.298419 -0.264217 -0.143324
v -0.299672 -0.257842 -0.128451
v -0.198160 -0.156614 0.109447
v -0.274089 -0.829938 -0.028105
v -0.323471 -0.865912 -0.056088
v -0.250310 -0.753231 -0.072770
v -0.336607 -0.896433 -0.054034
v -0.343006 -0.887697 -0.002277
v -0.320708 -0.849609 0.086929
v -0.337177 -0.895825 0.050359
v -0.362869 -0.864435 0.087385
v -0.319275 -0.862468 0.048692
v -0.321130 -0.886810 0.023819
v -0.249886 -0.748885 0.073889
v -0.277563 -0.711137 0.088885
v -0.305993 -0.823444 -0.004528
v -0.278762 -0.834778 0.019845
v -0.334957 -0.893627 -0.020697
v -0.397542 -0.823312 0.094368
v -0.377657 -0.845608 0.095872
v -0.379759 -0.821412 0.108540
v -0.341976 -0.800823 0.108617
v -0.381345 -0.840596 0.096575
v -0.423182 -0.790010 0.047289
v -0.397207 -0.823250 0.093249
v -0.402689 -0.795301 0.089342
v -0.366437 -0.693813 0.071121
v -0.360866 -0.749561 0.103430
v -0.425623 -0.758727 0.018336
v -0.425751 -0.788095 -0.039077
v -0.298228 -0.264705 0.106688
v -0.191321 -0.192041 0.148165
v -0.200874 -0.172312 0.132481
v 0.126956 -0.110327 0.145918
v 0.171541 -0.140946 0.133297
v 0.301518 -0.248504 0.238604
v -0.063721 -0.411323 0.553803
v 0.038284 -0.437893 0.459179
v -0.063596 -0.425545 0.461254
v -0.516514 0.349857 -0.623540
v -0.457811 0.378012 -0.674350
v -0.412619 0.411033 -0.655042
v -0.378835 0.459477 -0.696439
v -0.333418 0.464833 -0.716196
v -0.266229 0.474969 -0.703192
v -0.221120 0.448438 -0.703580
v -0.221671 0.629133 -0.539386
v -0.282536 0.656913 -0.490915
v -0.301838 0.616876 -0.604343
v -0.304606 0.620170 -0.530642
v -0.048703 0.312661 -0.780583
v -0.144888 0.312523 -0.784083
v 0.088116 0.844853 0.299087
v 0.149234 -0.055990 -0.117748
v 0.157110 -0.062580 -0.132927
v 0.151864 -0.050560 -0.146198
v 0.105344 -0.041663 -0.162538
v 0.085998 -0.049423 -0.174526
v 0.070188 -0.065044 -0.178129
v 0.061723 -0.057180 -0.184269
v 0.080723 -0.053441 -0.148778
v 0.101265 -0.046920 -0.142258
v 0.077103 -0.058839 -0.150841
v 0.087166 -0.052956 -0.147223
v -0.037712 -0.054642 -0.207283
v 0.021615 -0.057795 -0.166887
v 0.054798 -0.045111 -0.163337
v -0.034739 -0.052212 -0.185583
v 0.036498 -0.044222 -0.179615
v 0.031620 -0.066694 -0.167212
v 0.007993 -0.074223 -0.185636
v -0.026477 -0.061400 -0.178795
v -0.000297 -0.062325 -0.201338
v -0.102022 -0.054716 -0.213083
v -0.012320 -0.062908 -0.204654
v -0.072836 -0.066417 -0.216479
v -0.088201 -0.066952 -0.218297
v -0.092244 -0.055848 -0.193044
v -0.072125 -0.063617 -0.187485
v -0.081743 -0.072673 -0.191369
v -0.093343 -0.078291 -0.198563
v -0.126724 -0.054727 -0.202295
v -0.125014 -0.070371 -0.215924
v -0.106269 -0.065509 -0.189689
v -0.129205 -0.060210 -0.188989
v -0.056853 -0.076085 -0.207691
v -0.136182 -0.068623 -0.180842
v -0.126484 -0.074424 -0.186586
v -0.091570 -0.064387 -0.189596
v -0.107926 -0.068715 -0.218698
v -0.143151 -0.061048 -0.206329
v -0.136961 -0.068579 -0.180041
v -0.165655 -0.061378 -0.153662
v -0.173602 -0.065581 -0.180944
v -0.172423 -0.058307 -0.166536
v -0.166624 -0.074370 -0.190868
v -0.157477 -0.082015 -0.194030
v -0.144166 -0.072503 -0.208552
v -0.187635 -0.085165 -0.139018
v -0.171740 -0.068860 -0.134417
v -0.157465 -0.078318 -0.159188
v -0.178045 -0.077933 -0.125022
v -0.126913 -0.081637 -0.209236
v -0.145377 -0.084530 -0.186568
v -0.174546 -0.068689 -0.129457
v -0.216853 -0.071891 -0.104364
v -0.217999 -0.060435 -0.096276
v -0.220151 -0.052331 -0.050706
v -0.221097 -0.053643 0.059886
v -0.229411 -0.061904 -0.061028
v -0.230513 -0.068395 -0.041081
v -0.203154 -0.064516 -0.060827
v -0.225256 -0.077959 -0.068515
v -0.230142 -0.068734 -0.052765
v -0.203747 -0.064624 -0.058726
v -0.221807 -0.071307 -0.092902
v -0.192594 -0.074392 -0.154485
v -0.210713 -0.080249 -0.066338
v -0.221275 -0.079488 0.063825
v -0.226384 -0.075470 0.069591
v -0.229989 -0.068337 0.028213
v -0.228085 -0.070023 0.067245
v -0.230314 -0.068555 0.034651
v -0.203214 -0.071497 -0.062617
v -0.202909 -0.064672 0.053471
v -0.206420 -0.056852 0.061276
v -0.206476 -0.056121 -0.069080
v -0.228276 -0.060704 0.066911
v -0.184427 -0.085450 0.140643
v -0.224994 -0.070846 0.079880
v -0.166627 -0.061543 0.179553
v -0.209892 -0.079813 0.057813
v -0.203489 -0.064770 0.054913
v -0.176537 -0.060431 0.127054
v -0.158187 -0.059163 0.182195
v -0.186547 -0.074215 0.155971
v -0.157815 -0.082349 0.186242
v -0.161578 -0.073908 0.188524
v -0.182850 -0.074497 0.162211
v -0.138484 -0.080487 0.176519
v -0.140314 -0.084325 0.187653
v -0.158319 -0.069618 0.150918
v -0.172624 -0.078049 0.127832
v -0.142309 -0.062439 0.200317
v -0.162619 -0.069485 0.144266
v -0.153461 -0.059442 0.164559
v 0.119422 -0.039332 0.147931
v 0.117777 -0.037935 0.144835
v 0.058784 -0.045654 0.172875
v 0.111249 -0.051155 0.129103
v 0.113268 -0.060267 0.131423
v 0.111249 -0.051238 0.129006
v 0.119854 -0.065583 0.143880
v 0.040862 -0.067971 0.179224
v 0.112718 -0.041756 0.133847
v 0.003295 -0.047819 0.173746
v 0.073868 -0.056231 0.172663
v 0.123422 -0.052919 0.153659
v 0.113773 -0.062505 0.131989
v 0.110983 -0.051237 0.128416
v 0.150444 -0.047941 0.107182
v 0.110972 -0.051150 0.128413
v 0.118446 -0.066185 0.140840
v 0.152230 -0.057670 0.135028
v 0.123311 -0.052754 0.153426
v 0.020191 -0.055722 0.188698
v 0.123714 -0.052548 0.154348
v 0.123053 -0.052685 0.152923
v 0.163872 -0.039720 0.127888
v 0.113292 -0.038415 0.135511
v 0.036397 -0.056692 0.156248
v -0.006994 -0.075042 0.184669
v -0.013741 -0.062981 0.198029
v -0.088122 -0.064404 0.183287
v -0.015564 -0.060630 0.170603
v 0.003511 -0.066416 0.166464
v -0.015693 -0.063271 0.198125
v -0.088378 -0.052652 0.201910
v -0.076228 -0.074676 0.206536
v -0.061683 -0.055106 0.203668
v -0.088257 -0.066963 0.211293
v -0.121019 -0.054312 0.195043
v -0.090470 -0.067163 0.210724
v 0.049747 -0.069447 0.160976
v -0.075581 -0.072533 0.182779
v -0.019861 -0.055687 0.172411
v -0.095302 -0.079101 0.191481
v -0.095088 -0.064586 0.182918
v -0.094244 -0.057849 0.185018
v -0.124764 -0.067416 0.179908
v -0.132078 -0.071150 0.207847
v -0.122713 -0.081257 0.202203
v -0.129660 -0.070880 0.207576
v -0.114552 -0.060550 0.209041
v -0.127516 -0.059436 0.182487
v -0.125939 -0.067568 0.178388
vn -0.1212 -0.3661 -0.9227
vn 0.5254 0.3494 -0.7758
vn 0.4654 0.7484 -0.4725
vn 0.3588 -0.6186 -0.6990
vn -0.1026 -0.8572 -0.5046
vn 0.1332 -0.9648 -0.2269
vn 0.6402 -0.6348 -0.4327
vn -0.4488 -0.8766 -0.1734
vn -0.3295 -0.9442 0.0031
vn -0.4484 -0.7595 -0.4713
vn -0.1089 -0.4321 -0.8952
vn -0.3157 -0.7545 -0.5754
vn -0.2532 -0.2050 -0.9454
vn -0.0275 0.8017 -0.5971
vn -0.0344 0.4110 -0.9110
vn -0.0622 0.6030 -0.7953
vn -0.2074 0.1347 -0.9689
vn 0.3957 0.9082 -0.1364
vn 0.1063 0.9901 -0.0915
vn 0.4758 -0.8587 0.1902
vn 0.0416 -0.9186 -0.3930
vn -0.4261 -0.8254 0.3703
vn -0.1758 -0.9805 0.0878
vn -0.1410 -0.5141 0.8461
vn 0.5265 -0.4087 0.7455
vn 0.0879 -0.8411 0.5337
vn 0.5515 0.3023 0.7775
vn 0.0086 -0.2943 0.9557
vn 0.5041 0.6779 0.5351
vn 0.4172 0.8413 0.3438
vn 0.2627 0.9488 0.1754
vn 0.7493 -0.6619 -0.0195
vn 0.6047 0.7943 0.0589
vn 0.9467 0.3152 0.0667
vn 0.5923 0.3189 0.7400
vn 0.6334 0.2767 -0.7226
vn -0.2259 -0.8985 0.3765
vn -0.2902 -0.7129 0.6384
vn -0.2687 -0.8687 -0.4161
vn -0.1066 -0.8282 -0.5502
vn 0.0637 -0.4953 -0.8664
vn 0.3959 0.8797 -0.2634
vn 0.3217 0.5668 -0.7584
vn 0.1664 0.9860 -0.0077
vn -0.6033 -0.7711 0.2035
vn -0.9292 -0.3680 0.0332
vn -0.8096 -0.4690 0.3531
vn -0.5978 0.7994 0.0603
vn -0.8913 -0.0181 0.4530
vn -0.7721 0.5346 -0.3437
vn -0.3579 0.9333 -0.0296
vn -0.7493 -0.5551 -0.3610
vn -0.1397 0.9902 -0.0006
vn 0.5227 0.6620 -0.5372
vn -0.7943 0.3432 0.5013
vn -0.4149 -0.7581 0.5031
vn 0.6203 -0.4795 -0.6207
vn 0.7477 -0.4330 -0.5035
vn -0.8354 -0.0357 0.5485
vn -0.6235 0.6376 0.4525
vn 0.7715 0.1647 -0.6146
vn 0.4771 0.5491 -0.6863
vn 0.2965 -0.8984 -0.3240
vn 0.5014 -0.5266 -0.6865
vn -0.1382 -0.8809 0.4527
vn -0.5265 -0.2270 0.8193
vn -0.6462 -0.4518 0.6151
vn -0.5832 -0.1631 0.7958
vn -0.4597 0.6527 0.6022
vn -0.3003 0.8976 0.3228
vn -0.6279 -0.1082 0.7708
vn 0.2144 0.8714 -0.4412
vn 0.3557 0.5235 -0.7743
vn 0.2043 0.7789 -0.5930
vn 0.2587 -0.7419 0.6186
vn 0.1152 -0.8662 0.4863
vn 0.0591 -0.7327 0.6780
vn 0.2440 -0.6356 0.7324
vn 0.2906 -0.8272 0.4809
vn 0.2199 -0.4515 0.8647
vn 0.3787 -0.4809 0.7907
vn 0.2969 -0.7038 0.6454
vn 0.2698 -0.8318 0.4851
vn -0.0026 -0.5391 0.8422
vn 0.1928 -0.4501 0.8719
vn 0.1589 -0.5703 0.8059
vn -0.0140 -0.7262 0.6873
vn 0.0074 -0.6992 0.7149
vn 0.0519 -0.9236 0.3798
vn 0.2213 -0.8483 0.4810
vn -0.0320 -0.9217 0.3865
vn 0.0394 -0.8291 0.5577
vn 0.0370 -0.9636 0.2648
vn 0.1666 -0.9287 0.3312
vn -0.0083 -0.9200 0.3918
vn -0.0602 -0.9790 0.1946
vn 0.0192 -0.8852 0.4647
vn 0.0119 -0.7333 0.6798
vn 0.0979 -0.9684 0.2292
vn 0.0966 -0.8602 -0.5007
vn -0.1329 -0.5538 -0.8220
vn 0.2559 -0.5702 -0.7806
vn 0.1067 -0.6173 -0.7795
vn 0.0138 -0.9292 -0.3694
vn 0.0154 -0.9026 -0.4303
vn -0.0968 -0.6766 -0.7300
vn -0.0655 -0.9868 -0.1479
vn -0.0191 -0.9968 0.0775
vn -0.0583 -0.9660 -0.2517
vn 0.1773 -0.9333 -0.3122
vn 0.0450 -0.9792 0.1977
vn 0.0718 -0.9882 -0.1353
vn -0.0180 -0.9871 -0.1589
vn 0.0921 -0.8578 0.5056
vn 0.0749 -0.3878 -0.9187
vn 0.0631 -0.3511 -0.9342
vn -0.0298 -0.2862 -0.9577
vn 0.0463 -0.4346 -0.8994
vn -0.0662 -0.3585 -0.9312
vn 0.1759 -0.4444 -0.8784
vn -0.0024 -0.2671 -0.9637
vn 0.1652 -0.0675 -0.9839
vn -0.0402 0.0998 -0.9942
vn 0.2591 -0.3598 -0.8963
vn 0.0943 -0.7709 -0.6300
vn 0.3871 -0.7845 -0.4844
vn 0.2487 -0.9094 -0.3334
vn 0.3362 -0.9260 -0.1716
vn 0.0449 -0.9806 0.1907
vn 0.0326 -0.9994 -0.0148
vn 0.6563 -0.6888 -0.3078
vn 0.5179 -0.3588 -0.7765
vn 0.8201 -0.2675 -0.5059
vn 0.5194 -0.3111 -0.7959
vn 0.4858 -0.2521 -0.8369
vn 0.7358 -0.2943 -0.6100
vn 0.8783 -0.2456 -0.4102
vn 0.9155 -0.3895 -0.1006
vn 0.9544 -0.2242 -0.1973
vn 0.6600 -0.7504 -0.0369
vn 0.5480 0.1070 -0.8296
vn 0.3690 0.1663 -0.9144
vn 0.6147 -0.0041 -0.7888
vn 0.5256 -0.1825 -0.8309
vn 0.8944 -0.1768 -0.4108
vn 0.9170 -0.3713 -0.1460
vn 0.9768 -0.1628 -0.1394
vn 0.9583 0.1987 -0.2052
vn 0.9025 0.1973 -0.3828
vn 0.2227 -0.2137 -0.9512
vn 0.7061 0.4814 -0.5193
vn 0.4129 0.3123 -0.8556
vn 0.6248 0.7720 -0.1170
vn 0.3988 0.7919 -0.4624
vn 0.8155 0.5777 0.0357
vn 0.1029 0.8977 -0.4284
vn 0.2833 0.5485 -0.7867
vn 0.2757 -0.3775 -0.8840
vn 0.3489 0.7964 -0.4940
vn 0.2098 0.0919 -0.9734
vn -0.0974 0.1755 -0.9797
vn 0.3200 0.3448 -0.8824
vn 0.4634 0.3995 -0.7910
vn 0.2832 0.2984 -0.9115
vn 0.3886 -0.1659 -0.9063
vn 0.4735 0.2906 -0.8315
vn 0.3112 0.0839 -0.9466
vn 0.2856 0.6988 -0.6558
vn 0.2718 0.6838 -0.6772
vn 0.7061 0.2125 0.6755
vn 0.8588 0.0454 0.5104
vn 0.7674 0.5651 0.3028
vn 0.9729 -0.1314 0.1905
vn 0.9967 -0.0706 -0.0396
vn 0.8424 0.4819 0.2411
vn 0.2580 0.8992 0.3534
vn 0.0650 0.9639 0.2581
vn 0.3712 0.9206 0.1217
vn 0.7967 -0.4037 0.4497
vn 0.8165 -0.3910 0.4249
vn 0.7970 -0.6004 0.0660
vn 0.9617 -0.1593 0.2230
vn 0.9348 -0.3475 -0.0733
vn 0.8865 -0.4575 -0.0695
vn 0.8373 -0.5383 0.0958
vn 0.6391 -0.3429 0.6885
vn 0.5050 -0.5125 0.6945
vn 0.4571 -0.2412 0.8561
vn 0.4790 0.0842 0.8738
vn 0.4240 0.4461 0.7882
vn 0.2406 0.2016 -0.9495
vn 0.3573 0.1967 -0.9130
vn 0.3261 -0.3433 -0.8808
vn 0.2208 -0.2157 -0.9512
vn 0.1069 0.0784 -0.9912
vn 0.2409 -0.1805 -0.9536
vn 0.2068 -0.3357 -0.9190
vn -0.0245 -0.2454 -0.9691
vn 0.1218 -0.2754 -0.9536
vn 0.0670 -0.4725 -0.8788
vn -0.3149 -0.2817 -0.9063
vn 0.1560 0.0461 -0.9867
vn 0.0109 0.3205 -0.9472
vn 0.1266 0.5309 -0.8379
vn 0.0740 -0.1933 -0.9783
vn -0.1611 -0.3810 -0.9104
vn -0.1537 -0.3911 -0.9074
vn -0.0258 -0.0874 -0.9958
vn -0.0717 -0.3192 -0.9450
vn -0.1217 -0.2909 -0.9490
vn -0.1317 -0.3867 -0.9127
vn -0.3534 -0.2481 -0.9020
vn -0.0405 -0.1494 -0.9880
vn 0.0471 -0.2584 -0.9649
vn 0.3297 -0.0291 -0.9436
vn 0.2841 -0.3887 -0.8765
vn 0.3107 -0.3144 -0.8970
vn 0.3422 -0.2279 -0.9116
vn 0.0640 -0.9149 0.3987
vn 0.1393 -0.9896 0.0360
vn 0.1035 -0.9912 0.0827
vn 0.0417 -0.9972 0.0624
vn 0.1523 -0.9825 0.1071
vn 0.1586 -0.8834 0.4410
vn 0.6056 -0.7681 0.2080
vn -0.0199 -0.8049 0.5931
vn 0.4997 -0.7876 0.3606
vn 0.2963 -0.8168 0.4950
vn 0.6921 -0.4398 0.5723
vn 0.4653 -0.6235 0.6283
vn 0.2065 -0.6061 0.7681
vn 0.0884 -0.5276 0.8449
vn 0.1450 -0.7135 0.6855
vn 0.3404 -0.5556 0.7586
vn -0.1739 -0.8373 0.5184
vn -0.0528 -0.6111 0.7898
vn 0.0899 -0.8112 0.5778
vn 0.0677 -0.7963 0.6012
vn 0.0557 -0.6233 0.7800
vn -0.0033 -0.7037 0.7105
vn 0.0277 -0.4402 0.8975
vn 0.0808 -0.4582 0.8852
vn 0.0360 -0.3176 0.9475
vn -0.2230 -0.4637 0.8575
vn -0.0029 -0.2465 0.9691
vn 0.0520 -0.6565 0.7525
vn -0.2205 -0.4781 0.8502
vn 0.2085 -0.5789 0.7883
vn -0.0543 -0.5437 0.8375
vn -0.2512 -0.4653 0.8487
vn -0.1968 -0.3352 0.9214
vn -0.0007 -0.3295 0.9442
vn 0.4109 -0.1834 0.8930
vn -0.3262 -0.3601 0.8740
vn 0.6832 -0.6831 0.2579
vn -0.1415 -0.6706 -0.7282
vn -0.4187 -0.6201 -0.6634
vn -0.1085 -0.3126 -0.9437
vn 0.0601 -0.5881 -0.8066
vn -0.0406 -0.7703 -0.6364
vn 0.0109 -0.7814 -0.6239
vn 0.0479 -0.7276 -0.6843
vn 0.1941 -0.9590 -0.2064
vn -0.5957 -0.5532 -0.5823
vn -0.4554 -0.6020 -0.6559
vn -0.5589 -0.5481 -0.6223
vn -0.6762 -0.2900 -0.6772
vn -0.4691 -0.1476 -0.8707
vn -0.4827 -0.8202 -0.3070
vn -0.7086 -0.5765 -0.4068
vn -0.8069 -0.2035 -0.5546
vn -0.8891 -0.2552 -0.3801
vn -0.7524 -0.2366 -0.6147
vn -0.5453 -0.5191 -0.6582
vn -0.5459 -0.3333 -0.7687
vn -0.3171 -0.2576 -0.9127
vn -0.6237 -0.3056 -0.7194
vn -0.1805 -0.4017 -0.8978
vn 0.3045 -0.8026 0.5129
vn 0.1016 -0.8557 0.5073
vn 0.3200 -0.9466 0.0402
vn -0.0014 -0.9911 0.1330
vn -0.2907 -0.9311 -0.2202
vn -0.2025 -0.9583 0.2016
vn -0.5947 -0.8011 -0.0671
vn 0.0154 -0.8982 -0.4394
vn 0.2335 -0.9713 -0.0455
vn 0.1314 -0.9907 -0.0353
vn 0.3455 -0.5911 0.7288
vn 0.0436 -0.8258 0.5622
vn 0.2545 -0.6792 0.6884
vn -0.2517 -0.7906 0.5582
vn 0.0693 -0.6467 0.7596
vn 0.4374 -0.4499 0.7786
vn 0.3291 -0.4820 0.8120
vn 0.4164 -0.5658 0.7117
vn 0.0225 -0.2010 0.9793
vn -0.4199 -0.4286 0.8000
vn 0.1257 -0.2460 0.9611
vn -0.4993 -0.2937 0.8151
vn 0.4536 -0.5906 0.6674
vn 0.0206 -0.1598 0.9869
vn 0.2648 -0.5365 0.8013
vn -0.0833 -0.1484 0.9854
vn -0.6468 -0.7394 0.1870
vn -0.8780 -0.3652 0.3095
vn -0.9273 -0.3683 0.0660
vn -0.5595 -0.2197 0.7992
vn -0.1724 -0.2139 0.9615
vn -0.9601 -0.2339 0.1535
vn -0.9001 -0.2341 -0.3675
vn -0.8397 -0.3722 -0.3955
vn 0.6156 -0.4711 0.6317
vn 0.0894 -0.3580 0.9294
vn 0.7496 -0.4152 0.5154
vn 0.8185 -0.3288 0.4711
vn 0.9210 -0.2379 0.3085
vn 0.9158 -0.1168 0.3842
vn 0.5989 -0.4263 0.6779
vn 0.8203 -0.1845 0.5414
vn -0.0080 -0.2127 0.9771
vn -0.0159 -0.2251 0.9742
vn -0.0650 -0.1669 0.9838
vn 0.2757 -0.1541 0.9488
vn 0.3272 -0.2369 0.9148
vn 0.5018 -0.1702 0.8480
vn 0.4461 -0.3263 0.8334
vn 0.2414 -0.1550 0.9580
vn 0.0895 -0.9908 0.1012
vn 0.7786 -0.2433 0.5784
vn 0.5195 -0.3446 0.7819
vn 0.0693 -0.7788 0.6234
vn -0.0727 -0.9402 -0.3328
vn 0.0413 -0.6918 -0.7209
vn -0.2111 -0.7146 -0.6670
vn 0.3336 -0.7988 -0.5007
vn 0.4569 -0.1917 -0.8686
vn 0.1519 -0.0371 -0.9877
vn 0.1256 -0.4421 -0.8882
vn -0.0793 -0.5209 -0.8499
vn -0.2634 -0.6641 -0.6997
vn -0.1939 -0.6511 -0.7338
vn 0.1128 -0.7398 -0.6633
vn 0.2333 -0.1990 0.9518
vn 0.2152 -0.1452 0.9657
vn 0.0329 -0.1180 0.9925
vn 0.1012 -0.8791 0.4657
vn 0.0333 -0.2162 0.9758
vn -0.1389 0.0766 0.9873
vn 0.2009 -0.3146 0.9277
vn 0.3725 -0.3776 0.8477
vn 0.4437 -0.3641 0.8189
vn 0.3842 -0.3473 0.8554
vn 0.3873 -0.3338 0.8594
vn -0.1181 -0.2463 0.9620
vn -0.0330 -0.2476 0.9683
vn 0.1457 -0.4107 0.9001
vn -0.1051 0.0544 0.9930
vn -0.0012 -0.2724 0.9622
vn 0.3001 -0.3510 0.8870
vn 0.7513 -0.3658 0.5494
vn 0.1749 -0.9461 0.2724
vn 0.2443 -0.8968 0.3690
vn 0.1101 -0.9843 0.1380
vn 0.1112 -0.9936 0.0183
vn 0.2995 -0.9374 0.1777
vn 0.0672 -0.9459 -0.3175
vn 0.0532 -0.9374 -0.3440
vn -0.0918 -0.7818 -0.6167
vn -0.0569 -0.8680 -0.4934
vn -0.1105 -0.9585 -0.2626
vn -0.9362 0.0560 -0.3469
vn -0.8690 -0.2418 -0.4316
vn -0.7913 -0.4461 -0.4182
vn -0.7258 -0.5473 -0.4168
vn -0.7299 -0.1472 -0.6676
vn -0.7669 -0.1504 -0.6239
vn -0.7929 0.1179 -0.5979
vn -0.7474 0.1440 -0.6486
vn -0.8008 0.0475 -0.5971
vn -0.6674 -0.3428 -0.6611
vn -0.8810 0.1331 -0.4541
vn -0.7854 -0.0515 -0.6169
vn -0.5294 -0.1151 -0.8405
vn -0.6055 0.0515 -0.7942
vn -0.6837 -0.2358 -0.6906
vn -0.5528 0.1651 -0.8168
vn -0.7570 0.0470 -0.6518
vn -0.8566 0.2346 -0.4596
vn -0.8078 0.4044 -0.4290
vn -0.7367 0.3172 -0.5972
vn -0.8642 0.0071 -0.5031
vn -0.6132 0.0601 -0.7876
vn -0.8287 0.4475 -0.3362
vn -0.7213 0.4633 -0.5148
vn -0.7379 0.6133 -0.2817
vn -0.6149 0.3799 -0.6910
vn -0.6191 0.4635 -0.6340
vn -0.2602 0.0934 -0.9610
vn -0.2814 -0.1907 -0.9405
vn -0.3470 0.0951 -0.9330
vn -0.3851 -0.2434 -0.8902
vn -0.3740 -0.0502 -0.9261
vn -0.3634 -0.1528 -0.9190
vn -0.3008 0.0402 -0.9528
vn -0.4109 -0.2646 -0.8724
vn -0.6552 -0.2729 -0.7044
vn -0.5337 -0.2289 -0.8141
vn -0.5243 0.4366 -0.7311
vn -0.3865 0.5655 -0.7286
vn -0.2309 0.0515 -0.9716
vn -0.6558 -0.0223 -0.7546
vn -0.4975 0.3072 -0.8112
vn -0.5478 0.3600 -0.7552
vn -0.3925 0.4510 -0.8016
vn -0.6117 0.3624 -0.7032
vn -0.1169 -0.0478 -0.9920
vn -0.1839 -0.3211 -0.9290
vn 0.0016 0.0750 -0.9972
vn -0.4789 0.3379 -0.8102
vn -0.4744 0.1983 -0.8577
vn 0.1132 -0.2230 -0.9682
vn 0.0101 -0.5141 -0.8577
vn 0.2484 -0.0395 -0.9678
vn -0.0659 -0.1883 -0.9799
vn 0.2663 0.1645 -0.9498
vn 0.0058 -0.6654 -0.7465
vn -0.3623 0.1512 -0.9197
vn -0.0763 0.1253 -0.9892
vn 0.0757 0.2824 -0.9563
vn -0.3556 0.3871 -0.8507
vn 0.1034 0.4959 -0.8622
vn -0.2045 0.5723 -0.7941
vn -0.2100 0.4607 -0.8624
vn 0.1671 0.4412 -0.8817
vn -0.6444 0.5610 -0.5196
vn -0.4281 0.0989 -0.8983
vn -0.5511 -0.2631 -0.7919
vn -0.4417 -0.0931 -0.8923
vn -0.3136 -0.4916 -0.8124
vn -0.1803 -0.0410 -0.9828
vn -0.4424 -0.4734 -0.7617
vn -0.8085 0.4306 -0.4012
vn -0.8553 0.3603 -0.3722
vn -0.9250 0.3020 -0.2307
vn -0.6477 0.7548 -0.1043
vn -0.6371 0.5411 -0.5490
vn -0.6560 0.7502 -0.0834
vn -0.6949 0.7011 -0.1598
vn -0.8243 0.3899 -0.4106
vn -0.5827 0.6964 -0.4190
vn -0.7186 0.6941 -0.0419
vn -0.7149 0.6642 -0.2184
vn -0.7657 0.5523 -0.3298
vn -0.5021 0.7094 -0.4945
vn -0.5120 0.7301 -0.4526
vn -0.5648 0.5106 -0.6483
vn -0.7928 0.1095 -0.5996
vn -0.8293 0.2468 -0.5013
vn -0.9542 0.2989 0.0082
vn -0.9034 0.1765 0.3909
vn -0.9359 0.2737 -0.2220
vn -0.9067 0.3275 -0.2658
vn -0.8346 0.3970 0.3819
vn -0.8164 0.0564 0.5747
vn -0.4663 0.0648 0.8822
vn -0.3941 0.2523 0.8837
vn -0.7035 0.5807 0.4098
vn -0.6462 0.5067 0.5707
vn -0.7674 0.3559 0.5333
vn -0.9035 0.4259 -0.0481
vn -0.7753 0.6223 -0.1081
vn -0.8361 0.2979 -0.4607
vn -0.8989 0.1392 -0.4156
vn -0.8092 0.3133 -0.4971
vn -0.8336 0.3990 -0.3820
vn -0.7869 0.5951 -0.1636
vn -0.7921 0.0597 -0.6075
vn -0.4907 0.8540 0.1726
vn -0.5733 0.8138 0.0949
vn -0.4081 0.6148 0.6749
vn -0.4886 0.6302 0.6034
vn -0.6887 0.7232 0.0517
vn -0.3191 0.1065 0.9417
vn -0.6183 0.6062 -0.5003
vn -0.6506 0.3464 -0.6759
vn -0.4202 0.5692 -0.7067
vn -0.5630 0.4903 -0.6653
vn -0.4473 0.4345 -0.7818
vn -0.2914 0.9009 -0.3218
vn -0.2451 0.6531 -0.7165
vn -0.6073 0.4207 -0.6739
vn -0.6026 0.6560 -0.4545
vn -0.5964 0.3830 -0.7054
vn -0.4934 0.8537 -0.1666
vn -0.3016 0.8598 -0.4121
vn -0.6546 0.3950 -0.6445
vn -0.6570 0.7409 -0.1392
vn -0.4853 0.6075 -0.6289
vn -0.4261 0.6922 -0.5824
vn -0.7075 0.6121 -0.3533
vn -0.3843 0.8855 -0.2612
vn -0.5032 0.8560 -0.1185
vn -0.4809 0.8365 -0.2626
vn -0.4565 0.8897 -0.0061
vn -0.2940 0.7908 -0.5368
vn -0.6008 0.7951 0.0829
vn -0.5021 0.7035 -0.5030
vn -0.5403 0.8064 0.2404
vn -0.1947 0.8429 -0.5016
vn -0.3078 0.6815 -0.6639
vn -0.2673 0.4757 -0.8380
vn -0.6360 0.7705 -0.0428
vn -0.8399 -0.0026 -0.5428
vn -0.9281 -0.2483 -0.2775
vn -0.8319 -0.3413 -0.4376
vn -0.8952 -0.2991 -0.3304
vn -0.9008 -0.2406 -0.3615
vn -0.9907 -0.0655 -0.1195
vn -0.0573 -0.1847 -0.9811
vn -0.2534 -0.2378 -0.9377
vn -0.0992 -0.1564 -0.9827
vn -0.3004 -0.0919 -0.9494
vn -0.0779 -0.0586 -0.9952
vn -0.6300 -0.2444 -0.7371
vn -0.3336 0.0710 -0.9400
vn -0.8404 0.1206 -0.5283
vn -0.4385 0.1916 -0.8781
vn -0.2923 0.0710 -0.9537
vn -0.8883 0.3473 -0.3004
vn -0.3912 0.2984 -0.8706
vn -0.8661 0.2673 -0.4223
vn -0.8946 0.4467 -0.0143
vn -0.8654 0.4318 -0.2544
vn -0.8018 0.1450 -0.5798
vn -0.8908 0.4372 -0.1234
vn -0.9947 0.0792 -0.0654
vn -0.9520 0.1580 0.2620
vn -0.8090 -0.1760 0.5608
vn -0.7441 0.5220 0.4169
vn -0.8569 0.5155 -0.0039
vn -0.9109 0.3395 -0.2345
vn -0.8585 0.4322 0.2759
vn -0.3925 0.3125 -0.8650
vn -0.2469 0.0840 -0.9654
vn -0.3139 0.1732 -0.9335
vn -0.4994 0.3439 -0.7952
vn -0.5648 0.8128 0.1425
vn -0.6138 0.4664 -0.6370
vn -0.4464 0.4285 -0.7856
vn -0.2430 0.2611 -0.9342
vn -0.3070 0.3988 -0.8641
vn -0.4322 0.2477 0.8671
vn -0.7719 0.2733 -0.5740
vn -0.2749 0.1351 0.9519
vn -0.4483 0.3925 0.8031
vn -0.1815 -0.0192 0.9832
vn -0.2036 0.0253 0.9787
vn 0.0127 -0.0513 0.9986
vn -0.8370 0.3137 -0.4483
vn -0.3536 -0.0016 0.9354
vn -0.6030 -0.2557 0.7556
vn -0.2131 -0.4218 0.8813
vn -0.1558 -0.0844 0.9842
vn -0.2984 0.4516 0.8408
vn -0.3711 0.3599 0.8560
vn -0.2218 0.4404 0.8700
vn 0.0633 -0.1011 0.9929
vn -0.2610 0.4210 -0.8687
vn -0.2212 0.5274 -0.8203
vn -0.0950 0.3915 -0.9152
vn -0.1712 0.2464 -0.9539
vn -0.1950 0.4152 -0.8886
vn -0.1216 0.2840 -0.9511
vn -0.1410 0.2751 -0.9510
vn -0.1660 0.2253 -0.9600
vn -0.3280 0.6709 -0.6651
vn -0.2889 0.5221 -0.8024
vn -0.2780 0.6618 -0.6962
vn -0.2740 0.4142 -0.8680
vn -0.3572 0.8083 -0.4681
vn 0.0421 0.6826 -0.7295
vn -0.2170 0.6364 -0.7402
vn -0.0338 0.0839 -0.9959
vn 0.1011 -0.6612 -0.7434
vn -0.6155 0.7878 0.0215
vn -0.0288 0.5642 0.8251
vn -0.3065 0.2742 0.9115
vn -0.3286 0.5315 0.7807
vn -0.2666 0.2098 0.9407
vn 0.1622 0.2715 -0.9487
vn -0.1777 0.7841 0.5947
vn -0.0293 0.6564 0.7538
vn -0.0888 0.8798 0.4670
vn -0.4543 0.8231 0.3408
vn 0.1810 0.9729 0.1437
vn -0.4390 0.8766 -0.1970
vn -0.2460 0.9012 0.3569
vn 0.0734 0.9972 -0.0139
vn -0.3090 0.7698 0.5585
vn -0.4360 0.8739 0.2148
vn -0.0390 0.5811 0.8129
vn -0.0626 0.9474 0.3139
vn -0.1932 0.9267 -0.3224
vn -0.3605 0.8996 -0.2466
vn -0.0330 0.9992 -0.0217
vn -0.1018 0.9947 -0.0169
vn -0.0782 0.8685 -0.4895
vn -0.3292 0.8948 -0.3017
vn -0.3266 0.8031 -0.4984
vn -0.3217 0.8174 -0.4779
vn -0.1046 0.9197 -0.3785
vn -0.0683 0.9282 -0.3657
vn -0.6055 0.6992 -0.3800
vn -0.0439 0.9571 -0.2864
vn -0.2474 0.8574 -0.4514
vn -0.1515 0.9598 -0.2364
vn 0.3186 0.8742 -0.3665
vn 0.3385 0.8404 -0.4232
vn 0.1718 0.8577 -0.4846
vn -0.2779 0.8430 0.4605
vn -0.2878 0.9566 0.0463
vn -0.1273 0.9431 0.3073
vn -0.3616 0.7784 0.5131
vn 0.0329 0.2984 0.9539
vn 0.2109 0.5337 0.8190
vn -0.0145 0.8076 0.5896
vn 0.2333 0.8426 0.4855
vn -0.1934 0.8778 0.4383
vn 0.3625 0.9258 0.1076
vn -0.2677 0.3460 0.8992
vn -0.0226 0.9968 -0.0763
vn -0.3567 0.9172 -0.1773
vn 0.1661 0.8364 0.5224
vn 0.1180 0.9296 0.3492
vn 0.2022 0.9793 0.0096
vn -0.0876 0.1022 -0.9909
vn -0.0356 0.6602 -0.7503
vn -0.2173 0.7363 -0.6408
vn 0.0391 0.4542 -0.8901
vn -0.0732 0.8441 -0.5312
vn -0.2662 0.8775 -0.3990
vn -0.2868 0.9559 -0.0640
vn -0.3795 0.9044 0.1950
vn -0.1703 0.9773 0.1261
vn 0.1703 0.9446 0.2805
vn -0.0940 0.9919 -0.0855
vn 0.0528 0.9615 -0.2697
vn 0.0627 0.9347 0.3497
vn -0.1628 0.9714 0.1728
vn -0.2952 0.9504 0.0981
vn 0.4440 0.8254 0.3486
vn 0.0986 0.8995 0.4256
vn -0.2694 0.9105 0.3136
vn -0.2203 0.8258 0.5192
vn -0.3052 0.8793 0.3655
vn -0.3604 0.7168 0.5969
vn -0.3141 0.8747 0.3690
vn -0.0928 0.9942 0.0544
vn -0.3863 0.8580 0.3386
vn -0.4128 0.9003 0.1384
vn -0.3189 0.9139 0.2513
vn -0.4534 0.6926 0.5610
vn -0.1646 0.7844 0.5981
vn -0.1372 0.9723 -0.1890
vn -0.2101 0.8054 -0.5542
vn -0.4379 0.8977 -0.0489
vn 0.0876 0.6899 -0.7185
vn 0.1237 0.3868 -0.9138
vn 0.0343 0.7650 -0.6431
vn 0.1251 0.5137 -0.8488
vn -0.0508 0.7149 -0.6974
vn 0.1129 0.9435 -0.3117
vn 0.2406 0.9690 0.0552
vn 0.0711 0.9583 0.2767
vn 0.0490 0.9666 -0.2516
vn -0.1334 0.9731 -0.1877
vn -0.2849 0.9246 0.2528
vn -0.4415 0.6089 0.6591
vn -0.3297 0.6482 0.6864
vn -0.2194 0.4634 0.8586
vn -0.2296 0.4142 0.8807
vn -0.3823 0.6436 0.6631
vn -0.7635 0.6347 -0.1197
vn -0.6741 0.6557 0.3400
vn -0.4268 0.8980 0.1068
vn -0.6725 0.6892 -0.2697
vn -0.4206 0.9062 -0.0434
vn -0.3647 0.9120 -0.1875
vn -0.3186 0.8668 -0.3836
vn -0.4402 0.7791 -0.4464
vn -0.5796 0.5469 -0.6041
vn -0.4973 0.8114 0.3072
vn -0.4609 0.7812 0.4210
vn -0.6823 0.6194 0.3883
vn -0.5813 0.5622 0.5882
vn -0.5985 0.7149 0.3614
vn -0.3571 0.6559 0.6651
vn -0.6142 0.6297 0.4756
vn -0.3408 0.7476 0.5700
vn -0.5838 0.6233 0.5203
vn -0.8520 0.4993 0.1574
vn -0.9682 0.1900 0.1628
vn -0.8584 0.3028 0.4141
vn -0.5253 0.8227 0.2173
vn -0.5854 0.6044 0.5404
vn -0.7359 0.3691 0.5676
vn -0.6618 0.6926 0.2870
vn -0.6014 0.5438 0.5853
vn -0.4968 0.8592 0.1226
vn -0.4007 0.5355 0.7434
vn -0.6561 0.6300 0.4155
vn -0.8699 0.2670 0.4148
vn -0.9064 -0.0209 0.4218
vn -0.7546 0.3107 0.5779
vn -0.8881 0.2914 0.3555
vn -0.7463 0.0484 0.6639
vn -0.9279 -0.1639 0.3349
vn -0.7834 0.1257 0.6087
vn -0.8917 0.1076 0.4397
vn -0.8400 0.1832 0.5107
vn -0.8917 0.0625 0.4482
vn -0.5955 0.5053 0.6245
vn -0.7777 0.2859 0.5599
vn -0.7922 0.4306 0.4324
vn -0.5174 0.6122 0.5979
vn -0.4569 0.5038 0.7331
vn -0.5671 0.2698 0.7782
vn -0.6181 0.4927 0.6126
vn -0.4367 0.6398 0.6324
vn -0.5048 0.6534 0.5641
vn -0.5174 0.6733 0.5282
vn -0.5512 0.7477 0.3702
vn -0.1279 0.1772 0.9758
vn -0.2566 0.6297 0.7333
vn -0.4853 0.5711 0.6621
vn -0.7115 0.0257 0.7022
vn -0.7880 0.1027 0.6071
vn -0.6264 0.0228 0.7791
vn -0.3904 0.0545 0.9190
vn -0.6412 -0.2395 0.7290
vn -0.4064 -0.1111 0.9069
vn 0.0301 -0.2427 0.9696
vn -0.6038 0.6398 0.4755
vn -0.7940 0.0973 0.6000
vn -0.7970 0.3172 0.5140
vn -0.7380 -0.1342 0.6613
vn -0.5894 0.1707 0.7896
vn -0.5378 0.1469 0.8302
vn -0.3391 0.6955 0.6335
vn -0.4996 0.5386 0.6784
vn -0.5323 0.4226 0.7335
vn -0.5697 0.4205 0.7062
vn -0.4452 0.5967 0.6676
vn -0.1512 0.4592 0.8754
vn -0.8750 -0.3477 0.3368
vn -0.8068 -0.4850 0.3373
vn -0.7555 -0.4753 0.4509
vn -0.7461 -0.4831 0.4581
vn -0.9346 0.0402 0.3535
vn -0.8291 -0.1927 0.5248
vn -0.9652 -0.0448 0.2577
vn -0.7222 -0.3109 0.6179
vn -0.6995 -0.0301 0.7140
vn -0.9652 0.1264 0.2291
vn -0.8469 0.0525 0.5291
vn -0.9123 0.1532 0.3797
vn -0.6716 -0.4191 0.6110
vn -0.7918 -0.4644 0.3967
vn -0.6879 -0.7249 0.0360
vn -0.7637 -0.4917 0.4182
vn -0.8572 -0.5067 0.0920
vn -0.6066 -0.7819 0.1440
vn -0.7059 -0.7029 -0.0873
vn -0.4052 -0.9074 -0.1115
vn -0.6696 -0.5029 0.5466
vn -0.4608 -0.8353 0.2999
vn -0.8494 -0.5257 -0.0463
vn -0.7039 -0.4324 -0.5635
vn -0.6438 -0.4376 -0.6277
vn -0.1111 -0.3661 -0.9239
vn -0.2004 -0.7773 -0.5964
vn 0.0886 -0.6136 -0.7846
vn -0.9870 -0.0966 -0.1288
vn -0.9258 -0.3470 -0.1498
vn -0.4585 0.4618 -0.7593
vn -0.5458 0.7670 -0.3374
vn -0.6066 0.7354 -0.3021
vn -0.4237 0.7687 0.4792
vn -0.6744 0.4972 0.5459
vn -0.3979 0.7711 0.4970
vn -0.4361 0.7800 0.4488
vn -0.3582 0.7810 0.5115
vn -0.3439 0.6740 0.6538
vn 0.0677 -0.4277 -0.9014
vn 0.2910 -0.4741 -0.8310
vn 0.0811 -0.6362 -0.7672
vn 0.4079 -0.6966 -0.5902
vn 0.3053 -0.6022 -0.7377
vn 0.3561 -0.6796 -0.6414
vn 0.2811 -0.3453 -0.8954
vn -0.0068 -0.1863 -0.9825
vn 0.7502 -0.3344 -0.5704
vn 0.9499 -0.1539 -0.2720
vn 0.8759 -0.0161 -0.4823
vn 0.7042 -0.0032 -0.7100
vn 0.6580 0.1483 -0.7383
vn 0.4619 -0.5496 -0.6961
vn 0.5214 -0.5548 -0.6483
vn 0.7621 -0.3835 -0.5217
vn 0.9158 -0.2178 -0.3375
vn 0.9352 -0.2673 -0.2323
vn 0.0802 -0.9945 -0.0671
vn 0.7672 -0.2747 -0.5796
vn 0.1116 -0.9896 -0.0907
vn -0.0607 -0.9926 -0.1050
vn -0.0211 -0.8576 -0.5139
vn 0.4017 -0.6108 -0.6823
vn 0.0248 -0.9888 0.1472
vn -0.0041 -0.5000 0.8660
vn 0.1905 -0.0723 0.9790
vn 0.2519 -0.5490 0.7969
vn 0.4458 -0.1164 0.8876
vn 0.2284 -0.9725 0.0447
vn 0.1097 -0.9913 0.0723
vn 0.1759 -0.9569 0.2312
vn 0.3299 -0.7616 0.5579
vn 0.0190 -0.9970 -0.0756
vn -0.0078 -0.9813 -0.1921
vn 0.1213 -0.9468 0.2982
vn 0.2624 -0.9647 0.0207
vn -0.1091 -0.9730 -0.2036
vn -0.2153 -0.9681 0.1281
vn -0.2076 -0.9591 -0.1927
vn 0.0145 -0.2437 -0.9697
vn 0.0063 0.3640 -0.9314
vn -0.0783 -0.7587 -0.6467
vn 0.0230 -0.9909 -0.1328
vn 0.1389 -0.9278 0.3462
vn -0.2054 0.3795 -0.9021
vn -0.2068 0.3016 -0.9307
vn -0.2940 -0.1334 -0.9464
vn 0.2182 -0.1935 -0.9565
vn 0.1151 -0.9577 0.2638
vn 0.4798 -0.2886 -0.8285
vn 0.0361 -0.0222 -0.9991
vn 0.3417 -0.3027 -0.8897
vn 0.6252 0.0228 -0.7801
vn -0.0678 0.1863 -0.9801
vn 0.2914 -0.6105 -0.7365
vn 0.2519 -0.8812 -0.4000
vn 0.7702 0.1770 -0.6127
vn -0.1340 -0.9880 0.0765
vn -0.1181 -0.9844 0.1306
vn -0.0549 -0.9490 -0.3104
vn 0.0988 -0.9832 0.1533
vn 0.0223 -0.9650 0.2612
vn 0.2720 -0.9467 0.1724
vn 0.1801 -0.8916 0.4155
vn 0.1121 -0.6087 -0.7855
vn 0.0851 -0.9642 -0.2511
vn -0.1331 -0.9096 -0.3935
vn -0.0483 -0.8814 0.4700
vn 0.0134 -0.9222 0.3866
vn 0.2983 -0.8027 -0.5164
vn 0.1162 -0.9508 -0.2873
vn -0.1084 -0.9444 0.3105
vn -0.3512 -0.9027 0.2485
vn -0.3038 -0.9428 -0.1372
vn -0.2694 -0.9617 0.0510
vn -0.5281 -0.8492 0.0008
vn -0.1496 -0.9468 0.2850
vn 0.7767 -0.3306 -0.5361
vn -0.1197 -0.9655 -0.2314
vn 0.0549 -0.9897 -0.1323
vn -0.1366 -0.9904 0.0214
vn -0.3340 -0.9371 -0.1016
vn -0.0877 -0.9900 -0.1104
vn -0.6971 -0.7170 -0.0012
vn -0.0600 -0.9980 -0.0180
vn 0.7229 -0.6640 0.1911
vn 0.8455 -0.5335 0.0230
vn 0.4598 -0.0432 0.8870
vn 0.9745 0.2135 -0.0696
vn 0.1812 -0.9422 0.2818
vn 0.7904 -0.1578 0.5919
vn 0.9201 -0.3059 0.2445
vn 0.9361 -0.3288 -0.1248
vn 0.1893 -0.9078 -0.3741
vn 0.9605 -0.1556 -0.2307
vn 0.4323 -0.8948 -0.1119
vn 0.2351 -0.9667 -0.1013
vn 0.1981 -0.9632 0.1817
vn 0.3150 -0.8644 -0.3920
vn 0.3901 -0.9169 -0.0842
vn -0.3487 -0.9372 -0.0031
vn 0.2965 -0.9529 -0.0633
vn -0.5312 -0.6967 -0.4821
vn 0.3277 -0.9353 0.1337
vn 0.9623 -0.2499 0.1070
vn 0.8791 -0.2771 -0.3877
vn -0.4549 -0.1984 0.8682
vn 0.9186 -0.2641 0.2939
vn 0.7724 0.1933 0.6050
vn 0.2657 0.1943 0.9443
vn 0.4414 -0.0000 0.8973
vn 0.0688 -0.0174 0.9975
vn 0.0106 0.0411 0.9991
vn 0.2371 0.0965 0.9667
vn 0.3527 -0.0763 0.9326
vn -0.2868 -0.1432 0.9472
vn 0.8814 0.3209 0.3466
vn 0.6405 0.2318 0.7321
vn 0.9622 0.0950 0.2553
vn 0.9154 0.3771 -0.1408
vn -0.2828 -0.7322 0.6196
vn 0.3833 -0.0503 -0.9222
vn 0.3624 -0.1788 -0.9147
vn 0.5367 -0.4151 -0.7346
vn 0.3999 0.2212 -0.8895
vn 0.2541 -0.2481 -0.9348
vn 0.4195 -0.5595 -0.7148
vn 0.3194 -0.5730 -0.7547
vn 0.3641 -0.4588 -0.8105
vn 0.3216 -0.6830 -0.6558
vn 0.1224 -0.6963 -0.7073
vn 0.2376 -0.7439 -0.6247
vn 0.3668 -0.7190 -0.5903
vn -0.0364 -0.6877 -0.7251
vn 0.2004 -0.8073 -0.5550
vn 0.1678 -0.7421 -0.6490
vn 0.1392 -0.6837 -0.7164
vn 0.2890 -0.8474 -0.4455
vn 0.2109 -0.9272 -0.3095
vn 0.0581 -0.9378 -0.3424
vn 0.1521 -0.8706 -0.4679
vn 0.2244 -0.9301 -0.2909
vn 0.1240 -0.9915 0.0385
vn 0.0607 -0.9761 -0.2087
vn 0.3094 -0.6883 -0.6561
vn -0.0306 -0.8313 -0.5550
vn 0.0426 -0.9215 -0.3861
vn 0.0459 -0.9117 0.4083
vn -0.1495 -0.6092 0.7788
vn -0.1246 -0.7700 0.6258
vn -0.1488 -0.7727 0.6170
vn -0.1357 -0.9901 -0.0365
vn -0.0118 -0.9728 0.2315
vn -0.0839 -0.9170 0.3901
vn -0.0214 -0.7640 0.6448
vn 0.0410 -0.9765 0.2117
vn 0.2570 -0.7774 -0.5741
vn 0.0108 -0.9860 0.1663
vn 0.1213 -0.9304 -0.3459
vn 0.2927 -0.7194 -0.6300
vn 0.0042 -0.9976 0.0697
vn -0.1447 -0.9809 -0.1300
vn 0.0986 -0.8701 -0.4829
vn -0.5030 -0.6173 0.6048
vn -0.0079 -0.7772 0.6293
vn -0.2428 -0.6765 0.6952
vn -0.2474 -0.8121 0.5285
vn -0.5564 -0.6424 0.5270
vn -0.0981 -0.8266 -0.5541
vn -0.0483 -0.8746 -0.4824
vn -0.0133 -0.8307 -0.5565
vn -0.0426 -0.8986 -0.4367
vn 0.0008 -0.8638 -0.5039
vn 0.0749 -0.8467 -0.5268
vn -0.0243 -0.9498 -0.3120
vn 0.0542 -0.9039 -0.4242
vn 0.0375 -0.9896 0.1391
vn -0.0016 -0.9887 -0.1501
vn 0.0101 -0.9762 -0.2167
vn 0.0155 -0.7912 -0.6113
vn 0.1132 -0.8901 -0.4415
vn 0.4234 -0.7177 -0.5529
vn 0.2874 -0.9359 -0.2036
vn 0.5025 -0.6000 -0.6225
vn 0.6590 -0.6154 -0.4324
vn 0.2612 -0.9502 0.1700
vn 0.5600 -0.8237 -0.0886
vn 0.1482 -0.9635 -0.2231
vn -0.1352 -0.5435 -0.8284
vn 0.1056 -0.6264 -0.7723
vn -0.0551 -0.6495 -0.7584
vn 0.0607 -0.5899 -0.8052
vn 0.1344 -0.7310 -0.6690
vn 0.0468 -0.5688 -0.8212
vn -0.2053 -0.6580 -0.7245
vn -0.0446 -0.5205 -0.8527
vn -0.0117 -0.8886 -0.4586
vn 0.1074 -0.7761 -0.6214
vn 0.0893 -0.9107 -0.4032
vn -0.0141 -0.8578 -0.5138
vn -0.0861 -0.6527 -0.7527
vn -0.0572 -0.8175 -0.5731
vn -0.1074 -0.5655 -0.8177
vn -0.0335 -0.7531 -0.6570
vn -0.0552 -0.3376 -0.9397
vn -0.0593 -0.7141 -0.6975
vn 0.0057 -0.2010 -0.9796
vn 0.0013 -0.1767 -0.9843
vn -0.2971 -0.1107 -0.9484
vn 0.0686 -0.9577 -0.2796
vn 0.0867 -0.7526 -0.6528
vn 0.1547 -0.9742 -0.1642
vn -0.1451 -0.3621 -0.9208
vn 0.0919 -0.4370 -0.8948
vn 0.2373 -0.7892 -0.5665
vn 0.2805 -0.4020 -0.8716
vn 0.1167 -0.5391 -0.8341
vn -0.1317 -0.1488 -0.9801
vn -0.0978 0.0519 -0.9939
vn -0.1628 -0.0304 -0.9862
vn -0.2898 -0.1205 -0.9495
vn -0.4789 -0.2554 -0.8399
vn -0.1266 0.1415 -0.9818
vn 0.1251 -0.1136 -0.9856
vn 0.2412 -0.6083 -0.7562
vn -0.0005 -0.2478 -0.9688
vn 0.2543 -0.5248 -0.8123
vn 0.0925 -0.0220 -0.9955
vn 0.0825 -0.0819 -0.9932
vn -0.5647 -0.7614 0.3184
vn -0.8173 -0.3857 0.4281
vn -0.8932 -0.3199 0.3161
vn -0.8431 -0.3437 0.4137
vn -0.4970 -0.5475 0.6733
vn -0.9072 -0.3880 0.1625
vn -0.3977 -0.9034 0.1603
vn 0.4460 -0.8942 -0.0389
vn -0.7496 -0.6283 -0.2081
vn -0.8753 -0.4790 -0.0671
vn -0.3816 -0.9157 0.1259
vn 0.6643 -0.2799 0.6931
vn -0.1054 -0.7970 0.5947
vn 0.6467 -0.7369 0.1968
vn 0.2359 -0.9660 0.1053
vn -0.6216 -0.6719 0.4027
vn -0.3808 -0.9236 0.0448
vn -0.9574 -0.2852 -0.0451
vn -0.9566 -0.2040 -0.2082
vn -0.8604 -0.3344 -0.3847
vn -0.8653 -0.2459 0.4367
vn -0.8685 -0.4956 0.0017
vn -0.8373 -0.5381 0.0968
vn -0.8377 -0.4872 -0.2470
vn -0.8760 -0.2136 -0.4325
vn -0.3569 -0.1257 -0.9257
vn -0.2615 0.1332 -0.9560
vn -0.7730 -0.0306 -0.6336
vn -0.5818 -0.5133 -0.6310
vn -0.8679 -0.3055 -0.3916
vn 0.2270 0.1699 -0.9590
vn -0.1552 -0.2112 -0.9650
vn -0.2751 0.2471 -0.9291
vn -0.7607 -0.3382 -0.5540
vn -0.8875 0.1342 -0.4409
vn -0.8044 0.4968 -0.3258
vn -0.5613 0.8265 -0.0432
vn -0.7437 0.0275 -0.6679
vn -0.1439 0.0777 -0.9865
vn -0.4791 0.0308 -0.8772
vn -0.7485 0.1312 -0.6500
vn -0.7061 0.1825 -0.6842
vn -0.5327 0.3612 -0.7653
vn -0.6878 0.5975 -0.4123
vn 0.1551 -0.0096 -0.9879
vn 0.2789 -0.0831 -0.9567
vn 0.2250 0.2348 -0.9456
vn 0.7662 0.2653 -0.5853
vn 0.4682 0.0423 -0.8826
vn -0.9890 -0.1472 0.0176
vn -0.9960 -0.0880 0.0149
vn -0.9503 0.3102 -0.0262
vn -0.8337 -0.2266 0.5036
vn -0.8454 -0.4064 -0.3467
vn -0.9582 -0.2680 0.0997
vn -0.9228 -0.1080 -0.3698
vn -0.9690 -0.1720 0.1772
vn -0.8718 0.1005 0.4794
vn -0.7455 -0.3081 0.5910
vn -0.8047 0.5518 0.2190
vn -0.9887 0.0200 0.1485
vn -0.9836 0.0359 -0.1768
vn -0.7887 0.5837 -0.1930
vn -0.9506 -0.1988 0.2386
vn -0.8448 -0.1711 -0.5070
vn -0.7849 -0.0296 0.6190
vn -0.3347 -0.5506 -0.7647
vn -0.7097 -0.7032 -0.0433
vn -0.5377 -0.8263 -0.1676
vn -0.4047 -0.9118 -0.0701
vn 0.3249 -0.8273 -0.4583
vn -0.8832 -0.4429 0.1544
vn 0.0198 -0.9998 -0.0026
vn -0.8395 -0.5348 -0.0957
vn 0.9249 -0.3801 0.0021
vn 0.9340 -0.2693 0.2347
vn 0.1142 -0.9908 0.0733
vn -0.5487 -0.5362 -0.6414
vn -0.7668 -0.5449 -0.3393
vn -0.3432 -0.8943 -0.2872
vn -0.1295 -0.9858 -0.1067
vn 0.9272 -0.2109 0.3095
vn 0.2958 -0.9476 -0.1209
vn 0.0076 -0.2987 -0.9543
vn -0.0340 -0.1898 -0.9812
vn -0.0603 -0.9651 0.2548
vn -0.0275 -0.9219 -0.3865
vn 0.0276 -0.9734 0.2274
vn -0.1590 -0.9742 0.1602
vn -0.1294 -0.9823 -0.1351
vn -0.1996 -0.9563 -0.2135
vn -0.1115 -0.9788 -0.1718
vn -0.0669 -0.9935 -0.0924
vn 0.1852 -0.9080 0.3759
vn 0.0669 -0.9687 0.2391
vn 0.1273 -0.9887 -0.0790
vn -0.0265 -0.9618 -0.2723
vn 0.2960 -0.8700 -0.3944
vn 0.3045 -0.9241 0.2307
vn 0.4176 -0.9086 -0.0102
vn 0.4902 -0.8534 -0.1774
vn 0.0888 -0.8751 0.4757
vn 0.7067 -0.2377 0.6664
vn 0.5784 -0.7811 -0.2351
vn 0.2247 -0.8493 -0.4778
vn 0.1187 -0.9432 -0.3103
vn -0.0881 -0.9248 -0.3702
vn -0.1889 -0.9446 -0.2685
vn 0.3767 -0.7359 -0.5626
vn 0.2417 -0.7779 -0.5801
vn 0.7608 -0.2781 -0.5865
vn 0.7632 -0.1094 -0.6369
vn 0.8510 -0.0920 -0.5170
vn 0.7169 -0.5552 -0.4217
vn 0.8934 -0.3996 -0.2055
vn 0.9897 -0.1266 -0.0670
vn 0.9494 -0.3135 -0.0191
vn 0.7439 -0.5967 -0.3009
vn 0.8107 -0.5849 0.0266
vn 0.6121 -0.7140 -0.3398
vn 0.4274 -0.7366 -0.5241
vn 0.4965 -0.6454 -0.5804
vn 0.3435 -0.6927 -0.6342
vn 0.6847 -0.2472 -0.6857
vn 0.7584 0.1128 -0.6420
vn 0.7669 0.1165 -0.6311
vn 0.6320 0.2702 -0.7263
vn 0.7103 0.0355 -0.7030
vn 0.6242 -0.1232 -0.7714
vn 0.5408 -0.0243 -0.8408
vn 0.5744 -0.1960 -0.7947
vn 0.3404 0.4464 -0.8276
vn 0.5226 0.3526 -0.7762
vn 0.7115 0.2802 -0.6444
vn 0.7827 0.0573 -0.6198
vn 0.5639 0.4178 -0.7123
vn 0.6058 0.3458 -0.7165
vn 0.5637 -0.0010 -0.8260
vn 0.8444 -0.0794 -0.5298
vn 0.1048 -0.0403 -0.9937
vn 0.2815 0.1474 -0.9482
vn 0.4973 -0.1952 -0.8453
vn 0.5383 -0.1293 -0.8327
vn 0.6098 0.0427 -0.7914
vn 0.2620 0.0469 -0.9639
vn 0.3130 0.3821 -0.8695
vn 0.0647 0.3087 -0.9489
vn 0.4151 0.6728 -0.6124
vn 0.5072 0.2046 -0.8372
vn 0.4250 0.0259 -0.9048
vn 0.4598 -0.4067 -0.7894
vn 0.2206 -0.8235 -0.5227
vn 0.3468 -0.5496 -0.7601
vn 0.3619 -0.4380 -0.8229
vn 0.3009 -0.4357 -0.8483
vn 0.4754 -0.3880 -0.7896
vn 0.3399 -0.2914 -0.8942
vn 0.3540 -0.6201 -0.7001
vn 0.2119 -0.4185 -0.8832
vn 0.3647 -0.4910 -0.7911
vn 0.3718 -0.1141 -0.9213
vn 0.1859 -0.8665 -0.4632
vn 0.2637 -0.7599 -0.5942
vn 0.1713 -0.7824 -0.5988
vn 0.1624 -0.7373 -0.6558
vn 0.3037 -0.7984 -0.5200
vn 0.2110 -0.6539 -0.7266
vn 0.2574 -0.8406 -0.4765
vn 0.1542 -0.9274 -0.3408
vn -0.0773 -0.9480 -0.3088
vn 0.1698 -0.8416 -0.5127
vn 0.5406 -0.5855 -0.6041
vn 0.0678 -0.9314 -0.3575
vn 0.2550 -0.9060 -0.3380
vn 0.1884 -0.9371 -0.2938
vn 0.4401 -0.7642 -0.4715
vn 0.5602 0.8281 0.0185
vn 0.8439 0.5365 -0.0044
vn 0.5833 -0.7602 -0.2862
vn 0.4890 -0.8298 -0.2690
vn 0.3883 0.6337 -0.6691
vn 0.5814 -0.7479 -0.3204
vn 0.2307 -0.9179 -0.3229
vn 0.9836 -0.1662 0.0696
vn -0.0814 -0.9318 -0.3536
vn 0.9724 0.2092 0.1031
vn 0.2628 0.8983 0.3522
vn 0.2483 0.9319 0.2643
vn 0.4503 -0.5732 -0.6845
vn 0.4569 -0.5072 -0.7308
vn 0.5540 -0.3923 -0.7343
vn 0.7247 -0.2211 -0.6526
vn 0.2477 -0.0932 -0.9643
vn 0.1544 -0.3239 -0.9334
vn 0.3350 -0.2702 -0.9027
vn 0.1588 -0.3266 -0.9317
vn 0.2540 -0.1218 -0.9595
vn 0.4045 -0.2453 -0.8810
vn 0.2777 -0.2053 -0.9385
vn 0.3123 -0.1173 -0.9427
vn 0.3648 0.0306 -0.9306
vn 0.0972 0.0648 -0.9932
vn 0.1909 -0.0686 -0.9792
vn 0.0714 -0.7114 -0.6991
vn -0.1584 -0.3221 -0.9333
vn 0.2387 -0.6164 -0.7504
vn 0.0391 -0.8291 -0.5577
vn 0.2693 -0.6702 -0.6916
vn 0.1004 -0.7651 -0.6360
vn -0.0060 -0.8667 -0.4988
vn 0.2621 -0.8079 -0.5278
vn 0.1207 0.9786 -0.1668
vn 0.1392 -0.7981 -0.5862
vn -0.1523 -0.9488 0.2767
vn 0.1168 0.0098 -0.9931
vn 0.0288 -0.3017 -0.9530
vn 0.1858 -0.0368 -0.9819
vn -0.1087 -0.0158 -0.9939
vn -0.1142 0.0687 -0.9911
vn -0.1424 -0.0000 -0.9898
vn -0.1877 -0.2102 -0.9595
vn 0.0659 -0.3530 -0.9333
vn -0.1121 -0.2385 -0.9647
vn 0.0926 -0.4122 -0.9064
vn 0.0711 -0.7122 -0.6984
vn 0.0595 -0.6567 -0.7518
vn -0.1052 -0.6228 -0.7753
vn -0.0936 -0.3102 -0.9460
vn -0.1024 -0.5084 -0.8550
vn 0.1843 0.2948 -0.9376
vn -0.1171 -0.6485 -0.7521
vn 0.1630 0.4865 -0.8583
vn 0.3659 -0.1247 -0.9222
vn 0.0214 0.4965 -0.8678
vn -0.0281 -0.1921 -0.9810
vn -0.1739 0.1809 -0.9680
vn 0.1465 0.1978 -0.9692
vn 0.2026 -0.0251 -0.9789
vn 0.1441 -0.1526 -0.9777
vn 0.1120 -0.6182 -0.7780
vn 0.1051 -0.1835 -0.9774
vn 0.1033 -0.7492 -0.6542
vn 0.3293 0.3462 -0.8785
vn 0.1269 -0.8591 -0.4959
vn 0.2592 -0.6106 -0.7483
vn 0.1756 0.6236 -0.7618
vn 0.2801 -0.8421 -0.4609
vn 0.3780 -0.5411 -0.7512
vn 0.1964 -0.7215 -0.6640
vn 0.2823 -0.5166 -0.8084
vn 0.1943 -0.8428 -0.5020
vn 0.1075 -0.6826 -0.7229
vn 0.3032 -0.7319 -0.6102
vn 0.0496 0.2527 -0.9663
vn 0.0838 0.2539 -0.9636
vn -0.0557 0.3100 -0.9491
vn 0.2135 0.1917 -0.9579
vn 0.1320 0.6359 -0.7604
vn 0.2839 0.5008 -0.8177
vn 0.1710 0.6471 -0.7430
vn 0.2794 0.3852 -0.8795
vn -0.1029 0.5222 -0.8466
vn 0.4452 0.2304 -0.8653
vn 0.2350 0.6021 -0.7631
vn 0.0528 0.5482 -0.8347
vn 0.2381 0.5821 -0.7774
vn -0.0442 0.7057 -0.7071
vn 0.4436 0.4174 -0.7931
vn 0.5143 0.6424 -0.5682
vn 0.4042 0.4061 -0.8196
vn 0.5007 0.4706 -0.7265
vn 0.5550 0.7526 -0.3544
vn 0.5392 0.3127 -0.7819
vn 0.1564 0.6337 -0.7576
vn 0.8197 0.2735 -0.5032
vn 0.6172 0.4741 -0.6279
vn 0.6069 0.6460 -0.4631
vn 0.3471 0.6600 -0.6663
vn 0.6484 0.5688 -0.5060
vn 0.3347 0.8278 -0.4502
vn 0.4032 0.5955 -0.6948
vn 0.9579 0.0050 -0.2869
vn 0.8742 0.1796 -0.4512
vn 0.9535 0.2956 -0.0586
vn 0.9503 0.0922 -0.2972
vn 0.8027 0.2568 -0.5383
vn 0.9834 0.1232 -0.1330
vn 0.9308 0.3654 -0.0052
vn 0.6606 0.4762 -0.5804
vn 0.4452 0.8761 -0.1849
vn 0.5600 0.7369 -0.3786
vn 0.5898 0.7652 -0.2581
vn 0.4515 0.8348 -0.3149
vn 0.5082 0.8588 0.0641
vn 0.6597 0.5355 -0.5273
vn 0.5452 0.8362 -0.0592
vn 0.7368 0.6761 0.0093
vn 0.8405 0.5418 0.0069
vn 0.2371 0.9063 -0.3500
vn 0.1533 0.8598 -0.4871
vn 0.4838 0.7783 -0.4002
vn 0.4418 0.7573 -0.4809
vn 0.3764 0.7762 -0.5058
vn 0.1538 0.8564 -0.4928
vn 0.6249 0.5412 -0.5627
vn 0.6299 0.5969 -0.4969
vn 0.1608 0.8800 -0.4470
vn 0.1256 0.9315 -0.3414
vn 0.0788 0.9655 -0.2480
vn 0.1998 0.7607 -0.6175
vn 0.3397 0.8401 -0.4228
vn 0.2251 0.7483 -0.6240
vn 0.3071 0.8161 -0.4895
vn -0.1223 0.6727 -0.7297
vn 0.2600 0.8478 -0.4623
vn -0.0182 0.8095 -0.5868
vn 0.1011 0.8897 -0.4451
vn 0.0801 0.9390 -0.3344
vn 0.2938 0.9427 -0.1579
vn 0.4333 0.8712 -0.2308
vn 0.3941 0.6714 -0.6276
vn 0.3123 0.9431 -0.1145
vn 0.2071 0.9668 0.1495
vn 0.4206 0.8506 -0.3155
vn 0.2299 0.9591 -0.1651
vn 0.1486 0.9872 -0.0586
vn 0.4651 0.8775 -0.1169
vn 0.3643 0.8361 -0.4101
vn 0.4378 0.8698 -0.2276
vn 0.2500 0.9141 -0.3192
vn 0.5400 0.8368 0.0905
vn 0.1375 0.4305 0.8921
vn 0.5520 0.8274 0.1031
vn 0.4110 0.8870 -0.2107
vn 0.1744 0.6095 0.7734
vn 0.2131 0.9360 0.2802
vn 0.3989 0.8266 0.3970
vn 0.3926 0.9157 -0.0861
vn 0.4650 0.8306 -0.3063
vn 0.4528 0.8406 -0.2974
vn 0.2225 0.9330 -0.2829
vn -0.1441 0.9889 -0.0350
vn -0.0633 0.9297 0.3627
vn -0.1316 0.6552 0.7439
vn -0.3264 0.8579 -0.3968
vn 0.1986 0.8933 -0.4032
vn -0.1005 0.8790 -0.4661
vn 0.3274 0.9189 -0.2201
vn -0.0028 0.8564 -0.5163
vn -0.2294 0.6148 -0.7545
vn 0.3669 0.8111 -0.4555
vn 0.2873 0.5994 -0.7472
vn 0.0270 0.6978 -0.7158
vn 0.1304 0.8560 -0.5003
vn -0.4878 0.6377 -0.5962
vn 0.1185 0.3635 -0.9240
vn -0.2459 0.2841 -0.9267
vn -0.0383 0.5351 -0.8439
vn 0.0633 0.3245 -0.9437
vn 0.1968 0.1782 -0.9641
vn -0.0612 0.3039 -0.9507
vn -0.0474 0.8900 -0.4535
vn -0.1693 0.8209 -0.5454
vn 0.0791 0.7347 -0.6738
vn -0.1807 0.8444 -0.5044
vn -0.3173 0.7814 -0.5374
vn -0.0988 0.8312 -0.5471
vn -0.1366 0.5149 -0.8463
vn -0.0002 0.2154 -0.9765
vn 0.1035 0.5112 -0.8532
vn -0.4282 0.2204 -0.8764
vn -0.2060 0.4678 -0.8595
vn -0.5503 0.1873 -0.8137
vn 0.1625 0.2172 -0.9625
vn -0.2606 0.2474 -0.9332
vn 0.4097 -0.5427 0.7333
vn 0.1880 -0.8163 0.5461
vn 0.3167 -0.8597 0.4008
vn 0.5849 -0.8062 0.0895
vn 0.6677 -0.3793 0.6405
vn 0.7958 -0.5530 0.2469
vn 0.3963 -0.9179 0.0194
vn 0.8660 -0.1383 0.4806
vn 0.7330 -0.2251 0.6419
vn -0.0424 -0.6779 0.7340
vn -0.0674 -0.7616 0.6445
vn 0.1685 -0.9810 0.0965
vn 0.0576 -0.4903 0.8696
vn 0.1647 -0.9861 -0.0201
vn -0.1285 -0.9772 0.1689
vn 0.0285 -0.9940 0.1059
vn -0.0871 -0.9960 0.0183
vn -0.2178 -0.9758 0.0173
vn -0.1609 -0.9855 0.0543
vn -0.2714 -0.9476 0.1687
vn -0.4372 -0.8874 0.1465
vn -0.5890 -0.7296 0.3475
vn -0.1602 -0.9866 -0.0310
vn -0.2949 -0.9464 0.1315
vn 0.0292 -0.9929 0.1156
vn -0.1691 -0.9675 0.1880
vn 0.0771 -0.9968 0.0193
vn -0.3188 -0.9425 0.1001
vn 0.0097 -0.9428 0.3331
vn 0.3823 -0.8607 -0.3363
vn 0.1268 -0.9919 -0.0048
vn -0.0539 -0.9722 0.2277
vn -0.0359 -0.9386 0.3431
vn -0.0305 -0.9769 0.2114
vn -0.0633 -0.3922 0.9177
vn 0.1916 -0.0668 0.9792
vn 0.0157 -0.9582 0.2857
vn 0.1865 -0.9707 0.1513
vn 0.4958 -0.6896 0.5279
vn 0.4423 0.3602 0.8214
vn 0.1187 0.9400 0.3199
vn 0.0515 0.6687 0.7417
vn 0.0654 -0.9815 0.1798
vn -0.4076 -0.8476 0.3397
vn 0.0515 -0.0463 -0.9976
vn 0.2940 -0.5047 -0.8117
vn 0.1161 -0.2384 -0.9642
vn 0.5129 -0.3839 -0.7678
vn 0.3177 -0.4235 -0.8483
vn 0.6614 -0.4868 -0.5707
vn 0.2400 -0.1406 -0.9605
vn 0.2416 -0.4018 -0.8833
vn 0.2991 -0.2849 -0.9107
vn 0.3279 -0.1366 -0.9348
vn 0.7335 -0.3102 -0.6048
vn 0.4000 0.0865 -0.9124
vn 0.6283 0.3305 -0.7043
vn 0.4347 0.0240 -0.9003
vn 0.5921 0.1339 -0.7946
vn 0.2775 0.0936 -0.9561
vn 0.5532 0.7404 0.3819
vn 0.6088 0.7896 0.0762
vn 0.4499 0.8681 0.2098
vn 0.7269 0.6393 0.2507
vn 0.6206 0.6740 -0.4007
vn 0.7927 0.4624 -0.3972
vn 0.5781 0.8022 0.1490
vn 0.8683 0.4384 0.2318
vn 0.8745 0.4380 0.2081
vn 0.9048 0.3999 -0.1461
vn 0.5059 0.3551 -0.7861
vn 0.4865 0.4006 -0.7765
vn 0.1032 0.5711 -0.8144
vn 0.0701 0.1615 0.9844
vn 0.4489 0.4770 -0.7556
vn 0.2942 0.4208 -0.8581
vn 0.5379 0.4206 -0.7306
vn 0.9311 0.1305 -0.3405
vn 0.8855 0.2874 -0.3650
vn 0.9748 -0.2233 0.0003
vn 0.9168 0.2985 -0.2652
vn 0.9713 0.2325 0.0508
vn 0.9458 0.2453 -0.2128
vn 0.9123 0.2973 0.2817
vn 0.9451 -0.3140 0.0908
vn 0.9997 -0.0073 -0.0217
vn 0.9758 -0.1361 0.1710
vn 0.6544 0.0371 0.7552
vn 0.6955 0.0602 0.7160
vn 0.4869 -0.0194 0.8733
vn 0.6403 0.0677 0.7651
vn 0.5355 0.1966 0.8213
vn 0.2660 -0.2783 0.9229
vn 0.1112 -0.2701 0.9564
vn 0.1400 -0.1132 0.9837
vn 0.0998 -0.3240 0.9408
vn 0.1068 -0.4608 0.8811
vn 0.9540 0.0024 0.2998
vn 0.8787 0.1421 0.4557
vn 0.8994 0.1107 0.4230
vn 0.8974 0.4266 0.1127
vn 0.7560 0.3199 0.5711
vn 0.3743 -0.3508 -0.8584
vn 0.2550 -0.4808 -0.8390
vn 0.0396 -0.6027 -0.7969
vn 0.0921 -0.0014 -0.9957
vn 0.4056 -0.0162 -0.9139
vn 0.2909 0.1897 -0.9378
vn 0.4091 -0.1541 -0.8994
vn 0.3319 -0.2742 -0.9026
vn 0.1742 -0.1509 -0.9731
vn 0.0380 -0.3862 -0.9216
vn -0.1815 -0.5644 -0.8053
vn 0.0968 -0.4044 -0.9094
vn -0.0723 0.0251 -0.9971
vn -0.0100 0.0785 -0.9969
vn 0.2006 -0.2301 -0.9523
vn 0.4585 -0.3161 -0.8306
vn -0.7454 -0.4690 -0.4737
vn -0.3612 -0.8195 0.4449
vn -0.1683 -0.6216 -0.7650
vn -0.5356 -0.8181 0.2093
vn -0.5389 -0.7012 -0.4669
vn -0.5962 -0.6665 0.4476
vn -0.4847 -0.2670 0.8329
vn -0.3481 -0.3607 -0.8653
vn -0.5724 -0.0569 -0.8180
vn -0.5799 0.3786 -0.7214
vn -0.0722 0.4829 -0.8727
vn -0.0493 0.3612 -0.9312
vn -0.3372 0.7304 -0.5939
vn -0.4359 0.8818 -0.1798
vn -0.9107 0.3988 0.1080
vn -0.2935 0.8240 0.4847
vn -0.5791 0.7450 0.3311
vn -0.8477 0.3656 -0.3844
vn -0.6616 -0.5703 0.4869
vn -0.6983 -0.5135 0.4988
vn 0.2032 -0.6280 0.7512
vn 0.1044 -0.7804 0.6165
vn 0.1616 -0.4869 0.8584
vn 0.2244 -0.8595 0.4592
vn -0.2002 -0.6676 0.7171
vn -0.2356 -0.9443 0.2297
vn -0.3619 -0.5203 0.7735
vn -0.8320 0.1257 0.5403
vn -0.9864 -0.1637 -0.0152
vn -0.9621 -0.2649 0.0650
vn -0.6393 0.7611 -0.1094
vn -0.9667 0.1989 -0.1610
vn -0.6815 0.1273 0.7207
vn -0.5285 0.7444 -0.4082
vn -0.2790 -0.4052 0.8706
vn -0.8874 -0.4459 0.1170
vn -0.6919 0.3355 -0.6394
vn -0.9700 0.1803 0.1630
vn -0.9924 -0.0574 0.1092
vn -0.8301 0.3599 -0.4259
vn 0.4005 -0.3396 -0.8510
vn 0.0007 -0.6052 -0.7961
vn 0.0246 -0.8065 -0.5908
vn 0.2757 -0.6305 -0.7256
vn 0.0845 -0.5126 -0.8544
vn -0.1425 0.0456 -0.9887
vn -0.7218 0.4990 -0.4797
vn -0.4427 0.4268 -0.7886
vn -0.3716 -0.4084 -0.8337
vn -0.7030 -0.3040 -0.6430
vn -0.5756 0.7864 -0.2242
vn 0.2077 -0.5008 -0.8403
vn 0.0657 -0.4918 -0.8683
vn -0.8258 0.0749 -0.5589
vn -0.7720 -0.4524 -0.4464
vn -0.9319 0.2639 -0.2489
vn -0.9542 0.2991 0.0058
vn -0.6455 0.7607 0.0684
vn -0.8828 -0.4694 -0.0196
vn -0.5546 0.8321 -0.0081
vn -0.9366 0.3178 0.1477
vn -0.9446 -0.3268 -0.0300
vn -0.9265 0.2843 -0.2463
vn -0.2195 -0.1143 -0.9689
vn -0.4352 0.1408 -0.8893
vn -0.8609 0.2543 -0.4407
vn -0.8902 0.3480 -0.2940
vn -0.9121 0.3920 -0.1200
vn -0.9090 0.2963 -0.2931
vn -0.6174 0.2058 -0.7592
vn -0.9670 -0.1856 -0.1748
vn -0.9039 0.3896 -0.1766
vn -0.9031 0.4293 0.0041
vn -0.9779 -0.2084 -0.0150
vn -0.4665 -0.3870 -0.7954
vn -0.8541 -0.3210 -0.4094
vn -0.2532 -0.7139 -0.6528
vn 0.3243 -0.2442 -0.9139
vn 0.4132 -0.1734 -0.8940
vn 0.2061 -0.2777 -0.9383
vn 0.3881 -0.4270 -0.8168
vn 0.5324 -0.3981 -0.7470
vn 0.6850 -0.3800 -0.6216
vn 0.7439 -0.4599 -0.4849
vn 0.8581 -0.4971 -0.1285
vn 0.8317 -0.5160 -0.2049
vn 0.5339 -0.8350 -0.1328
vn 0.3769 -0.6255 -0.6832
vn 0.4734 -0.4172 -0.7757
vn 0.3498 -0.6800 -0.6443
vn 0.4112 -0.2326 -0.8814
vn 0.9067 -0.2169 -0.3616
vn 0.6390 0.2523 -0.7266
vn 0.6602 -0.1941 -0.7256
vn 0.6453 -0.2675 -0.7155
vn 0.7958 -0.5634 -0.2219
vn 0.9059 -0.4229 0.0219
vn 0.6013 -0.7803 -0.1723
vn 0.9815 0.0991 -0.1637
vn 0.9694 -0.2258 -0.0963
vn 0.2480 -0.9598 -0.1316
vn -0.3529 0.9286 0.1150
vn -0.6577 0.7532 0.0112
vn -0.5637 0.8259 -0.0115
vn -0.6271 0.7762 -0.0653
vn -0.7024 0.4260 0.5703
vn -0.9082 -0.1003 0.4064
vn -0.2750 0.1392 0.9513
vn -0.7064 -0.5201 0.4801
vn -0.3476 -0.6194 0.7039
vn -0.8287 -0.2681 0.4914
vn -0.1350 -0.4087 0.9026
vn -0.5044 0.0109 0.8634
vn 0.2297 -0.2733 0.9341
vn 0.3778 -0.2348 0.8956
vn -0.3211 -0.0839 0.9433
vn 0.4858 -0.3360 0.8069
vn 0.3774 -0.2940 0.8782
vn 0.6526 -0.3533 0.6703
vn -0.8574 0.1714 0.4853
vn -0.9183 0.3856 0.0895
vn -0.8972 0.3770 0.2301
vn -0.5549 -0.0847 0.8276
vn -0.5554 0.3733 0.7431
vn -0.7880 -0.3478 0.5081
vn -0.0685 -0.6011 0.7962
vn 0.4003 -0.5583 0.7267
vn -0.0591 -0.4259 0.9028
vn -0.0752 -0.5457 0.8346
vn 0.0860 -0.2965 0.9511
vn 0.0841 -0.4198 0.9037
vn -0.5525 0.4031 0.7296
vn -0.7866 0.4554 0.4169
vn -0.4620 0.8532 0.2420
vn -0.2736 0.9528 -0.1315
vn -0.6384 0.7689 0.0347
vn -0.8613 0.4824 0.1592
vn -0.8380 0.4502 0.3085
vn -0.8417 0.4718 0.2627
vn -0.9688 0.2402 -0.0615
vn -0.7740 0.3614 0.5200
vn -0.9162 0.3723 0.1482
vn -0.9990 0.0129 -0.0420
vn -0.9151 0.1909 -0.3552
vn -0.9537 -0.0220 0.3000
vn -0.7430 -0.6270 -0.2339
vn -0.9829 0.1833 0.0186
vn -0.9703 0.2409 -0.0222
vn -0.9347 0.3394 -0.1054
vn -0.9496 0.2069 0.2353
vn -0.9391 0.3403 -0.0483
vn -0.7221 -0.6874 0.0784
vn -0.5532 -0.7958 -0.2464
vn -0.9396 0.3401 0.0381
vn -0.9066 0.4212 0.0275
vn -0.8851 0.4378 -0.1579
vn -0.8822 0.4693 -0.0393
vn -0.9414 0.3367 -0.0181
vn -0.8535 0.4569 -0.2504
vn -0.8727 0.4452 -0.2007
vn -0.9257 0.3374 0.1713
vn -0.8481 0.4493 -0.2807
vn -0.9126 0.3842 -0.1396
vn -0.8354 0.1214 -0.5361
vn -0.9844 0.1536 0.0862
vn -0.6260 -0.7660 0.1464
vn -0.9248 -0.3205 -0.2052
vn -0.6398 -0.6783 0.3614
vn -0.0047 -0.9622 0.2725
vn -0.1132 -0.9810 -0.1577
vn 0.2474 -0.8650 -0.4366
vn -0.9144 0.3989 -0.0681
vn 0.0369 -0.7878 -0.6148
vn -0.2969 -0.5603 -0.7732
vn -0.4982 -0.2532 -0.8293
vn 0.2701 -0.8694 -0.4138
vn -0.4608 -0.0335 -0.8869
vn -0.0683 -0.5819 -0.8104
vn -0.1843 -0.4995 -0.8465
vn -0.3579 -0.0381 -0.9330
vn 0.0344 -0.5131 -0.8577
vn 0.2227 -0.7194 -0.6579
vn -0.7391 0.6714 -0.0547
vn -0.8447 0.3284 -0.4226
vn -0.5681 0.6348 0.5237
vn -0.5210 0.8280 0.2073
vn -0.4442 0.8630 0.2408
vn -0.6240 0.7193 0.3054
vn -0.8641 0.4370 -0.2497
vn -0.9597 0.2778 0.0420
vn -0.7555 -0.2024 -0.6231
vn 0.0407 -0.8155 -0.5773
vn -0.4803 -0.7065 -0.5197
vn -0.9085 -0.4119 -0.0711
vn 0.1904 -0.6147 -0.7655
vn -0.9338 0.3067 0.1844
vn -0.9723 0.2279 0.0521
vn -0.8049 0.5854 0.0968
vn -0.7355 0.6482 -0.1972
vn -0.5581 0.5155 -0.6502
vn -0.5355 0.8292 -0.1606
vn -0.4144 0.8302 0.3729
vn -0.7214 0.6697 0.1763
vn -0.5193 0.8537 -0.0392
vn -0.4504 0.3901 -0.8031
vn -0.5866 0.4915 -0.6437
vn 0.4343 -0.8387 0.3286
vn -0.9580 0.1025 -0.2678
vn -0.9517 0.2070 -0.2269
vn 0.9181 -0.1770 0.3546
vn 0.8515 0.4843 0.2009
vn 0.3382 0.9327 -0.1251
vn 0.3965 -0.8717 0.2879
vn 0.4093 -0.8389 0.3586
vn 0.2013 0.9518 -0.2312
vn 0.2038 0.9667 -0.1545
vn 0.0982 0.9663 -0.2379
vn 0.4684 0.8828 -0.0347
vn 0.5222 0.8489 -0.0821
vn 0.0132 0.7918 0.6106
vn 0.3072 0.9297 0.2029
vn 0.1424 0.8028 0.5790
vn 0.3837 0.4531 0.8046
vn 0.2380 0.3812 0.8933
vn 0.4150 -0.5035 0.7578
vn 0.2498 -0.3051 0.9190
vn 0.6728 -0.4913 0.5531
vn 0.0877 -0.7464 0.6597
vn 0.1285 0.2782 0.9519
vn 0.1443 0.9160 0.3744
vn 0.1620 0.9692 0.1857
vn 0.1704 -0.2951 0.9402
vn 0.1581 0.7981 0.5814
vn 0.0740 0.5485 0.8328
vn -0.1809 0.1217 0.9759
vn 0.2093 0.4023 0.8913
vn 0.3495 0.0315 0.9364
vn 0.4147 0.6686 0.6172
vn -0.0881 0.0177 0.9960
vn 0.1231 -0.2796 0.9522
vn -0.0454 -0.2547 0.9660
vn 0.0949 -0.2268 0.9693
vn 0.0650 -0.4946 0.8667
vn -0.0088 -0.0619 0.9980
vn 0.2201 0.1014 0.9702
vn 0.2354 -0.5375 0.8097
vn 0.2988 0.0248 0.9540
vn 0.0317 0.0545 0.9980
vn 0.2670 -0.2735 0.9241
vn -0.2826 -0.3390 0.8973
vn 0.0980 -0.2763 0.9561
vn 0.0737 -0.3052 0.9494
vn 0.2197 -0.2863 0.9326
vn -0.0157 -0.1956 0.9806
vn 0.0215 -0.4049 0.9141
vn -0.0888 -0.3289 0.9402
vn -0.0548 -0.4919 0.8689
vn 0.0083 -0.3452 0.9385
vn 0.0055 -0.8248 0.5654
vn 0.0041 -0.9312 0.3644
vn 0.0193 -0.7227 0.6909
vn -0.0141 -0.8030 0.5958
vn 0.2701 -0.3789 0.8852
vn 0.4383 0.1165 0.8913
vn 0.3116 -0.0223 0.9499
vn 0.4632 -0.1429 0.8747
vn 0.4343 0.1984 0.8787
vn 0.4475 0.4964 0.7438
vn 0.3433 0.0772 0.9360
vn 0.2712 -0.1557 0.9498
vn 0.6141 -0.3989 0.6810
vn 0.3920 -0.3780 0.8387
vn 0.6548 -0.4092 0.6355
vn 0.8431 -0.5000 0.1981
vn 0.5606 -0.6537 0.5083
vn 0.2279 -0.9161 0.3300
vn 0.3111 -0.9439 0.1110
vn 0.7762 -0.5383 0.3283
vn 0.7545 -0.5567 0.3477
vn 0.5444 -0.8387 0.0167
vn 0.8660 -0.4988 0.0343
vn 0.3580 -0.4937 0.7925
vn 0.2869 -0.5117 0.8098
vn 0.0476 -0.8171 0.5746
vn 0.2039 -0.8666 0.4555
vn 0.1978 -0.9716 0.1301
vn -0.0323 -0.8624 0.5052
vn 0.1250 -0.9645 0.2327
vn 0.2213 -0.9585 0.1799
vn 0.1313 -0.9603 -0.2463
vn -0.0805 -0.9885 0.1283
vn 0.1254 -0.9915 -0.0341
vn 0.7921 -0.3597 -0.4930
vn 0.6221 -0.4063 -0.6692
vn 0.7373 -0.4242 -0.5257
vn 0.6689 -0.3701 -0.6447
vn 0.9152 -0.3975 -0.0666
vn 0.8661 -0.4916 -0.0901
vn 0.5815 0.0562 0.8116
vn 0.9329 -0.1650 0.3202
vn 0.9442 -0.2675 0.1922
vn 0.8931 -0.4263 0.1435
vn 0.9919 -0.0902 0.0896
vn 0.8551 -0.4623 -0.2346
vn 0.8378 -0.2728 -0.4729
vn 0.6637 -0.4718 -0.5804
vn 0.8176 -0.0744 -0.5710
vn 0.9354 -0.0259 -0.3526
vn 0.9913 -0.0962 0.0900
vn 0.3791 0.5445 0.7482
vn 0.2956 -0.2048 0.9331
vn 0.3566 0.2070 0.9110
vn 0.4577 -0.2267 0.8597
vn 0.5658 0.3441 0.7493
vn 0.3662 0.1841 0.9121
vn 0.3970 0.2961 0.8688
vn 0.3666 0.8541 0.3689
vn 0.7272 0.5306 0.4356
vn 0.6446 0.7611 0.0726
vn 0.9643 0.1072 0.2424
vn 0.9184 0.3794 0.1123
vn 0.6560 0.2900 0.6968
vn -0.3812 -0.2336 0.8945
vn -0.4147 -0.2235 0.8821
vn -0.2230 -0.5495 0.8052
vn -0.0120 -0.2381 0.9712
vn 0.0386 -0.1645 0.9856
vn -0.0974 -0.1628 0.9818
vn -0.3688 -0.3300 0.8690
vn -0.2647 -0.1389 0.9543
vn -0.4895 -0.1272 0.8627
vn -0.1457 -0.2618 0.9541
vn -0.1303 -0.2224 0.9662
vn -0.1749 -0.6093 0.7734
vn -0.1489 -0.1706 0.9740
vn -0.3843 -0.2433 0.8906
vn -0.2845 -0.1841 0.9409
vn -0.4621 -0.2754 0.8430
vn -0.2119 -0.2281 0.9503
vn -0.5735 -0.3324 0.7488
vn -0.5410 -0.4787 0.6915
vn -0.5809 -0.5817 0.5693
vn -0.1102 0.0601 0.9921
vn -0.4102 0.1080 0.9056
vn -0.2009 0.0217 0.9794
vn -0.4836 -0.0401 0.8744
vn -0.3534 -0.2047 0.9128
vn -0.7984 0.1239 0.5892
vn -0.5435 0.1250 0.8300
vn -0.4935 -0.1011 0.8639
vn -0.5882 -0.3273 0.7395
vn -0.3658 -0.6476 0.6684
vn -0.5850 -0.3704 0.7215
vn -0.7911 -0.3051 0.5302
vn -0.7510 -0.2797 0.5982
vn -0.8933 -0.2163 0.3940
vn -0.7745 -0.2979 0.5581
vn -0.6770 0.1045 0.7286
vn -0.6220 -0.3269 0.7115
vn -0.5332 -0.4410 0.7219
vn -0.3956 0.0568 0.9167
vn -0.3524 -0.1475 0.9242
vn 0.1638 0.0548 0.9850
vn 0.1280 -0.2138 0.9684
vn 0.0510 -0.5634 0.8246
vn 0.0741 -0.2846 0.9558
vn -0.5040 0.4269 0.7508
vn 0.0818 0.0175 0.9965
vn -0.3696 0.0512 0.9278
vn -0.0143 -0.0272 0.9995
vn 0.1397 -0.0352 0.9896
vn -0.0282 0.4176 0.9082
vn 0.0883 0.0399 0.9953
vn -0.0435 0.0278 0.9987
vn 0.0546 -0.3226 0.9450
vn 0.1946 -0.2729 0.9422
vn -0.1176 -0.0473 0.9919
vn -0.1919 -0.0491 0.9802
vn -0.1466 -0.5363 0.8312
vn -0.1080 -0.1760 0.9785
vn -0.0051 -0.0877 0.9961
vn 0.0913 0.2353 0.9676
vn -0.2341 0.2110 0.9491
vn -0.3138 0.2180 0.9241
vn 0.0046 -0.8779 0.4788
vn 0.1129 -0.7753 0.6214
vn 0.3890 -0.4070 0.8264
vn 0.2565 -0.3168 0.9132
vn -0.1536 -0.6785 0.7184
vn -0.0308 -0.3804 0.9243
vn -0.1644 -0.1239 0.9786
vn -0.0768 -0.5865 0.8063
vn -0.0828 -0.5378 0.8390
vn 0.0423 -0.5649 0.8241
vn 0.0814 -0.3509 0.9329
vn 0.1032 0.2264 0.9686
vn -0.1150 -0.3274 0.9378
vn -0.0274 0.4661 0.8843
vn -0.1350 0.2114 0.9680
vn -0.2184 -0.6182 0.7550
vn -0.0529 -0.7013 0.7109
vn -0.1772 -0.4086 0.8954
vn -0.3202 -0.3496 0.8805
vn 0.4934 -0.6753 0.5482
vn 0.3267 -0.6887 0.6472
vn -0.0315 -0.9221 0.3857
vn -0.0302 -0.7610 0.6480
vn 0.5592 -0.3074 0.7699
vn 0.3005 -0.3859 0.8722
vn -0.1150 -0.9497 0.2914
vn 0.3739 -0.1360 0.9174
vn 0.2992 -0.0881 0.9501
vn 0.4931 -0.3196 0.8091
vn 0.1343 0.1061 0.9852
vn 0.2191 -0.2763 0.9358
vn 0.3380 0.0172 0.9410
vn 0.0663 0.1426 0.9876
vn 0.3598 0.2021 0.9109
vn 0.2254 0.2419 0.9437
vn 0.3001 0.1260 0.9455
vn -0.1578 0.3559 0.9211
vn 0.3421 0.1241 0.9314
vn 0.2014 0.3544 0.9132
vn -0.1232 0.3237 0.9381
vn -0.0127 0.4321 0.9018
vn 0.0481 0.1905 0.9805
vn -0.4052 0.3188 0.8568
vn -0.3009 0.4129 0.8596
vn 0.0483 0.5106 0.8585
vn -0.1862 0.1654 0.9685
vn -0.2678 0.1031 0.9579
vn -0.0339 0.5468 0.8365
vn -0.1155 0.3466 0.9309
vn -0.0648 0.5157 0.8543
vn -0.0532 0.7243 0.6874
vn -0.0936 0.7914 0.6041
vn -0.3008 0.3790 0.8752
vn -0.5498 0.5161 0.6568
vn -0.3264 0.4646 0.8232
vn -0.0620 0.7082 0.7033
vn -0.5201 0.6706 0.5290
vn -0.2571 0.7809 0.5692
vn -0.2711 0.8762 0.3985
vn -0.3434 0.7292 0.5919
vn -0.3756 0.4973 0.7820
vn -0.1357 0.8740 0.4665
vn -0.2963 0.6750 0.6757
vn 0.4719 0.7597 0.4474
vn 0.0501 0.7929 0.6073
vn -0.2648 0.9202 0.2883
vn -0.2328 0.3917 0.8902
vn -0.3586 0.7303 0.5814
vn -0.2012 0.8794 0.4315
vn -0.1203 0.7535 0.6463
vn 0.3779 0.5812 0.7206
vn 0.3286 0.3332 0.8838
vn 0.2708 0.4850 0.8315
vn 0.2281 0.7389 0.6340
vn 0.1272 0.4924 0.8610
vn 0.3951 0.1938 0.8979
vn 0.4228 0.4372 0.7938
vn 0.5270 0.2545 0.8109
vn 0.3118 0.0603 0.9482
vn 0.1885 0.6806 0.7079
vn -0.1483 0.3319 0.9316
vn 0.3501 0.5858 0.7310
vn 0.1986 0.3374 0.9202
vn 0.0523 0.6207 0.7823
vn 0.1246 0.5127 0.8495
vn -0.1873 0.7376 0.6488
vn -0.3553 0.6092 0.7089
vn 0.0592 0.8236 0.5641
vn 0.0961 0.9206 0.3784
vn 0.2307 0.7979 0.5569
vn 0.2076 0.9223 0.3259
vn 0.4134 0.8610 0.2962
vn -0.2218 0.7769 0.5893
vn 0.3422 0.8544 0.3911
vn -0.3295 0.8739 0.3574
vn 0.4721 0.8221 0.3181
vn 0.2907 0.6357 0.7151
vn 0.4585 0.7341 0.5009
vn 0.2497 0.7553 0.6059
vn 0.5520 0.7354 0.3932
vn 0.4126 0.7082 0.5729
vn 0.2443 0.7807 0.5752
vn 0.4142 0.7379 0.5329
vn 0.0950 0.9734 0.2087
vn -0.0912 0.9225 0.3752
vn 0.5593 0.5488 0.6213
vn 0.2162 0.2631 0.9402
vn 0.5486 0.0093 0.8360
vn 0.2543 0.5026 0.8263
vn 0.3821 -0.1635 0.9095
vn 0.3378 0.7619 0.5526
vn 0.5008 0.5418 0.6750
vn 0.5178 0.6313 0.5774
vn -0.0001 0.3333 0.9428
vn 0.2067 0.6288 0.7496
vn 0.2455 0.4078 0.8794
vn 0.1971 0.1515 0.9686
vn 0.5728 0.2624 0.7766
vn 0.5743 0.0107 0.8186
vn 0.1347 0.1128 0.9844
vn 0.5810 -0.1679 0.7964
vn 0.5948 -0.0294 0.8033
vn 0.5397 -0.1034 0.8355
vn 0.4793 0.0945 0.8726
vn 0.5539 -0.2882 0.7811
vn 0.6194 0.2638 0.7395
vn 0.1027 -0.1410 0.9847
vn -0.1055 0.0736 0.9917
vn 0.2151 -0.1598 0.9634
vn 0.0971 0.1761 0.9796
vn 0.4831 -0.0992 0.8699
vn 0.2100 -0.3795 0.9011
vn 0.6458 -0.3152 0.6954
vn 0.2737 -0.2430 0.9306
vn 0.4069 -0.5019 0.7632
vn 0.2339 -0.6950 0.6799
vn 0.3632 -0.2202 0.9053
vn 0.5054 -0.2759 0.8176
vn 0.1786 -0.9584 0.2227
vn 0.1660 -0.9089 0.3826
vn 0.4774 -0.5943 0.6472
vn 0.2637 -0.7796 0.5681
vn -0.0255 -0.7765 0.6297
vn 0.2748 -0.7982 0.5361
vn 0.4404 -0.0372 0.8971
vn -0.0161 -0.5720 0.8201
vn 0.2551 -0.6499 0.7159
vn 0.6351 -0.2830 0.7188
vn 0.5678 -0.5494 0.6130
vn 0.5208 -0.3844 0.7622
vn 0.6582 -0.5821 0.4773
vn 0.4578 -0.4792 0.7488
vn 0.3775 0.0076 0.9260
vn 0.3355 -0.1912 0.9224
vn 0.4561 -0.4030 0.7935
vn 0.5836 -0.6416 0.4978
vn 0.5587 -0.3713 0.7416
vn 0.2871 -0.7518 0.5935
vn 0.5949 -0.2260 0.7714
vn 0.3533 -0.4754 0.8057
vn 0.7034 -0.3890 0.5949
vn 0.6031 -0.2638 0.7527
vn 0.3959 -0.1864 0.8992
vn 0.4687 -0.1326 0.8733
vn 0.5465 -0.0008 0.8375
vn 0.3174 -0.6461 0.6941
vn 0.8752 -0.4599 0.1501
vn 0.8257 -0.1827 0.5337
vn 0.6471 -0.5787 0.4964
vn 0.6979 -0.7126 -0.0722
vn 0.6145 -0.5770 0.5380
vn 0.4685 -0.7486 0.4692
vn 0.6100 -0.7289 0.3109
vn 0.5720 -0.8202 0.0097
vn 0.1456 -0.9081 0.3926
vn 0.3489 -0.8169 0.4593
vn 0.1900 -0.8540 0.4843
vn 0.1237 -0.8791 0.4603
vn 0.1932 -0.8316 0.5207
vn 0.2872 -0.7742 0.5640
vn -0.0747 -0.9008 0.4278
vn 0.2689 -0.8660 0.4217
vn 0.0844 -0.9898 0.1151
vn 0.3031 -0.9498 -0.0772
vn 0.4266 -0.4517 0.7835
vn 0.3671 -0.5627 0.7407
vn 0.2261 -0.8284 0.5125
vn 0.2544 -0.8567 0.4487
vn -0.0226 -0.9661 0.2572
vn 0.2010 -0.8411 0.5021
vn 0.1292 -0.9355 0.3289
vn 0.0884 -0.8730 0.4797
vn 0.1930 -0.8265 0.5288
vn 0.2483 -0.7590 0.6018
vn 0.5200 -0.1678 0.8375
vn 0.3748 -0.4162 0.8284
vn 0.0069 -0.5336 0.8457
vn 0.7484 0.6633 -0.0006
vn 0.5750 0.7048 -0.4154
vn 0.2298 0.9486 -0.2177
vn 0.8856 0.3476 -0.3081
vn 0.5034 0.6538 -0.5649
vn 0.3649 0.8517 -0.3762
vn 0.6713 0.4139 -0.6148
vn 0.2734 0.9412 -0.1983
vn 0.3922 0.4538 -0.8001
vn 0.3838 0.2252 -0.8955
vn 0.8125 0.3789 -0.4430
vn 0.7883 0.2659 -0.5548
vn 0.6588 -0.0287 -0.7518
vn 0.9153 -0.1088 -0.3878
vn 0.1934 -0.3240 -0.9261
vn 0.3009 -0.1984 -0.9328
vn 0.5224 -0.6654 -0.5331
vn 0.5864 -0.6741 -0.4491
vn 0.2940 -0.4998 -0.8147
vn 0.1832 -0.5552 -0.8113
vn 0.5007 -0.4572 -0.7350
vn 0.6949 0.1923 -0.6929
vn 0.9973 0.0677 0.0298
vn 0.1509 0.2851 -0.9465
vn 0.0840 -0.9669 0.2409
vn 0.9612 0.2462 -0.1247
vn -0.0281 -0.9388 0.3434
vn 0.3439 -0.8290 0.4409
vn 0.2071 -0.9027 0.3772
vn -0.1600 -0.2231 0.9616
vn -0.8812 -0.0243 0.4721
vn -0.8937 -0.1923 -0.4053
vn -0.2685 -0.6712 -0.6910
vn -0.6260 -0.5812 0.5199
vn -0.6863 -0.7008 0.1944
vn -0.3792 -0.5749 0.7250
vn -0.5871 -0.6278 0.5111
vn 0.0855 -0.3495 0.9330
vn -0.0480 -0.3499 0.9355
vn -0.0165 -0.7966 -0.6042
vn -0.7880 -0.5496 0.2774
vn -0.2652 -0.4473 0.8542
vn -0.6096 -0.0251 0.7923
vn 0.0022 0.0789 0.9969
vn -0.4787 0.5380 0.6938
vn -0.1741 0.5505 0.8165
vn 0.0933 0.0091 0.9956
vn 0.0991 0.3491 0.9318
vn 0.1829 0.1816 0.9662
vn -0.2017 0.4999 0.8423
vn -0.4331 0.8917 0.1313
vn -0.8286 0.4004 0.3912
vn -0.9561 0.2896 0.0447
vn -0.8689 -0.3136 0.3829
vn -0.9779 -0.2024 0.0525
vn -0.4193 0.8911 -0.1736
vn -0.4616 0.6052 0.6486
vn -0.0160 0.4340 0.9008
vn -0.2780 0.0202 0.9604
vn -0.5398 0.2812 0.7934
vn -0.6604 0.4758 0.5809
vn -0.5160 0.8241 0.2337
vn -0.7566 0.3021 0.5798
vn -0.8923 0.0067 0.4515
vn 0.2696 0.0729 0.9602
vn 0.4039 -0.1348 0.9048
vn 0.2764 -0.2172 0.9362
vn 0.1910 -0.6323 0.7508
vn 0.2319 -0.4696 0.8519
vn 0.3352 -0.3847 0.8600
vn -0.0139 -0.6246 0.7808
vn 0.3560 -0.3898 0.8493
vn 0.3956 -0.3285 0.8576
vn 0.2108 -0.4132 0.8859
vn -0.3441 -0.5971 0.7246
vn 0.3166 0.9108 0.2648
vn 0.1690 0.7149 0.6785
vn 0.1951 0.4618 0.8652
vn 0.1102 -0.5526 0.8261
vn 0.0785 0.0967 0.9922
vn 0.0407 0.4693 0.8821
vn -0.0556 -0.6856 0.7259
vn 0.0232 -0.1241 0.9920
vn 0.0763 0.3706 0.9257
vn -0.1226 -0.8403 0.5280
vn 0.3390 0.0961 0.9359
vn -0.2733 -0.9373 0.2164
vn -0.1207 -0.9920 0.0366
vn -0.0812 -0.9896 -0.1185
vn 0.0503 0.6603 0.7493
vn 0.0128 0.3250 0.9456
vn 0.9855 -0.1699 0.0010
vn 0.9988 -0.0484 -0.0020
vn 0.9979 -0.0648 0.0035
vn 0.9999 -0.0136 -0.0028
vn 0.0447 0.9898 -0.1351
vn 0.9997 0.0215 -0.0075
vn 0.9995 0.0296 -0.0064
vn 0.0232 0.5984 -0.8009
vn 0.0291 0.4235 -0.9054
vn -0.1782 -0.6962 -0.6954
vn -0.0758 -0.4193 -0.9047
vn -0.0379 -0.2943 -0.9550
vn -0.0512 -0.6364 -0.7697
vn -0.0026 -0.2296 -0.9733
vn 1.0000 -0.0051 -0.0074
vn 0.0292 0.3212 -0.9466
vn 0.0139 0.1415 -0.9898
vn -0.0608 0.9970 -0.0487
vn 0.1081 0.5617 -0.8203
vn 0.1146 0.7801 -0.6150
vn 0.1371 0.1459 -0.9798
vn 0.0542 0.3569 -0.9326
vn 0.9999 -0.0149 0.0027
vn 0.9973 -0.0730 0.0074
vn 0.9982 -0.0591 0.0134
vn 0.9985 -0.0090 -0.0541
vn 0.9998 -0.0152 0.0099
vn 0.9995 0.0234 0.0206
vn 0.1151 -0.3715 -0.9213
vn 0.0862 -0.7868 -0.6111
vn 0.1483 -0.3143 -0.9377
vn 0.0217 -0.7794 -0.6261
vn -0.0019 -0.9383 0.3458
vn -0.1090 -0.8041 0.5845
vn -0.0154 -0.6222 0.7827
vn -0.0583 -0.3621 -0.9303
vn -0.0061 -0.2732 -0.9619
vn 0.0601 -0.1082 -0.9923
vn 0.1034 0.2820 -0.9538
vn 0.0961 0.3347 -0.9374
vn 0.0099 -0.1331 -0.9911
vn -0.0965 -0.2075 0.9735
vn -0.0324 0.2486 0.9681
vn -0.0042 0.1740 0.9847
vn -0.0754 0.7015 0.7086
vn 0.1048 0.7728 0.6259
vn 0.0781 0.3335 0.9395
vn 0.1088 0.5892 0.8007
vn 0.0756 0.4524 0.8886
vn -0.1059 0.0846 0.9908
vn -0.0962 -0.2756 0.9564
vn -0.1899 -0.1863 0.9640
vn 0.9990 0.0344 0.0289
vn -0.1355 0.9906 0.0185
vn -0.5680 0.6608 -0.4906
vn -0.3983 -0.8452 -0.3562
vn -0.4041 0.8178 -0.4097
vn -0.6701 -0.5171 -0.5325
vn -0.2393 -0.9204 -0.3092
vn 0.4260 -0.8213 0.3795
vn 0.5926 -0.6712 0.4453
vn 0.7815 0.1385 0.6084
vn 0.5611 0.5772 0.5933
vn -0.5068 -0.3156 -0.8022
vn -0.2612 0.9476 -0.1841
vn -0.4575 -0.4783 -0.7496
vn -0.4628 0.5571 -0.6895
vn 0.2101 0.8244 0.5255
vn 0.3824 0.6288 0.6770
vn 0.6021 0.1957 0.7741
vn 0.1249 -0.9818 0.1429
vn 0.5843 -0.4740 0.6587
vn 0.3014 -0.5945 0.7455
vn 0.4644 -0.5403 0.7017
vn 0.2418 -0.3442 -0.9072
vn 0.2718 -0.0410 -0.9615
vn 0.2521 -0.3173 -0.9142
vn 0.1143 0.3859 -0.9154
vn 0.1028 -0.9512 -0.2910
vn 0.0858 -0.9766 -0.1970
vn 0.2948 -0.0278 -0.9552
vn 0.1356 0.6476 -0.7498
vn -0.9510 -0.2255 -0.2116
vn -0.9753 -0.2206 0.0140
vn -0.9646 -0.2471 0.0923
vn -0.7214 -0.3679 0.5868
vn -0.0511 -0.2687 0.9619
vn -0.0118 -0.4575 0.8891
vn -0.2149 0.0985 0.9716
vn -0.1276 0.2261 0.9657
vn 0.2003 0.2614 0.9442
vn 0.3389 0.5780 0.7423
vn 0.1533 0.8380 0.5237
vn -0.3896 -0.5850 -0.7113
vn 0.2993 0.4259 0.8538
vn 0.6272 0.7265 0.2807
vn 0.6022 0.4325 0.6711
vn 0.8557 0.5117 -0.0776
vn 0.4177 0.1930 0.8879
vn 0.0805 0.2492 0.9651
vn 0.2418 0.1904 0.9515
vn 0.2319 0.9041 0.3589
vn 0.4606 0.6694 0.5829
vn 0.5212 -0.8526 -0.0378
vn 0.5210 -0.8525 -0.0421
vn 0.2480 -0.9600 -0.1300
vn 0.2978 -0.7730 -0.5602
vn 0.8041 -0.5197 -0.2887
vn 0.7576 -0.6455 -0.0970
vn 0.7330 -0.6401 -0.2300
vn 0.6072 -0.7745 -0.1776
vn 0.3552 -0.7196 -0.5967
vn 0.2958 -0.7634 -0.5742
vn 0.9427 -0.0235 0.3327
vn 0.9531 0.1359 0.2704
vn 0.7955 0.5884 0.1450
vn 0.9030 0.1517 0.4019
vn 0.8552 0.3031 0.4204
vn 0.8139 0.3586 0.4572
vn 0.6440 0.2072 0.7364
vn 0.8325 0.2176 0.5094
vn 0.7207 -0.1852 0.6680
vn 0.4984 0.7333 0.4625
vn 0.6228 0.7462 0.2349
vn 0.4789 0.8137 0.3295
vn 0.7660 0.3666 0.5280
vn 0.3373 0.9121 0.2332
vn 0.5837 0.7647 0.2730
vn 0.1965 0.7696 0.6075
vn 0.4066 0.6467 0.6453
vn 0.5683 0.4311 0.7008
vn 0.7852 0.6071 0.1219
vn 0.7055 0.6649 0.2453
vn 0.4381 0.7408 0.5092
vn 0.6732 0.3984 0.6229
vn 0.6379 0.3811 0.6692
vn 0.4266 0.6403 0.6388
vn 0.4862 0.5195 0.7027
vn 0.5734 0.5815 0.5771
vn 0.3938 0.7679 0.5053
vn 0.3223 0.7192 0.6155
vn 0.4810 0.7683 0.4223
vn 0.0754 0.8919 0.4458
vn 0.4720 0.8188 0.3269
vn 0.0522 0.9973 -0.0513
vn 0.1964 0.8548 0.4804
vn 0.4988 0.7944 0.3466
vn 0.0262 0.8700 0.4923
vn 0.4137 0.6877 0.5966
vn 0.5996 0.7115 0.3663
vn 0.2585 0.8230 0.5058
vn 0.3972 0.6996 -0.5940
vn 0.1929 0.8003 -0.5678
vn 0.2719 0.6567 -0.7035
vn 0.2476 0.9597 0.1329
vn 0.2684 0.9110 -0.3132
vn -0.0095 0.9923 0.1233
vn 0.2200 0.9600 -0.1734
vn 0.0531 0.3649 -0.9295
vn 0.0746 0.2888 -0.9545
vn 0.1357 0.5211 -0.8427
vn 0.1290 0.1442 -0.9811
vn -0.1358 0.1928 0.9718
vn 0.0815 0.2507 0.9646
vn 0.1002 0.1319 0.9862
vn 0.2616 0.3715 0.8908
vn -0.2529 0.1818 0.9503
vn 0.1277 0.4594 0.8790
vn 0.1161 0.3816 0.9170
vn 0.0303 0.9994 -0.0182
vn 0.0399 0.2816 -0.9587
vn 0.1523 0.9098 -0.3862
vn 0.2479 0.9504 0.1880
vn 0.1448 0.9858 -0.0851
vn 0.4002 0.9032 0.1548
vn 0.1270 0.8114 0.5705
vn 0.2195 0.7684 0.6012
vn 0.2011 0.8550 0.4779
vn 0.1616 0.8473 0.5059
vn 0.4835 0.1727 0.8581
vn 0.6859 0.1652 0.7087
vn 0.3318 -0.2200 0.9174
vn 0.5835 0.0129 0.8120
vn 0.3713 -0.8482 -0.3778
vn 0.2106 -0.5624 -0.7996
vn -0.3781 -0.2647 -0.8871
vn 0.3178 0.0038 -0.9481
vn 0.5070 0.2081 -0.8365
vn -0.6238 -0.1321 -0.7704
vn 0.5984 0.1390 -0.7891
vn 0.7944 0.0535 0.6050
vn 0.3445 -0.9112 0.2258
vn 0.3627 -0.8220 -0.4392
vn -0.8517 -0.4705 0.2307
vn 0.0043 -0.1893 0.9819
vn -0.9982 -0.0114 -0.0588
vn -0.8871 -0.0034 -0.4617
vn 0.8487 -0.5245 -0.0673
vn -0.6964 0.6957 0.1760
vn -0.4669 0.8369 0.2855
vn 0.1883 0.9787 0.0821
vn 0.1372 0.9710 0.1956
vn 0.8903 0.3268 -0.3172
vn 0.9060 0.4044 0.1249
vn 0.8588 -0.3029 0.4131
vn 0.9942 -0.0915 -0.0573
vn 0.8940 -0.4475 0.0228
vn 0.9473 -0.0915 -0.3071
vn 0.8657 -0.5006 0.0068
vn 0.9724 -0.2305 -0.0365
vn 0.7151 -0.6951 0.0738
vn 0.7315 -0.6817 -0.0171
vn 0.7673 -0.3658 0.5267
vn 0.5341 -0.4755 0.6990
vn 0.4132 -0.2293 0.8813
vn 0.4400 -0.7372 0.5128
vn 0.5613 -0.1422 0.8153
vn 0.8751 -0.2146 0.4338
vn 0.2491 -0.6632 0.7058
vn 0.2358 -0.4520 0.8603
vn 0.5362 -0.8430 0.0432
vn 0.2698 -0.9619 0.0437
vn 0.2890 -0.8728 -0.3933
vn 0.4051 -0.9006 0.1576
vn 0.5308 -0.7353 -0.4214
vn 0.6957 -0.6471 0.3119
vn 0.3283 -0.8425 0.4271
vn 0.5186 -0.7738 0.3637
vn 0.8726 -0.4187 0.2513
vn 0.8702 -0.4878 0.0686
vn 0.9172 -0.2910 -0.2723
vn 0.8685 -0.4893 -0.0793
vn 0.8632 -0.4796 -0.1578
vn 0.7859 -0.5246 0.3274
vn 0.7858 -0.4134 0.4600
vn 0.7602 -0.4070 0.5064
vn 0.7568 -0.4573 0.4671
vn 0.1170 -0.5514 0.8260
vn 0.9724 0.2307 0.0352
vn -0.9564 0.2903 -0.0310
vn -0.7280 0.5835 -0.3598
vn -0.3794 0.8969 0.2272
vn -0.6111 0.7735 0.1680
vn -0.5493 0.5792 0.6023
vn 0.8501 -0.5145 0.1124
vn 0.7562 -0.4372 -0.4868
vn 0.0781 -0.9685 -0.2363
vn -0.0656 -0.9963 -0.0548
vn -0.3489 -0.7143 0.6066
vn 0.2701 -0.9313 0.2446
vn 0.0680 -0.9675 0.2434
vn 0.4626 -0.4388 0.7704
vn 0.6615 -0.7322 -0.1625
vn 0.8399 -0.5420 -0.0270
vn 0.8389 -0.5302 -0.1228
vn 0.0134 -0.4148 0.9098
vn -0.2422 -0.1679 0.9556
vn -0.6677 -0.0261 0.7440
vn 0.4062 -0.2410 0.8814
vn -0.7429 -0.6449 0.1794
vn -0.8352 -0.4664 0.2915
vn -0.9538 -0.1200 0.2755
vn -0.7005 0.0988 0.7068
vn -0.4642 0.2909 0.8366
vn -0.8123 0.4062 0.4185
vn -0.9357 0.3498 0.0460
vn -0.9614 -0.2752 0.0024
vn -0.0187 0.0995 -0.9949
vn -0.0117 -0.9693 0.2455
vn 0.0129 -0.9856 0.1684
vn -0.0672 -0.9977 -0.0100
vn 0.3770 -0.4959 -0.7823
vn -0.4502 0.5612 -0.6945
vn -0.3637 0.6316 -0.6847
vn -0.5499 0.3735 -0.7471
vn -0.5859 0.3246 -0.7425
vn -0.2158 0.4219 -0.8806
vn 0.1452 0.3941 -0.9075
vn -0.1496 0.2474 -0.9573
vn -0.3601 0.7832 -0.5070
vn -0.3248 0.7124 -0.6221
vn -0.3909 0.8707 -0.2984
vn -0.0219 0.1308 -0.9912
vn -0.2060 0.1221 -0.9709
vn 0.0074 0.9821 0.1880
vn -0.4052 0.2263 0.8858
vn 0.3041 -0.6821 -0.6650
vn -0.3213 -0.1514 0.9348
vn -0.2941 -0.1198 0.9482
vn -0.3907 0.4685 0.7924
vn 0.0010 0.9694 -0.2453
vn 0.2996 0.1500 -0.9422
vn 0.3078 -0.2297 -0.9233
vn -0.2473 0.8202 0.5159
vn 0.0904 -0.9949 -0.0439
vn -0.1755 -0.6594 0.7310
vn 0.1815 0.2738 -0.9445
vn 0.1168 0.6080 -0.7853
vn 0.1490 -0.8019 -0.5786
vn 0.2316 -0.5769 -0.7833
vn -0.2558 0.4304 0.8656
vn -0.1742 0.3300 0.9278
vn 0.0418 -0.9121 0.4079
vn -0.0728 0.7689 -0.6353
vn -0.1749 0.6590 0.7315
vn -0.0984 0.3695 0.9240
vn -0.0915 -0.5523 0.8286
vn -0.1226 0.9876 -0.0984
vn -0.0978 0.6487 0.7548
vn 0.1132 -0.5593 -0.8212
vn 0.0452 -0.1811 0.9824
vn -0.0852 -0.8142 -0.5743
vn 0.0017 0.4381 -0.8989
vn 0.0780 0.1874 0.9792
vn -0.2714 0.3939 -0.8782
vn 0.2603 0.7518 0.6058
vn 0.1461 -0.9829 0.1124
vn 0.2998 -0.4788 0.8251
vn 0.0640 -0.6272 -0.7762
vn 0.6001 0.2980 0.7423
vn -0.4594 0.5150 -0.7237
vn 0.4455 0.8423 0.3036
vn 0.8266 0.4208 0.3736
vn -0.7459 0.4034 -0.5300
vn -0.2453 0.9592 -0.1402
vn -0.6949 0.0160 -0.7189
vn -0.5390 -0.6362 -0.5521
vn -0.5894 -0.7122 -0.3812
vn -0.4375 -0.3388 -0.8329
vn 0.5277 0.1008 0.8434
vn 0.8776 -0.0050 0.4793
vn 0.7254 -0.4670 0.5056
vn -0.2868 -0.9511 -0.1150
vn 0.8763 -0.1648 0.4527
vn 0.2595 -0.9606 0.1000
vn -0.7355 0.6038 -0.3074
vn -0.2615 0.9649 -0.0244
vn -0.9262 0.0744 -0.3696
vn -0.9525 0.2523 -0.1706
vn -0.8962 0.3926 0.2065
vn -0.9993 -0.0333 -0.0170
vn -0.8977 -0.4345 -0.0734
vn -0.7894 -0.5311 -0.3080
vn -0.6887 -0.7164 -0.1115
vn 0.6335 0.7517 0.1835
vn 0.8888 -0.4053 0.2138
vn 0.9870 -0.0116 0.1605
vn 0.9382 0.3282 0.1096
vn -0.3559 -0.9342 0.0252
vn -0.8193 -0.5245 0.2316
vn -0.9543 -0.2987 0.0092
vn -0.9796 -0.0800 0.1844
vn -0.9987 0.0494 0.0135
vn 0.5433 0.8290 -0.1326
vn 0.9431 0.3081 -0.1252
vn 0.4286 -0.8940 -0.1307
vn 0.8973 -0.4262 -0.1151
vn -0.2948 0.9538 0.0579
vn -0.8658 0.2317 0.4436
vn -0.2460 0.9386 0.2419
vn -0.3430 -0.9264 0.1554
vn -0.6909 -0.6224 0.3679
vn -0.6226 0.5973 0.5056
vn 0.0253 -0.9979 0.0592
vn 0.8779 -0.1424 -0.4572
vn 0.8074 0.1502 -0.5706
vn 0.6497 0.7102 -0.2712
vn 0.8038 0.2744 -0.5278
vn 0.2540 0.9140 -0.3162
vn -0.5265 -0.5933 0.6090
vn -0.4339 0.5113 0.7418
vn -0.2760 -0.5645 0.7779
vn 0.4151 -0.7430 -0.5251
vn 0.3632 -0.3152 -0.8767
vn -0.6269 0.1139 0.7707
vn -0.3096 0.0462 0.9498
vn -0.0260 -0.8422 0.5385
vn -0.1097 0.9907 0.0807
vn 0.2954 0.6717 -0.6794
vn -0.1461 0.5081 0.8488
vn 0.3099 0.3026 -0.9013
vn -0.7976 0.3896 0.4605
vn -0.2613 0.8885 -0.3773
vn -0.4424 0.4968 -0.7466
vn -0.2176 0.1098 -0.9699
vn -0.2014 -0.2033 -0.9582
vn -0.1695 -0.6984 -0.6953
vn 0.1886 -0.9538 0.2339
vn 0.2567 -0.6745 0.6922
vn 0.1179 -0.9635 0.2403
vn -0.0585 -0.9212 -0.3846
vn 0.3326 -0.6235 0.7076
vn 0.3340 -0.4887 0.8059
vn -0.2528 -0.7262 -0.6393
vn -0.4168 -0.3670 -0.8316
vn 0.1720 0.7171 0.6754
vn 0.2565 0.2036 0.9449
vn 0.2621 0.5925 0.7617
vn 0.1564 0.3585 0.9203
vn -0.2138 0.8213 -0.5290
vn 0.0861 0.9420 0.3243
vn -0.2549 0.7761 -0.5768
vn 0.4502 0.3918 0.8023
vn -0.2509 0.3824 -0.8893
vn -0.2697 -0.1184 -0.9557
vn -0.1848 0.6147 -0.7668
vn -0.2066 -0.3950 -0.8951
vn 0.1866 -0.5738 0.7974
vn -0.0307 0.9073 0.4194
vn -0.0964 0.0472 -0.9942
vn -0.1078 -0.4891 -0.8655
vn 0.0393 -0.9252 -0.3775
vn 0.1145 0.6059 0.7873
vn 0.1359 -0.6525 0.7455
vn 0.1161 0.4117 0.9039
vn 0.0148 -0.3203 0.9472
vn 0.1376 0.2340 -0.9625
vn -0.0757 0.5454 -0.8347
vt 0.874523 0.675376
vt 0.880213 0.669601
vt 0.882346 0.670314
vt 0.907456 0.101912
vt 0.908860 0.097379
vt 0.911920 0.101611
vt 0.909195 0.108406
vt 0.923977 0.088839
vt 0.906167 0.088014
vt 0.901606 0.091437
vt 0.902098 0.095088
vt 0.893905 0.087081
vt 0.893981 0.090735
vt 0.871000 0.680445
vt 0.859204 0.684342
vt 0.870909 0.677578
vt 0.865139 0.679796
vt 0.876980 0.679807
vt 0.884935 0.673320
vt 0.906242 0.085121
vt 0.908499 0.082108
vt 0.913907 0.079273
vt 0.919952 0.084490
vt 0.917268 0.079021
vt 0.922136 0.081609
vt 0.921781 0.083544
vt 0.893531 0.690839
vt 0.888512 0.692412
vt 0.894462 0.689276
vt 0.886125 0.689868
vt 0.892041 0.684616
vt 0.905854 0.083031
vt 0.879162 0.686283
vt 0.877036 0.687999
vt 0.873653 0.687204
vt 0.877164 0.690350
vt 0.909383 0.053563
vt 0.913144 0.070598
vt 0.909962 0.074351
vt 0.906609 0.043074
vt 0.905654 0.075331
vt 0.880570 0.697320
vt 0.875833 0.697109
vt 0.875590 0.726080
vt 0.916370 0.100042
vt 0.922201 0.095028
vt 0.918563 0.101040
vt 0.891335 0.673699
vt 0.892265 0.670661
vt 0.899692 0.681771
vt 0.894590 0.681243
vt 0.927030 0.090179
vt 0.888488 0.659502
vt 0.885286 0.656724
vt 0.892797 0.660159
vt 0.917302 0.117753
vt 0.912726 0.119850
vt 0.910088 0.114066
vt 0.919450 0.110651
vt 0.891183 0.658970
vt 0.882696 0.660306
vt 0.885693 0.649098
vt 0.916095 0.129319
vt 0.913647 0.131813
vt 0.921058 0.136774
vt 0.920850 0.127623
vt 0.920451 0.116150
vt 0.922305 0.125865
vt 0.896477 0.643125
vt 0.893752 0.642655
vt 0.893968 0.654824
vt 0.889666 0.644393
vt 0.889052 0.636641
vt 0.893641 0.628729
vt 0.130849 0.526353
vt 0.147117 0.544396
vt 0.122819 0.542262
vt 0.102628 0.537852
vt 0.110853 0.494151
vt 0.089710 0.536220
vt 0.087720 0.506799
vt 0.099747 0.475565
vt 0.118911 0.478843
vt 0.121116 0.880790
vt 0.123460 0.915460
vt 0.114770 0.913370
vt 0.103739 0.910700
vt 0.110462 0.869494
vt 0.086345 0.871469
vt 0.081817 0.905934
vt 0.085954 0.841374
vt 0.096645 0.841527
vt 0.077472 0.887378
vt 0.069346 0.903589
vt 0.073142 0.861529
vt 0.059863 0.902184
vt 0.060398 0.858912
vt 0.088641 0.822662
vt 0.062256 0.828699
vt 0.214456 0.514205
vt 0.230872 0.506702
vt 0.250394 0.534431
vt 0.251162 0.548410
vt 0.206412 0.528445
vt 0.226461 0.561371
vt 0.244167 0.565667
vt 0.231153 0.581207
vt 0.216820 0.583049
vt 0.206440 0.561210
vt 0.211380 0.595890
vt 0.201281 0.577647
vt 0.189668 0.554276
vt 0.180107 0.530079
vt 0.181170 0.541310
vt 0.259340 0.577396
vt 0.268600 0.546780
vt 0.254594 0.523710
vt 0.279035 0.559315
vt 0.263289 0.508837
vt 0.281866 0.536781
vt 0.281090 0.495436
vt 0.295978 0.529703
vt 0.295932 0.495727
vt 0.291382 0.562459
vt 0.248678 0.592688
vt 0.255122 0.633390
vt 0.245203 0.623839
vt 0.236030 0.644207
vt 0.220787 0.615025
vt 0.233594 0.605866
vt 0.257450 0.653871
vt 0.265466 0.637383
vt 0.269098 0.657998
vt 0.282266 0.641109
vt 0.293626 0.638161
vt 0.286597 0.652524
vt 0.289605 0.670947
vt 0.265891 0.672527
vt 0.284170 0.681427
vt 0.252524 0.665247
vt 0.308104 0.640212
vt 0.321393 0.638796
vt 0.317481 0.654850
vt 0.298086 0.650063
vt 0.308204 0.668539
vt 0.297442 0.684780
vt 0.306880 0.687660
vt 0.317021 0.691162
vt 0.322901 0.670232
vt 0.325912 0.646344
vt 0.331139 0.664496
vt 0.333106 0.648039
vt 0.335509 0.676006
vt 0.339767 0.648446
vt 0.327378 0.692549
vt 0.349424 0.626968
vt 0.341226 0.610116
vt 0.334862 0.625519
vt 0.345915 0.580302
vt 0.350917 0.572927
vt 0.352880 0.560187
vt 0.352680 0.611063
vt 0.316750 0.617479
vt 0.325680 0.593720
vt 0.331275 0.597203
vt 0.328680 0.621900
vt 0.333426 0.559719
vt 0.337970 0.571674
vt 0.344763 0.553143
vt 0.142469 0.744194
vt 0.132754 0.731139
vt 0.137233 0.715482
vt 0.121483 0.721463
vt 0.114658 0.713273
vt 0.133071 0.709451
vt 0.142505 0.711104
vt 0.347290 0.669238
vt 0.338777 0.689417
vt 0.118289 0.742009
vt 0.106477 0.743638
vt 0.111811 0.733154
vt 0.101760 0.733993
vt 0.088370 0.735896
vt 0.102569 0.721133
vt 0.106658 0.717777
vt 0.128831 0.759012
vt 0.115726 0.771551
vt 0.138309 0.765615
vt 0.152285 0.776464
vt 0.150143 0.757941
vt 0.312399 0.573747
vt 0.320185 0.578488
vt 0.294542 0.614481
vt 0.303840 0.573500
vt 0.302640 0.558202
vt 0.315200 0.549800
vt 0.324565 0.540316
vt 0.307155 0.479635
vt 0.305049 0.511527
vt 0.314233 0.508647
vt 0.308397 0.467541
vt 0.321923 0.505906
vt 0.330810 0.448900
vt 0.332545 0.495960
vt 0.305360 0.534500
vt 0.274790 0.482411
vt 0.255894 0.482643
vt 0.291761 0.457593
vt 0.269340 0.466890
vt 0.248898 0.473802
vt 0.279839 0.449154
vt 0.265421 0.445054
vt 0.304510 0.462450
vt 0.310549 0.448517
vt 0.272559 0.596603
vt 0.262555 0.606548
vt 0.283460 0.597540
vt 0.280371 0.617529
vt 0.089839 0.805666
vt 0.073393 0.815240
vt 0.067584 0.795081
vt 0.064340 0.811610
vt 0.068330 0.777370
vt 0.083686 0.785852
vt 0.076431 0.752710
vt 0.097053 0.794503
vt 0.092083 0.768300
vt 0.098352 0.779379
vt 0.101548 0.760566
vt 0.104067 0.774552
vt 0.109278 0.783060
vt 0.116548 0.786433
vt 0.123044 0.802158
vt 0.137183 0.781351
vt 0.118455 0.795798
vt 0.111930 0.802373
vt 0.096410 0.825940
vt 0.099663 0.819252
vt 0.105498 0.814225
vt 0.115853 0.834289
vt 0.120308 0.863093
vt 0.132776 0.874990
vt 0.129210 0.859228
vt 0.134085 0.891259
vt 0.137369 0.911761
vt 0.129029 0.825169
vt 0.133459 0.838611
vt 0.140949 0.800934
vt 0.140424 0.818941
vt 0.143774 0.838302
vt 0.144023 0.853700
vt 0.150638 0.814214
vt 0.150649 0.789980
vt 0.155139 0.837534
vt 0.087652 0.755490
vt 0.197336 0.470860
vt 0.186480 0.458310
vt 0.239076 0.457027
vt 0.232891 0.470038
vt 0.202490 0.479383
vt 0.211508 0.491708
vt 0.221126 0.498720
vt 0.187171 0.489757
vt 0.194960 0.432060
vt 0.172968 0.451177
vt 0.171571 0.438913
vt 0.181650 0.428320
vt 0.230949 0.433661
vt 0.144813 0.443097
vt 0.149560 0.431896
vt 0.163347 0.423184
vt 0.190969 0.408656
vt 0.168027 0.411085
vt 0.154213 0.399394
vt 0.178995 0.394755
vt 0.229297 0.422736
vt 0.205618 0.413950
vt 0.233614 0.411476
vt 0.136388 0.493743
vt 0.114146 0.456184
vt 0.151520 0.491082
vt 0.144316 0.465282
vt 0.148660 0.455684
vt 0.118460 0.433778
vt 0.127336 0.423658
vt 0.163784 0.477968
vt 0.160506 0.491322
vt 0.158760 0.481330
vt 0.092778 0.466668
vt 0.102052 0.436210
vt 0.084667 0.443687
vt 0.096949 0.420205
vt 0.084582 0.421493
vt 0.065689 0.504709
vt 0.067661 0.454304
vt 0.045669 0.471421
vt 0.070743 0.419302
vt 0.087543 0.406024
vt 0.059089 0.435141
vt 0.087264 0.393126
vt 0.032610 0.473929
vt 0.045094 0.418072
vt 0.023721 0.462417
vt 0.067335 0.387536
vt 0.108169 0.409216
vt 0.097543 0.389938
vt 0.108076 0.396925
vt 0.082837 0.370853
vt 0.071740 0.364018
vt 0.096648 0.369942
vt 0.121184 0.389619
vt 0.113320 0.373710
vt 0.005203 0.464425
vt 0.009015 0.455747
vt 0.015427 0.472422
vt 0.002113 0.471883
vt 0.008385 0.475839
vt 0.012339 0.483615
vt 0.038009 0.492255
vt 0.017227 0.493663
vt 0.024953 0.413333
vt 0.035048 0.386947
vt 0.042891 0.365824
vt 0.028046 0.538822
vt 0.023001 0.537015
vt 0.020753 0.517513
vt 0.047526 0.519602
vt 0.031270 0.539970
vt 0.568552 0.856003
vt 0.561133 0.859849
vt 0.562515 0.844267
vt 0.568098 0.842092
vt 0.564634 0.831390
vt 0.567097 0.824365
vt 0.568460 0.825920
vt 0.744655 0.977455
vt 0.757528 0.958162
vt 0.775848 0.962136
vt 0.776826 0.972663
vt 0.792112 0.974199
vt 0.804560 0.971520
vt 0.803716 0.973032
vt 0.802649 0.974950
vt 0.173642 0.909594
vt 0.170910 0.907880
vt 0.172695 0.890475
vt 0.181573 0.878614
vt 0.181309 0.891321
vt 0.178202 0.849173
vt 0.176998 0.911712
vt 0.078567 0.537650
vt 0.046281 0.540607
vt 0.053558 0.540914
vt 0.036870 0.540200
vt 0.151024 0.907853
vt 0.157899 0.900718
vt 0.158952 0.907870
vt 0.167542 0.875410
vt 0.148749 0.878239
vt 0.165950 0.907880
vt 0.130360 0.913560
vt 0.168523 0.542452
vt 0.156071 0.530362
vt 0.153223 0.506432
vt 0.165305 0.517324
vt 0.166900 0.505210
vt 0.185341 0.519569
vt 0.193859 0.511249
vt 0.173785 0.499484
vt 0.179341 0.472388
vt 0.164450 0.470430
vt 0.134542 0.383508
vt 0.148148 0.391022
vt 0.126416 0.404843
vt 0.144850 0.415160
vt 0.168730 0.372666
vt 0.199800 0.385354
vt 0.167367 0.356288
vt 0.189570 0.362600
vt 0.187655 0.348591
vt 0.206440 0.366810
vt 0.214611 0.355166
vt 0.217095 0.387087
vt 0.236956 0.378722
vt 0.249268 0.362533
vt 0.229720 0.400350
vt 0.260812 0.351289
vt 0.231390 0.348330
vt 0.210251 0.342748
vt 0.236706 0.331468
vt 0.221368 0.324857
vt 0.185215 0.325331
vt 0.203661 0.324602
vt 0.190310 0.313390
vt 0.214633 0.301015
vt 0.195946 0.301280
vt 0.236026 0.309536
vt 0.256239 0.323392
vt 0.309441 0.379244
vt 0.284550 0.380071
vt 0.294911 0.360720
vt 0.264121 0.383521
vt 0.274427 0.362235
vt 0.274672 0.397913
vt 0.287390 0.403020
vt 0.249998 0.417724
vt 0.256757 0.396861
vt 0.250140 0.386280
vt 0.296960 0.323800
vt 0.309839 0.319817
vt 0.307998 0.337966
vt 0.293646 0.331945
vt 0.302616 0.349197
vt 0.278487 0.330670
vt 0.278064 0.346884
vt 0.267286 0.333550
vt 0.298330 0.409705
vt 0.313842 0.405342
vt 0.324239 0.382190
vt 0.316990 0.364381
vt 0.332692 0.361517
vt 0.337568 0.384587
vt 0.344960 0.366920
vt 0.359745 0.363065
vt 0.353413 0.380928
vt 0.330709 0.401422
vt 0.346680 0.396620
vt 0.320907 0.315322
vt 0.328373 0.328891
vt 0.332482 0.313233
vt 0.324763 0.342654
vt 0.345524 0.317956
vt 0.347578 0.338717
vt 0.358214 0.319670
vt 0.361726 0.339666
vt 0.334060 0.347770
vt 0.249910 0.444050
vt 0.230515 0.445292
vt 0.257160 0.431200
vt 0.273460 0.429660
vt 0.283971 0.420741
vt 0.264410 0.418340
vt 0.156660 0.261580
vt 0.168340 0.269110
vt 0.154329 0.279599
vt 0.164229 0.248762
vt 0.178520 0.256450
vt 0.180030 0.276650
vt 0.196164 0.256382
vt 0.170420 0.288710
vt 0.188504 0.243636
vt 0.193514 0.226112
vt 0.210834 0.238648
vt 0.207303 0.264398
vt 0.218800 0.249810
vt 0.236270 0.267996
vt 0.214054 0.281971
vt 0.182680 0.295640
vt 0.191710 0.284180
vt 0.106554 0.320839
vt 0.102892 0.303569
vt 0.121399 0.310416
vt 0.134975 0.300781
vt 0.109765 0.289408
vt 0.090910 0.327696
vt 0.084680 0.307212
vt 0.095554 0.281091
vt 0.116727 0.275326
vt 0.102207 0.264923
vt 0.127634 0.248813
vt 0.134413 0.267828
vt 0.132410 0.283615
vt 0.137881 0.331458
vt 0.147862 0.321207
vt 0.171871 0.317819
vt 0.161359 0.298560
vt 0.177590 0.306880
vt 0.166190 0.332066
vt 0.190696 0.200110
vt 0.165096 0.223399
vt 0.158186 0.202367
vt 0.141503 0.227821
vt 0.152574 0.236586
vt 0.121593 0.234821
vt 0.243648 0.277594
vt 0.236913 0.293490
vt 0.262208 0.283408
vt 0.272037 0.294276
vt 0.259604 0.305818
vt 0.306350 0.257327
vt 0.316500 0.270908
vt 0.293341 0.280386
vt 0.275723 0.271403
vt 0.283283 0.289113
vt 0.264648 0.262313
vt 0.280234 0.253337
vt 0.273210 0.284630
vt 0.258250 0.250670
vt 0.245368 0.244217
vt 0.272495 0.240126
vt 0.260490 0.230630
vt 0.276224 0.217499
vt 0.227908 0.190020
vt 0.236638 0.173801
vt 0.246570 0.187510
vt 0.251489 0.201674
vt 0.222720 0.209320
vt 0.231780 0.219590
vt 0.210761 0.195586
vt 0.270049 0.204629
vt 0.251870 0.219890
vt 0.238913 0.231612
vt 0.202874 0.212063
vt 0.122618 0.364811
vt 0.140090 0.372450
vt 0.128268 0.354054
vt 0.146417 0.361570
vt 0.132899 0.342737
vt 0.152650 0.377940
vt 0.808337 0.698832
vt 0.800151 0.670534
vt 0.818974 0.685620
vt 0.829580 0.672330
vt 0.840307 0.659060
vt 0.808805 0.653835
vt 0.828077 0.650980
vt 0.825032 0.638257
vt 0.839111 0.635067
vt 0.861027 0.630335
vt 0.847340 0.589060
vt 0.875276 0.577534
vt 0.845774 0.606789
vt 0.831076 0.596672
vt 0.855752 0.565971
vt 0.834680 0.618340
vt 0.823650 0.609884
vt 0.815779 0.622879
vt 0.810810 0.600030
vt 0.802724 0.613946
vt 0.825267 0.578308
vt 0.846900 0.560523
vt 0.835280 0.581630
vt 0.834510 0.564420
vt 0.897348 0.566630
vt 0.892370 0.584220
vt 0.865106 0.603317
vt 0.890699 0.550346
vt 0.909805 0.536833
vt 0.873409 0.563868
vt 0.893808 0.529231
vt 0.914847 0.513488
vt 0.902964 0.498744
vt 0.881801 0.599591
vt 0.871520 0.614980
vt 0.108160 0.247035
vt 0.093723 0.251960
vt 0.077150 0.285829
vt 0.062578 0.317856
vt 0.101929 0.234880
vt 0.085400 0.268860
vt 0.076334 0.329644
vt 0.079411 0.350284
vt 0.049310 0.350061
vt 0.055806 0.334289
vt 0.135874 0.190922
vt 0.150255 0.180203
vt 0.142606 0.207634
vt 0.114292 0.221536
vt 0.916366 0.460657
vt 0.917034 0.440810
vt 0.929659 0.444855
vt 0.922971 0.482825
vt 0.908515 0.475715
vt 0.928791 0.453080
vt 0.919584 0.498351
vt 0.933845 0.414817
vt 0.933182 0.426991
vt 0.922778 0.427070
vt 0.914784 0.423185
vt 0.925741 0.409417
vt 0.914391 0.402246
vt 0.924254 0.394398
vt 0.935710 0.409672
vt 0.226560 0.113780
vt 0.230466 0.111868
vt 0.225287 0.118572
vt 0.228315 0.125636
vt 0.202617 0.131904
vt 0.208248 0.138871
vt 0.194177 0.139986
vt 0.214936 0.120282
vt 0.245658 0.102338
vt 0.237868 0.116394
vt 0.251453 0.127086
vt 0.227881 0.127783
vt 0.280072 0.136786
vt 0.275252 0.148507
vt 0.267861 0.121294
vt 0.285023 0.130514
vt 0.252816 0.108268
vt 0.276886 0.110160
vt 0.278780 0.090696
vt 0.287200 0.101103
vt 0.293441 0.119421
vt 0.307930 0.135000
vt 0.248741 0.172889
vt 0.251826 0.162350
vt 0.267797 0.186674
vt 0.263722 0.158254
vt 0.278866 0.170451
vt 0.291731 0.182244
vt 0.305626 0.196861
vt 0.291860 0.206525
vt 0.298313 0.173469
vt 0.297214 0.155636
vt 0.313719 0.180715
vt 0.313650 0.151019
vt 0.312853 0.163259
vt 0.336453 0.190753
vt 0.330868 0.176009
vt 0.227269 0.156754
vt 0.250407 0.151761
vt 0.240811 0.144983
vt 0.219572 0.148630
vt 0.272921 0.085367
vt 0.284202 0.078645
vt 0.307014 0.072792
vt 0.290885 0.072953
vt 0.305903 0.062589
vt 0.254790 0.097269
vt 0.263753 0.091128
vt 0.302123 0.104632
vt 0.318468 0.120042
vt 0.309661 0.090083
vt 0.322696 0.082778
vt 0.325732 0.101894
vt 0.935260 0.371480
vt 0.935958 0.382487
vt 0.934724 0.360489
vt 0.936473 0.393454
vt 0.920003 0.378588
vt 0.917181 0.361611
vt 0.895615 0.405403
vt 0.863305 0.394448
vt 0.882146 0.385905
vt 0.868656 0.375809
vt 0.897070 0.373288
vt 0.908084 0.387679
vt 0.871556 0.366614
vt 0.891420 0.348892
vt 0.901000 0.361507
vt 0.822010 0.365380
vt 0.823050 0.356860
vt 0.842537 0.357486
vt 0.825476 0.374080
vt 0.846551 0.383883
vt 0.819952 0.382241
vt 0.837114 0.396004
vt 0.871031 0.415327
vt 0.836525 0.414704
vt 0.871826 0.436040
vt 0.852617 0.435182
vt 0.819391 0.426036
vt 0.817906 0.402277
vt 0.897410 0.417650
vt 0.906149 0.432639
vt 0.891941 0.429092
vt 0.937683 0.323234
vt 0.935892 0.339342
vt 0.929161 0.333494
vt 0.930833 0.349012
vt 0.926645 0.310660
vt 0.912658 0.346225
vt 0.894095 0.338030
vt 0.874015 0.328304
vt 0.910798 0.327741
vt 0.908889 0.317436
vt 0.878984 0.318653
vt 0.197792 0.152359
vt 0.185512 0.165760
vt 0.174350 0.158538
vt 0.160562 0.167812
vt 0.173787 0.180380
vt 0.857339 0.533023
vt 0.855204 0.509566
vt 0.866505 0.469847
vt 0.879375 0.502687
vt 0.881647 0.471814
vt 0.879790 0.454380
vt 0.901104 0.456508
vt 0.897010 0.473840
vt 0.889496 0.505482
vt 0.855110 0.451510
vt 0.841982 0.461924
vt 0.843471 0.482082
vt 0.843930 0.501666
vt 0.822521 0.493027
vt 0.824440 0.462650
vt 0.819070 0.476808
vt 0.809585 0.460137
vt 0.820072 0.447008
vt 0.833509 0.545359
vt 0.811528 0.559463
vt 0.811720 0.544644
vt 0.833450 0.528220
vt 0.820680 0.523040
vt 0.786396 0.529420
vt 0.795140 0.512680
vt 0.804343 0.526022
vt 0.826380 0.509290
vt 0.813540 0.505000
vt 0.800690 0.500710
vt 0.784905 0.550611
vt 0.779298 0.561159
vt 0.798648 0.571387
vt 0.806900 0.580070
vt 0.794497 0.587642
vt 0.790010 0.601083
vt 0.776570 0.574030
vt 0.758961 0.559503
vt 0.767327 0.587044
vt 0.758860 0.574950
vt 0.749178 0.507692
vt 0.733614 0.501612
vt 0.743723 0.491733
vt 0.749794 0.483472
vt 0.763812 0.489721
vt 0.770776 0.502254
vt 0.765975 0.521867
vt 0.764125 0.470781
vt 0.778066 0.476811
vt 0.781208 0.496612
vt 0.792719 0.490074
vt 0.697645 0.466550
vt 0.708632 0.460630
vt 0.720990 0.477377
vt 0.707414 0.489724
vt 0.717844 0.502467
vt 0.706683 0.507514
vt 0.713585 0.519270
vt 0.695160 0.499740
vt 0.691796 0.484880
vt 0.680257 0.477489
vt 0.761985 0.532618
vt 0.755643 0.541474
vt 0.746070 0.562330
vt 0.740120 0.541670
vt 0.726862 0.543402
vt 0.732799 0.524487
vt 0.741840 0.515240
vt 0.755468 0.435926
vt 0.755853 0.453481
vt 0.737026 0.439971
vt 0.732249 0.458464
vt 0.707345 0.433019
vt 0.770093 0.631781
vt 0.766162 0.644004
vt 0.745995 0.629615
vt 0.751606 0.620490
vt 0.774660 0.619930
vt 0.759636 0.607757
vt 0.791907 0.634500
vt 0.732152 0.609535
vt 0.742790 0.594120
vt 0.772460 0.602370
vt 0.750830 0.584530
vt 0.787980 0.615168
vt 0.711653 0.627566
vt 0.726148 0.644206
vt 0.709176 0.644261
vt 0.742418 0.646188
vt 0.756852 0.655073
vt 0.728116 0.656354
vt 0.744663 0.664538
vt 0.709651 0.659099
vt 0.697268 0.638075
vt 0.692083 0.652133
vt 0.774970 0.652110
vt 0.778769 0.662406
vt 0.767642 0.669750
vt 0.773514 0.679535
vt 0.743802 0.676178
vt 0.747756 0.684389
vt 0.801598 0.640626
vt 0.789514 0.648913
vt 0.875180 0.543890
vt 0.869312 0.537121
vt 0.872010 0.523420
vt 0.781123 0.456083
vt 0.784960 0.468520
vt 0.787926 0.444837
vt 0.767951 0.426655
vt 0.799740 0.432310
vt 0.796740 0.471520
vt 0.740281 0.734653
vt 0.749788 0.768932
vt 0.727981 0.754190
vt 0.711375 0.752529
vt 0.716156 0.732975
vt 0.711826 0.719854
vt 0.729812 0.702754
vt 0.779108 0.703174
vt 0.726076 0.770759
vt 0.731236 0.780328
vt 0.719834 0.781386
vt 0.706859 0.784315
vt 0.702830 0.772475
vt 0.726393 0.760875
vt 0.745287 0.774912
vt 0.739890 0.783457
vt 0.584534 0.892444
vt 0.576015 0.889735
vt 0.587847 0.886184
vt 0.595056 0.895094
vt 0.598621 0.887966
vt 0.610861 0.886372
vt 0.619120 0.886424
vt 0.611928 0.893349
vt 0.625831 0.894937
vt 0.645248 0.899276
vt 0.663178 0.902250
vt 0.663209 0.919916
vt 0.676829 0.915491
vt 0.677075 0.957152
vt 0.672939 0.957766
vt 0.669969 0.942759
vt 0.675133 0.938408
vt 0.269495 0.815921
vt 0.260728 0.840747
vt 0.260748 0.831855
vt 0.260091 0.824923
vt 0.286653 0.807188
vt 0.281531 0.802180
vt 0.293092 0.789572
vt 0.278553 0.845720
vt 0.256209 0.885133
vt 0.247834 0.902543
vt 0.253254 0.873758
vt 0.253459 0.867638
vt 0.268472 0.873595
vt 0.279700 0.868728
vt 0.262516 0.884357
vt 0.298064 0.817717
vt 0.244565 0.902530
vt 0.237777 0.934374
vt 0.251371 0.921942
vt 0.246340 0.933730
vt 0.242671 0.934014
vt 0.258613 0.896045
vt 0.312342 0.803021
vt 0.308310 0.794484
vt 0.319097 0.796152
vt 0.302306 0.762855
vt 0.314125 0.768892
vt 0.295956 0.734479
vt 0.303197 0.730720
vt 0.314106 0.744049
vt 0.305893 0.716864
vt 0.323762 0.731165
vt 0.271623 0.732251
vt 0.277330 0.738308
vt 0.262928 0.790883
vt 0.274719 0.787322
vt 0.283039 0.741798
vt 0.279260 0.708300
vt 0.285380 0.726917
vt 0.278734 0.795842
vt 0.263205 0.804756
vt 0.238445 0.809842
vt 0.252604 0.821358
vt 0.233996 0.815867
vt 0.325416 0.770100
vt 0.330073 0.779870
vt 0.671566 0.968417
vt 0.677288 0.967121
vt 0.670820 0.974420
vt 0.674464 0.977177
vt 0.683251 0.978353
vt 0.683566 0.989627
vt 0.687248 0.987668
vt 0.689453 0.979269
vt 0.690231 0.987283
vt 0.693047 0.979314
vt 0.693769 0.985353
vt 0.693177 0.972576
vt 0.685133 0.923429
vt 0.693403 0.929954
vt 0.713535 0.942896
vt 0.703972 0.951308
vt 0.701613 0.935122
vt 0.696535 0.956789
vt 0.702783 0.956969
vt 0.712888 0.955143
vt 0.708480 0.959944
vt 0.702661 0.967971
vt 0.702728 0.972982
vt 0.710724 0.977417
vt 0.707312 0.979054
vt 0.716729 0.962540
vt 0.729429 0.951502
vt 0.744246 0.955092
vt 0.696750 0.976951
vt 0.719787 0.946399
vt 0.689336 0.915195
vt 0.673345 0.902654
vt 0.686756 0.902251
vt 0.667075 0.879804
vt 0.661588 0.885637
vt 0.676576 0.876268
vt 0.688485 0.872885
vt 0.648921 0.886367
vt 0.702889 0.919486
vt 0.694385 0.905124
vt 0.705527 0.914595
vt 0.707067 0.928254
vt 0.635816 0.889035
vt 0.672062 0.798394
vt 0.669180 0.796250
vt 0.687499 0.775734
vt 0.688673 0.794390
vt 0.675927 0.801488
vt 0.682979 0.753820
vt 0.652406 0.736280
vt 0.672114 0.716815
vt 0.700555 0.699672
vt 0.642281 0.747768
vt 0.633470 0.737270
vt 0.665292 0.706162
vt 0.624880 0.727410
vt 0.630129 0.713108
vt 0.613198 0.713985
vt 0.625244 0.701237
vt 0.647038 0.697351
vt 0.661745 0.689008
vt 0.684144 0.687892
vt 0.648075 0.675877
vt 0.616800 0.677442
vt 0.637405 0.658614
vt 0.591997 0.668966
vt 0.636716 0.687599
vt 0.600760 0.689079
vt 0.595960 0.678640
vt 0.594184 0.627733
vt 0.596116 0.606895
vt 0.608267 0.616085
vt 0.626407 0.621918
vt 0.617033 0.631256
vt 0.610471 0.643735
vt 0.633906 0.630970
vt 0.634341 0.641942
vt 0.606586 0.654845
vt 0.670840 0.676660
vt 0.677230 0.682450
vt 0.675915 0.668484
vt 0.693906 0.677182
vt 0.654637 0.649961
vt 0.694042 0.662837
vt 0.711938 0.673260
vt 0.667033 0.629447
vt 0.646903 0.626262
vt 0.650828 0.615809
vt 0.654040 0.639717
vt 0.684324 0.635203
vt 0.337536 0.979075
vt 0.328542 0.975588
vt 0.333147 0.939424
vt 0.346259 0.954369
vt 0.349223 0.898071
vt 0.360731 0.902881
vt 0.363406 0.934026
vt 0.372606 0.910419
vt 0.378011 0.923950
vt 0.357827 0.963617
vt 0.347950 0.983030
vt 0.366790 0.870155
vt 0.375812 0.883626
vt 0.375571 0.858516
vt 0.390535 0.869626
vt 0.386100 0.849728
vt 0.395573 0.844750
vt 0.401027 0.869485
vt 0.406049 0.845539
vt 0.387880 0.901490
vt 0.320774 0.906111
vt 0.351946 0.868424
vt 0.328987 0.904684
vt 0.298643 0.966276
vt 0.287850 0.963110
vt 0.298625 0.950048
vt 0.308861 0.924098
vt 0.314570 0.945359
vt 0.316617 0.971440
vt 0.723740 0.684302
vt 0.705216 0.686755
vt 0.291337 0.948868
vt 0.291386 0.922701
vt 0.306024 0.908152
vt 0.282261 0.941790
vt 0.316424 0.904115
vt 0.296578 0.903409
vt 0.310159 0.885112
vt 0.280628 0.915054
vt 0.279115 0.895219
vt 0.291564 0.894966
vt 0.315437 0.891961
vt 0.337017 0.858517
vt 0.328829 0.865418
vt 0.301607 0.876596
vt 0.309373 0.863783
vt 0.326042 0.854115
vt 0.319905 0.845881
vt 0.279629 0.956163
vt 0.263638 0.942739
vt 0.268355 0.915393
vt 0.271065 0.888258
vt 0.289283 0.873137
vt 0.286457 0.888296
vt 0.256247 0.938806
vt 0.250650 0.935950
vt 0.665299 0.761574
vt 0.650610 0.770821
vt 0.671611 0.781555
vt 0.654540 0.781535
vt 0.662724 0.789759
vt 0.625953 0.875810
vt 0.615748 0.866434
vt 0.620248 0.864563
vt 0.627416 0.867121
vt 0.639368 0.879916
vt 0.609617 0.863747
vt 0.614058 0.877554
vt 0.599066 0.858963
vt 0.605625 0.858760
vt 0.602998 0.854089
vt 0.622641 0.880839
vt 0.612494 0.882351
vt 0.604062 0.878653
vt 0.605850 0.876471
vt 0.598856 0.871283
vt 0.596116 0.878134
vt 0.589465 0.870653
vt 0.599485 0.841833
vt 0.595627 0.845946
vt 0.591313 0.839144
vt 0.600322 0.848940
vt 0.607319 0.848783
vt 0.598049 0.851905
vt 0.591827 0.848097
vt 0.589624 0.842871
vt 0.569824 0.820115
vt 0.572540 0.814680
vt 0.577326 0.817851
vt 0.574657 0.824945
vt 0.587370 0.832474
vt 0.777444 0.954337
vt 0.798348 0.966873
vt 0.798220 0.961380
vt 0.596121 0.831589
vt 0.600676 0.826993
vt 0.586627 0.821414
vt 0.594234 0.823619
vt 0.802335 0.961449
vt 0.797770 0.955134
vt 0.804181 0.951955
vt 0.809989 0.956257
vt 0.814336 0.961127
vt 0.810405 0.950844
vt 0.815857 0.953806
vt 0.791610 0.946347
vt 0.779422 0.935580
vt 0.792748 0.939034
vt 0.751531 0.947790
vt 0.763326 0.942669
vt 0.605932 0.835124
vt 0.616590 0.836628
vt 0.611006 0.844458
vt 0.610878 0.836454
vt 0.612177 0.852097
vt 0.616086 0.855993
vt 0.618739 0.842544
vt 0.621338 0.848783
vt 0.630105 0.851011
vt 0.627708 0.859372
vt 0.632109 0.847056
vt 0.624097 0.842295
vt 0.610840 0.829818
vt 0.604021 0.824279
vt 0.612112 0.860777
vt 0.608482 0.856459
vt 0.639407 0.873126
vt 0.568870 0.824080
vt 0.579152 0.837913
vt 0.572247 0.836511
vt 0.573651 0.844815
vt 0.578392 0.851992
vt 0.586031 0.876173
vt 0.575035 0.880045
vt 0.581739 0.870305
vt 0.570732 0.882870
vt 0.564277 0.876690
vt 0.569232 0.865629
vt 0.575322 0.856888
vt 0.577851 0.863053
vt 0.580983 0.859778
vt 0.569119 0.847847
vt 0.562561 0.868984
vt 0.583096 0.856777
vt 0.777161 0.736506
vt 0.794457 0.714923
vt 0.212185 0.732271
vt 0.202534 0.729505
vt 0.226758 0.714577
vt 0.195702 0.763392
vt 0.182267 0.753486
vt 0.195151 0.733184
vt 0.188585 0.727800
vt 0.209374 0.709140
vt 0.244952 0.708830
vt 0.232454 0.705411
vt 0.226156 0.697990
vt 0.216614 0.695809
vt 0.224307 0.689786
vt 0.246916 0.690102
vt 0.243008 0.684094
vt 0.239130 0.678060
vt 0.254639 0.702109
vt 0.250740 0.696180
vt 0.229360 0.674927
vt 0.209825 0.683646
vt 0.208014 0.697431
vt 0.193897 0.695722
vt 0.179559 0.685027
vt 0.213030 0.669690
vt 0.202689 0.666549
vt 0.588813 0.107720
vt 0.578029 0.102007
vt 0.579170 0.084240
vt 0.596762 0.100137
vt 0.590938 0.074535
vt 0.584899 0.052751
vt 0.597618 0.058989
vt 0.610866 0.085214
vt 0.610822 0.059557
vt 0.629315 0.089556
vt 0.620330 0.114009
vt 0.607103 0.116251
vt 0.613940 0.131700
vt 0.525760 0.182530
vt 0.533940 0.163850
vt 0.542001 0.175159
vt 0.510989 0.176839
vt 0.512965 0.157115
vt 0.543225 0.142638
vt 0.529400 0.141770
vt 0.559007 0.150754
vt 0.492010 0.169489
vt 0.492577 0.151204
vt 0.516511 0.130573
vt 0.540811 0.112589
vt 0.497241 0.117562
vt 0.511414 0.087819
vt 0.564040 0.129500
vt 0.564240 0.104845
vt 0.493341 0.242803
vt 0.488350 0.219800
vt 0.501495 0.227450
vt 0.510741 0.212887
vt 0.508215 0.200695
vt 0.470710 0.227810
vt 0.474292 0.211618
vt 0.455563 0.229388
vt 0.480639 0.191494
vt 0.496575 0.189439
vt 0.526570 0.201280
vt 0.565580 0.198630
vt 0.573300 0.206380
vt 0.563350 0.219600
vt 0.554583 0.203897
vt 0.553324 0.232775
vt 0.540518 0.205373
vt 0.526545 0.229562
vt 0.533490 0.259240
vt 0.519927 0.254019
vt 0.543377 0.245993
vt 0.512544 0.239337
vt 0.120731 0.677410
vt 0.121941 0.660934
vt 0.138288 0.660500
vt 0.130032 0.646980
vt 0.121411 0.643732
vt 0.139807 0.650500
vt 0.155251 0.658931
vt 0.153430 0.674513
vt 0.163399 0.685389
vt 0.177680 0.674751
vt 0.175909 0.660835
vt 0.167197 0.698522
vt 0.131709 0.686484
vt 0.156100 0.713200
vt 0.139972 0.696815
vt 0.361445 0.682010
vt 0.355246 0.646405
vt 0.364393 0.684211
vt 0.355525 0.632487
vt 0.353939 0.628788
vt 0.362489 0.667254
vt 0.366110 0.685310
vt 0.164240 0.730379
vt 0.174597 0.724688
vt 0.155534 0.713957
vt 0.160026 0.744397
vt 0.153297 0.714782
vt 0.590823 0.174179
vt 0.590344 0.143311
vt 0.582162 0.162987
vt 0.558479 0.174428
vt 0.518657 0.274886
vt 0.513810 0.266980
vt 0.501608 0.290481
vt 0.498430 0.260773
vt 0.490401 0.272794
vt 0.488488 0.287616
vt 0.489987 0.304390
vt 0.466978 0.293673
vt 0.471677 0.280152
vt 0.468992 0.260537
vt 0.482651 0.252957
vt 0.049992 0.590191
vt 0.051161 0.574934
vt 0.073996 0.598413
vt 0.067686 0.610327
vt 0.085969 0.610993
vt 0.079812 0.619633
vt 0.051845 0.616062
vt 0.079693 0.635673
vt 0.064270 0.626130
vt 0.031736 0.595199
vt 0.041460 0.604970
vt 0.386202 0.337215
vt 0.388277 0.359922
vt 0.372760 0.363158
vt 0.406029 0.353677
vt 0.402029 0.339849
vt 0.417959 0.334953
vt 0.416937 0.360938
vt 0.388400 0.375440
vt 0.367466 0.386356
vt 0.017030 0.548880
vt 0.021340 0.543080
vt 0.029979 0.552302
vt 0.021710 0.564130
vt 0.038616 0.561536
vt 0.035576 0.578067
vt 0.012730 0.554680
vt 0.022801 0.585614
vt 0.008420 0.560490
vt 0.013411 0.576016
vt 0.004110 0.566290
vt 0.456107 0.304680
vt 0.444753 0.296774
vt 0.432381 0.304147
vt 0.437061 0.318378
vt 0.453860 0.323870
vt 0.469682 0.321716
vt 0.445515 0.342207
vt 0.356670 0.551500
vt 0.356910 0.531236
vt 0.356180 0.568600
vt 0.355661 0.594091
vt 0.347038 0.538131
vt 0.355585 0.616337
vt 0.098170 0.622470
vt 0.099156 0.637635
vt 0.108848 0.631984
vt 0.110820 0.653437
vt 0.091453 0.650433
vt 0.109304 0.666790
vt 0.446166 0.277355
vt 0.448853 0.246145
vt 0.427179 0.258241
vt 0.465993 0.240701
vt 0.451955 0.215970
vt 0.434863 0.222998
vt 0.447431 0.194034
vt 0.425563 0.234680
vt 0.409367 0.232193
vt 0.421163 0.214988
vt 0.412271 0.207039
vt 0.440240 0.194520
vt 0.424949 0.193977
vt 0.428275 0.175428
vt 0.476581 0.177623
vt 0.470070 0.189830
vt 0.458917 0.188172
vt 0.476988 0.158846
vt 0.462400 0.201340
vt 0.457406 0.168899
vt 0.437411 0.171851
vt 0.463360 0.154205
vt 0.490515 0.130716
vt 0.484383 0.095316
vt 0.475114 0.132482
vt 0.457622 0.127731
vt 0.469960 0.107676
vt 0.455310 0.105280
vt 0.566970 0.062188
vt 0.559457 0.077490
vt 0.551032 0.050021
vt 0.538379 0.078234
vt 0.523835 0.082808
vt 0.534024 0.047138
vt 0.517021 0.044756
vt 0.499630 0.075960
vt 0.476127 0.084513
vt 0.444570 0.096605
vt 0.466279 0.070374
vt 0.446909 0.082505
vt 0.482790 0.065130
vt 0.448980 0.068670
vt 0.452105 0.053561
vt 0.486033 0.052239
vt 0.499690 0.063360
vt 0.412188 0.123821
vt 0.423270 0.135630
vt 0.412140 0.141460
vt 0.432317 0.122915
vt 0.429971 0.149069
vt 0.419090 0.156090
vt 0.445010 0.121534
vt 0.450354 0.147838
vt 0.380559 0.165123
vt 0.360240 0.143444
vt 0.385594 0.140013
vt 0.395000 0.154298
vt 0.391220 0.179380
vt 0.407344 0.166957
vt 0.381940 0.187150
vt 0.387932 0.202077
vt 0.399940 0.195100
vt 0.367207 0.135618
vt 0.347484 0.128043
vt 0.360344 0.119446
vt 0.342549 0.101166
vt 0.362017 0.094978
vt 0.383630 0.109560
vt 0.382004 0.095191
vt 0.378162 0.082255
vt 0.400800 0.100522
vt 0.394867 0.118109
vt 0.413350 0.109390
vt 0.424794 0.097809
vt 0.410268 0.083154
vt 0.412549 0.068792
vt 0.433792 0.072550
vt 0.366882 0.059224
vt 0.354760 0.048319
vt 0.387478 0.040324
vt 0.375984 0.068735
vt 0.403237 0.030347
vt 0.402298 0.058383
vt 0.425869 0.034444
vt 0.442997 0.042719
vt 0.417615 0.053705
vt 0.428590 0.053470
vt 0.354425 0.080115
vt 0.339730 0.083044
vt 0.338563 0.069396
vt 0.331113 0.061935
vt 0.327658 0.150387
vt 0.333351 0.139353
vt 0.342933 0.157842
vt 0.350736 0.152137
vt 0.346218 0.183321
vt 0.365601 0.244102
vt 0.355944 0.213512
vt 0.379292 0.241126
vt 0.388887 0.227746
vt 0.369203 0.210995
vt 0.358139 0.184684
vt 0.394652 0.268395
vt 0.386343 0.275272
vt 0.404853 0.244122
vt 0.415447 0.267509
vt 0.412287 0.298160
vt 0.386096 0.290486
vt 0.327652 0.240896
vt 0.346411 0.240076
vt 0.343614 0.256884
vt 0.322955 0.213280
vt 0.337287 0.208755
vt 0.307202 0.216978
vt 0.363353 0.261519
vt 0.375992 0.305497
vt 0.366413 0.280612
vt 0.362815 0.297628
vt 0.340392 0.274222
vt 0.349523 0.290527
vt 0.424681 0.286273
vt 0.406417 0.314437
vt 0.630457 0.031613
vt 0.647470 0.033840
vt 0.644180 0.044180
vt 0.640596 0.055467
vt 0.614762 0.034492
vt 0.612599 0.047608
vt 0.634330 0.075220
vt 0.585778 0.031213
vt 0.599354 0.032464
vt 0.235494 0.797052
vt 0.230841 0.781459
vt 0.251618 0.754282
vt 0.257401 0.705726
vt 0.266813 0.713458
vt 0.207500 0.761583
vt 0.229447 0.729930
vt 0.219687 0.773095
vt 0.202192 0.783773
vt 0.206736 0.810725
vt 0.225528 0.793237
vt 0.212392 0.811600
vt 0.232537 0.805178
vt 0.221966 0.813014
vt 0.714994 0.994512
vt 0.718128 0.986025
vt 0.720589 0.993837
vt 0.707840 0.986862
vt 0.705800 0.993142
vt 0.726113 0.988292
vt 0.734251 0.972525
vt 0.730386 0.979713
vt 0.202938 0.815584
vt 0.196967 0.823146
vt 0.191807 0.794428
vt 0.180770 0.828215
vt 0.177230 0.807351
vt 0.191037 0.842491
vt 0.186145 0.853740
vt 0.171759 0.754590
vt 0.166556 0.760771
vt 0.170114 0.782672
vt 0.170231 0.816953
vt 0.691130 0.996050
vt 0.685189 0.998047
vt 0.271780 0.711370
vt 0.275520 0.709830
vt 0.797930 0.006540
vt 0.814536 0.040269
vt 0.793842 0.009105
vt 0.802518 0.037558
vt 0.805945 0.002243
vt 0.815096 0.015702
vt 0.825264 0.031757
vt 0.840691 0.057003
vt 0.826815 0.061487
vt 0.875041 0.100797
vt 0.867878 0.110961
vt 0.854788 0.087079
vt 0.841382 0.073816
vt 0.852594 0.071786
vt 0.877686 0.190480
vt 0.870370 0.193690
vt 0.863070 0.178150
vt 0.858513 0.161688
vt 0.890842 0.182455
vt 0.874239 0.151580
vt 0.886331 0.201148
vt 0.850285 0.146330
vt 0.845751 0.129343
vt 0.858945 0.123062
vt 0.880442 0.135367
vt 0.890641 0.159785
vt 0.910512 0.219530
vt 0.915073 0.184811
vt 0.921941 0.206715
vt 0.900945 0.153017
vt 0.894300 0.132309
vt 0.830776 0.079257
vt 0.841573 0.093180
vt 0.813230 0.069130
vt 0.847852 0.109369
vt 0.825098 0.101772
vt 0.837790 0.114390
vt 0.823254 0.123447
vt 0.804840 0.073860
vt 0.814377 0.088152
vt 0.789396 0.085466
vt 0.579518 0.014886
vt 0.565459 0.019252
vt 0.561778 0.011707
vt 0.548480 0.017777
vt 0.526592 0.005248
vt 0.611088 0.014021
vt 0.629296 0.013230
vt 0.645901 0.012878
vt 0.646680 0.023280
vt 0.647070 0.028560
vt 0.567371 0.039259
vt 0.558367 0.033288
vt 0.547159 0.027491
vt 0.506924 0.037256
vt 0.509890 0.021191
vt 0.802188 0.897316
vt 0.800629 0.890084
vt 0.818085 0.893512
vt 0.787258 0.926040
vt 0.802063 0.921767
vt 0.799063 0.932366
vt 0.786002 0.912614
vt 0.806577 0.914785
vt 0.808674 0.925779
vt 0.818525 0.901127
vt 0.829918 0.905749
vt 0.822226 0.908260
vt 0.824222 0.921303
vt 0.817311 0.922978
vt 0.815209 0.911461
vt 0.810626 0.903188
vt 0.830856 0.891241
vt 0.836092 0.900392
vt 0.824414 0.890212
vt 0.839085 0.906056
vt 0.834337 0.904143
vt 0.846454 0.914180
vt 0.855873 0.903828
vt 0.830727 0.912626
vt 0.832987 0.921717
vt 0.833602 0.926658
vt 0.814091 0.935317
vt 0.804097 0.946203
vt 0.827900 0.943720
vt 0.838958 0.934290
vt 0.844960 0.931871
vt 0.838004 0.940366
vt 0.820740 0.947041
vt 0.840785 0.930974
vt 0.857534 0.928149
vt 0.852447 0.922859
vt 0.862435 0.917586
vt 0.865882 0.923656
vt 0.852878 0.910880
vt 0.874395 0.921463
vt 0.867550 0.911077
vt 0.598839 0.791029
vt 0.599689 0.789161
vt 0.599344 0.791532
vt 0.854256 0.930012
vt 0.858466 0.930186
vt 0.599267 0.797924
vt 0.595427 0.791549
vt 0.605276 0.799246
vt 0.594859 0.798431
vt 0.606442 0.796412
vt 0.595180 0.790610
vt 0.842332 0.895366
vt 0.852978 0.896270
vt 0.870923 0.903363
vt 0.837905 0.883982
vt 0.795811 0.903961
vt 0.817745 0.884124
vt 0.815963 0.888245
vt 0.808631 0.884273
vt 0.823877 0.880332
vt 0.828737 0.880739
vt 0.833397 0.877885
vt 0.829982 0.884856
vt 0.830416 0.876181
vt 0.832939 0.869974
vt 0.834447 0.879954
vt 0.807986 0.876093
vt 0.816901 0.864291
vt 0.834132 0.855140
vt 0.842391 0.858279
vt 0.848830 0.856136
vt 0.854302 0.851300
vt 0.851308 0.858762
vt 0.865784 0.844788
vt 0.866564 0.846876
vt 0.880729 0.843185
vt 0.865961 0.842686
vt 0.862273 0.835923
vt 0.825874 0.843862
vt 0.827600 0.824736
vt 0.837738 0.829668
vt 0.843262 0.823654
vt 0.851221 0.821648
vt 0.840806 0.786912
vt 0.834975 0.788419
vt 0.842974 0.780207
vt 0.847337 0.785271
vt 0.860766 0.818588
vt 0.849109 0.775847
vt 0.829972 0.784419
vt 0.834018 0.781904
vt 0.824931 0.779044
vt 0.826756 0.788104
vt 0.818976 0.805567
vt 0.818335 0.838714
vt 0.812374 0.838388
vt 0.820237 0.782976
vt 0.804713 0.847328
vt 0.789171 0.851110
vt 0.809361 0.801425
vt 0.803790 0.800067
vt 0.783796 0.853167
vt 0.796201 0.858894
vt 0.780285 0.888570
vt 0.785676 0.873646
vt 0.777826 0.903286
vt 0.765575 0.899352
vt 0.756962 0.938059
vt 0.760218 0.923533
vt 0.766186 0.911012
vt 0.768129 0.883600
vt 0.757869 0.891493
vt 0.775088 0.870651
vt 0.742157 0.932685
vt 0.746871 0.919122
vt 0.781867 0.861884
vt 0.840615 0.872922
vt 0.852458 0.860766
vt 0.867295 0.849034
vt 0.884629 0.845834
vt 0.909040 0.845478
vt 0.903405 0.843266
vt 0.911864 0.843696
vt 0.890640 0.840455
vt 0.712102 0.808222
vt 0.714721 0.803693
vt 0.723238 0.804831
vt 0.738428 0.791827
vt 0.751191 0.788862
vt 0.728487 0.814642
vt 0.758084 0.774072
vt 0.776343 0.774496
vt 0.747846 0.804204
vt 0.745668 0.818357
vt 0.882162 0.822416
vt 0.866191 0.816348
vt 0.873722 0.813194
vt 0.900961 0.835741
vt 0.883020 0.801265
vt 0.902480 0.840211
vt 0.709889 0.810902
vt 0.741353 0.827398
vt 0.706613 0.822935
vt 0.704063 0.818612
vt 0.707606 0.814026
vt 0.711329 0.821155
vt 0.914399 0.847619
vt 0.908635 0.851899
vt 0.909866 0.847842
vt 0.901248 0.847889
vt 0.884712 0.848856
vt 0.887279 0.858429
vt 0.883535 0.853109
vt 0.895570 0.868882
vt 0.884976 0.866881
vt 0.899393 0.883738
vt 0.906369 0.865522
vt 0.906478 0.885394
vt 0.911178 0.872673
vt 0.901835 0.891519
vt 0.908005 0.890468
vt 0.889030 0.895690
vt 0.880818 0.879460
vt 0.893607 0.894280
vt 0.890689 0.882504
vt 0.885706 0.873467
vt 0.895371 0.905539
vt 0.901768 0.900496
vt 0.874485 0.864646
vt 0.867410 0.852843
vt 0.878295 0.854869
vt 0.859362 0.862903
vt 0.868878 0.874911
vt 0.870036 0.881487
vt 0.858456 0.873164
vt 0.866969 0.865712
vt 0.857203 0.885438
vt 0.854319 0.891036
vt 0.875579 0.901385
vt 0.885425 0.898569
vt 0.889272 0.908890
vt 0.881403 0.905436
vt 0.873288 0.907737
vt 0.891268 0.914862
vt 0.900919 0.910316
vt 0.920410 0.899069
vt 0.910484 0.904987
vt 0.915865 0.890438
vt 0.915277 0.886558
vt 0.917548 0.874033
vt 0.927592 0.893491
vt 0.643104 0.826318
vt 0.642112 0.824692
vt 0.646937 0.818202
vt 0.647653 0.819586
vt 0.936067 0.883367
vt 0.935829 0.888640
vt 0.643816 0.834265
vt 0.637454 0.833366
vt 0.650256 0.828901
vt 0.652581 0.832727
vt 0.651014 0.845739
vt 0.642924 0.847577
vt 0.648954 0.820964
vt 0.655040 0.823147
vt 0.637091 0.830398
vt 0.639251 0.828182
vt 0.932661 0.872400
vt 0.934810 0.873280
vt 0.929341 0.864727
vt 0.614852 0.815528
vt 0.619899 0.828048
vt 0.606445 0.815826
vt 0.598926 0.812037
vt 0.594505 0.810531
vt 0.591680 0.806110
vt 0.589228 0.800153
vt 0.585137 0.811432
vt 0.585243 0.808432
vt 0.586933 0.804633
vt 0.585610 0.815273
vt 0.610416 0.804703
vt 0.626694 0.830059
vt 0.876838 0.889097
vt 0.373062 0.588877
vt 0.405649 0.575387
vt 0.376172 0.590130
vt 0.371136 0.588017
vt 0.399701 0.573970
vt 0.393273 0.591622
vt 0.378999 0.608497
vt 0.408935 0.581962
vt 0.398268 0.598517
vt 0.393280 0.605176
vt 0.424697 0.566972
vt 0.414722 0.584468
vt 0.426975 0.574067
vt 0.439627 0.559287
vt 0.456534 0.551066
vt 0.452035 0.549031
vt 0.435630 0.556860
vt 0.417220 0.565370
vt 0.490073 0.524794
vt 0.483244 0.536393
vt 0.519306 0.504755
vt 0.501090 0.523958
vt 0.556070 0.499665
vt 0.525712 0.514851
vt 0.573740 0.497470
vt 0.591824 0.495208
vt 0.522317 0.528252
vt 0.497040 0.546249
vt 0.493203 0.536107
vt 0.568273 0.549632
vt 0.550414 0.548782
vt 0.577028 0.530622
vt 0.528146 0.571879
vt 0.556356 0.534855
vt 0.530340 0.559580
vt 0.508604 0.572675
vt 0.528850 0.549310
vt 0.511610 0.558370
vt 0.562904 0.520693
vt 0.520787 0.542444
vt 0.586716 0.522584
vt 0.545552 0.579025
vt 0.507754 0.589334
vt 0.514115 0.609591
vt 0.552856 0.592202
vt 0.566196 0.577069
vt 0.576940 0.561283
vt 0.568191 0.602834
vt 0.588051 0.578087
vt 0.577960 0.616300
vt 0.561279 0.632553
vt 0.529098 0.616892
vt 0.537559 0.628763
vt 0.495311 0.600879
vt 0.460023 0.601113
vt 0.490574 0.565686
vt 0.449255 0.623771
vt 0.438176 0.612193
vt 0.451533 0.590614
vt 0.469701 0.575218
vt 0.429402 0.603229
vt 0.438498 0.629657
vt 0.460656 0.634275
vt 0.450311 0.642021
vt 0.431582 0.644950
vt 0.463737 0.652933
vt 0.475205 0.656263
vt 0.470337 0.665906
vt 0.446840 0.662812
vt 0.446068 0.672546
vt 0.455430 0.678600
vt 0.422744 0.657479
vt 0.481603 0.615116
vt 0.500022 0.629691
vt 0.514414 0.640850
vt 0.499963 0.641433
vt 0.496037 0.655931
vt 0.538743 0.639090
vt 0.512412 0.658845
vt 0.490315 0.675250
vt 0.510656 0.674063
vt 0.540261 0.654689
vt 0.472800 0.677170
vt 0.365697 0.837692
vt 0.369773 0.827051
vt 0.383737 0.831228
vt 0.374895 0.815424
vt 0.386511 0.818426
vt 0.402116 0.820286
vt 0.428508 0.618805
vt 0.423141 0.629535
vt 0.410771 0.633818
vt 0.410757 0.648697
vt 0.398933 0.639153
vt 0.399022 0.806070
vt 0.377136 0.805268
vt 0.363237 0.811026
vt 0.361942 0.802656
vt 0.376790 0.792485
vt 0.396934 0.797977
vt 0.451130 0.582992
vt 0.424206 0.599943
vt 0.441945 0.584264
vt 0.460560 0.568930
vt 0.416708 0.596711
vt 0.445320 0.572020
vt 0.480740 0.554067
vt 0.470450 0.550131
vt 0.407404 0.604709
vt 0.382636 0.618888
vt 0.403069 0.623995
vt 0.387531 0.627121
vt 0.416901 0.608729
vt 0.613076 0.544108
vt 0.619458 0.571388
vt 0.607520 0.584550
vt 0.597034 0.560274
vt 0.602897 0.534233
vt 0.595794 0.518443
vt 0.628580 0.545390
vt 0.639571 0.566298
vt 0.634407 0.532470
vt 0.643180 0.547440
vt 0.650344 0.548266
vt 0.642392 0.596373
vt 0.641720 0.517060
vt 0.656229 0.520524
vt 0.658382 0.547626
vt 0.656731 0.577850
vt 0.666315 0.560230
vt 0.685674 0.574265
vt 0.671149 0.578588
vt 0.666490 0.610329
vt 0.651402 0.497343
vt 0.666939 0.517665
vt 0.669722 0.498128
vt 0.679040 0.530219
vt 0.682346 0.498981
vt 0.685790 0.539121
vt 0.693655 0.524187
vt 0.705593 0.540324
vt 0.677463 0.602772
vt 0.678000 0.621790
vt 0.688296 0.594953
vt 0.702384 0.591190
vt 0.713990 0.602059
vt 0.738150 0.572150
vt 0.724843 0.588645
vt 0.725480 0.559760
vt 0.714819 0.573408
vt 0.647400 0.472990
vt 0.660411 0.458738
vt 0.651675 0.485147
vt 0.633535 0.468742
vt 0.642648 0.451854
vt 0.628760 0.454340
vt 0.648479 0.439276
vt 0.674518 0.445396
vt 0.658080 0.428899
vt 0.670385 0.467957
vt 0.611161 0.507225
vt 0.618768 0.490043
vt 0.601020 0.485010
vt 0.612821 0.471962
vt 0.628633 0.431010
vt 0.627991 0.400576
vt 0.637863 0.402832
vt 0.644841 0.417450
vt 0.638689 0.382329
vt 0.627430 0.361700
vt 0.639065 0.362427
vt 0.653606 0.394468
vt 0.666869 0.376613
vt 0.670996 0.362960
vt 0.669032 0.402986
vt 0.517044 0.733456
vt 0.538049 0.719298
vt 0.530250 0.729870
vt 0.543450 0.726170
vt 0.507058 0.707702
vt 0.534857 0.710182
vt 0.537776 0.698406
vt 0.554650 0.708240
vt 0.552649 0.694004
vt 0.565000 0.690270
vt 0.566210 0.697390
vt 0.567420 0.704520
vt 0.556720 0.722965
vt 0.568640 0.711650
vt 0.569850 0.718770
vt 0.634954 0.611838
vt 0.621856 0.604858
vt 0.617565 0.591665
vt 0.630490 0.595370
vt 0.451202 0.748940
vt 0.467220 0.729447
vt 0.486050 0.740679
vt 0.494537 0.720207
vt 0.458258 0.720486
vt 0.480420 0.715150
vt 0.501650 0.736483
vt 0.649624 0.295281
vt 0.648778 0.312852
vt 0.636012 0.299238
vt 0.646499 0.337087
vt 0.631749 0.330059
vt 0.663692 0.289451
vt 0.664221 0.319286
vt 0.684930 0.310587
vt 0.660605 0.333833
vt 0.679390 0.349682
vt 0.720853 0.363164
vt 0.685104 0.335083
vt 0.716204 0.331311
vt 0.691928 0.373185
vt 0.706734 0.382011
vt 0.672392 0.388894
vt 0.705735 0.395424
vt 0.697754 0.405622
vt 0.672860 0.414951
vt 0.698295 0.436548
vt 0.690090 0.451293
vt 0.688940 0.422640
vt 0.710619 0.414124
vt 0.734712 0.403440
vt 0.746201 0.394068
vt 0.748443 0.407135
vt 0.736776 0.417982
vt 0.748061 0.424932
vt 0.723468 0.428180
vt 0.800740 0.391840
vt 0.802123 0.376659
vt 0.782934 0.387271
vt 0.764460 0.393630
vt 0.764781 0.383390
vt 0.738226 0.377463
vt 0.794281 0.366036
vt 0.758897 0.366999
vt 0.784750 0.357450
vt 0.762139 0.357804
vt 0.804565 0.351203
vt 0.715066 0.374986
vt 0.799144 0.416889
vt 0.765564 0.404426
vt 0.796735 0.403121
vt 0.744612 0.348265
vt 0.713996 0.349445
vt 0.732563 0.336025
vt 0.755089 0.338180
vt 0.737071 0.317383
vt 0.724372 0.302135
vt 0.749824 0.302240
vt 0.747295 0.292285
vt 0.705649 0.302523
vt 0.729914 0.288050
vt 0.708892 0.289175
vt 0.729883 0.272901
vt 0.724117 0.259474
vt 0.745943 0.271103
vt 0.763953 0.274104
vt 0.783054 0.327839
vt 0.787120 0.337960
vt 0.790957 0.307611
vt 0.808200 0.318490
vt 0.807120 0.328160
vt 0.836079 0.318693
vt 0.835072 0.328143
vt 0.814412 0.337763
vt 0.785940 0.347700
vt 0.840181 0.347404
vt 0.766900 0.347920
vt 0.774882 0.297922
vt 0.802503 0.294406
vt 0.779900 0.272743
vt 0.794267 0.283108
vt 0.820818 0.281333
vt 0.806377 0.261171
vt 0.837263 0.255972
vt 0.840085 0.292710
vt 0.817620 0.306153
vt 0.762225 0.218286
vt 0.744269 0.241092
vt 0.744042 0.219382
vt 0.752216 0.247547
vt 0.733410 0.240760
vt 0.765347 0.241493
vt 0.764459 0.253551
vt 0.776468 0.244097
vt 0.748159 0.259761
vt 0.767953 0.264741
vt 0.736910 0.256740
vt 0.703063 0.269176
vt 0.714988 0.247593
vt 0.723583 0.233214
vt 0.687562 0.252484
vt 0.700530 0.239730
vt 0.697057 0.227917
vt 0.728192 0.212288
vt 0.715593 0.205916
vt 0.708115 0.197060
vt 0.729690 0.200230
vt 0.684896 0.266392
vt 0.689610 0.283458
vt 0.672925 0.276683
vt 0.678344 0.294496
vt 0.653240 0.280750
vt 0.663840 0.255936
vt 0.641100 0.273030
vt 0.644780 0.258310
vt 0.660496 0.233044
vt 0.650932 0.231756
vt 0.671850 0.242393
vt 0.422290 0.756260
vt 0.411494 0.759206
vt 0.408258 0.748269
vt 0.415514 0.739925
vt 0.433248 0.752371
vt 0.436065 0.727228
vt 0.425503 0.726515
vt 0.447790 0.722520
vt 0.445803 0.729894
vt 0.449428 0.737521
vt 0.680024 0.227716
vt 0.679948 0.208311
vt 0.691954 0.210172
vt 0.662686 0.204503
vt 0.683246 0.191420
vt 0.671320 0.185570
vt 0.678181 0.171354
vt 0.703112 0.182073
vt 0.719774 0.090317
vt 0.722452 0.118208
vt 0.706635 0.114939
vt 0.719368 0.141758
vt 0.701325 0.147841
vt 0.753728 0.104088
vt 0.755308 0.120900
vt 0.739051 0.153921
vt 0.712430 0.162648
vt 0.725121 0.169151
vt 0.688240 0.150930
vt 0.784815 0.071869
vt 0.772748 0.101733
vt 0.758310 0.076470
vt 0.774350 0.058131
vt 0.745400 0.089791
vt 0.729454 0.077864
vt 0.748503 0.054911
vt 0.761074 0.040228
vt 0.334512 0.702189
vt 0.343460 0.705610
vt 0.344612 0.725296
vt 0.338150 0.734350
vt 0.325567 0.698781
vt 0.329138 0.726032
vt 0.353773 0.743722
vt 0.316637 0.695457
vt 0.312284 0.715962
vt 0.307674 0.691921
vt 0.382880 0.720410
vt 0.396020 0.725350
vt 0.390805 0.729575
vt 0.357225 0.710775
vt 0.386481 0.733674
vt 0.358674 0.726740
vt 0.382015 0.744072
vt 0.371516 0.745947
vt 0.356340 0.733620
vt 0.401352 0.738330
vt 0.401380 0.731690
vt 0.411580 0.733116
vt 0.408459 0.725840
vt 0.379769 0.778474
vt 0.366209 0.782146
vt 0.370616 0.773539
vt 0.372501 0.784471
vt 0.339698 0.797374
vt 0.347676 0.786617
vt 0.355720 0.790036
vt 0.359745 0.768672
vt 0.328387 0.810501
vt 0.314582 0.827674
vt 0.347524 0.797366
vt 0.356921 0.797963
vt 0.345443 0.813574
vt 0.352302 0.808109
vt 0.339479 0.819929
vt 0.328917 0.820596
vt 0.350987 0.819435
vt 0.355047 0.828170
vt 0.348801 0.835703
vt 0.339685 0.838423
vt 0.327154 0.836161
vt 0.363943 0.791880
vt 0.391346 0.788968
vt 0.300592 0.843405
vt 0.359981 0.765547
vt 0.359924 0.767017
vt 0.333632 0.755149
vt 0.390069 0.761654
vt 0.372520 0.763561
vt 0.916535 0.850256
vt 0.917496 0.852212
vt 0.917138 0.857615
vt 0.927224 0.860299
vt 0.927400 0.857503
vt 0.697506 0.819286
vt 0.686507 0.823027
vt 0.687324 0.816431
vt 0.687770 0.829423
vt 0.692413 0.828631
vt 0.678830 0.811300
vt 0.678026 0.811840
vt 0.680607 0.827343
vt 0.671202 0.829880
vt 0.676058 0.833710
vt 0.666233 0.832768
vt 0.667488 0.844032
vt 0.679507 0.844771
vt 0.668838 0.862450
vt 0.673568 0.856640
vt 0.660604 0.862203
vt 0.657014 0.842639
vt 0.662162 0.828464
vt 0.658793 0.825808
vt 0.666450 0.812717
vt 0.655733 0.816598
vt 0.657713 0.830794
vt 0.656338 0.852355
vt 0.661390 0.869349
vt 0.656197 0.870637
vt 0.651570 0.875982
vt 0.654234 0.863879
vt 0.649948 0.854267
vt 0.649533 0.864476
vt 0.644504 0.866062
vt 0.681658 0.857216
vt 0.700056 0.866556
vt 0.690167 0.849114
vt 0.708016 0.830522
vt 0.712932 0.841673
vt 0.707529 0.846806
vt 0.702675 0.829063
vt 0.697475 0.840074
vt 0.705216 0.853290
vt 0.684904 0.834822
vt 0.700025 0.823260
vt 0.868329 0.684516
vt 0.838776 0.701326
vt 0.856331 0.694161
vt 0.870683 0.689064
vt 0.850500 0.699705
vt 0.836873 0.707207
vt 0.851172 0.051788
vt 0.852418 0.049951
vt 0.875037 0.066303
vt 0.889235 0.078915
vt 0.899860 0.082034
vt 0.898292 0.085460
vt 0.870631 0.069062
vt 0.849565 0.054221
vt 0.819118 0.713044
vt 0.820016 0.715764
vt 0.596668 0.907621
vt 0.599077 0.906198
vt 0.596002 0.909628
vt 0.598709 0.911942
vt 0.817861 0.710144
vt 0.603050 0.909385
vt 0.601927 0.911384
vt 0.816897 0.708473
vt 0.840595 0.692637
vt 0.873021 0.074647
vt 0.870148 0.075808
vt 0.855745 0.065625
vt 0.847882 0.056109
vt 0.846213 0.058071
vt 0.601991 0.907243
vt 0.815505 0.706533
vt 0.825621 0.700918
vt 0.879169 0.753603
vt 0.877202 0.755202
vt 0.872189 0.746930
vt 0.876037 0.756627
vt 0.870508 0.751192
vt 0.602303 0.900781
vt 0.598318 0.904132
vt 0.596211 0.902673
vt 0.601100 0.903535
vt 0.596564 0.899059
vt 0.599051 0.897702
vt 0.909504 0.013723
vt 0.911549 0.015807
vt 0.904213 0.019990
vt 0.905903 0.024115
vt 0.913823 0.017353
vt 0.910633 0.029438
vt 0.917684 0.019082
vt 0.903418 0.052797
vt 0.903124 0.037036
vt 0.902890 0.024610
vt 0.870217 0.733654
vt 0.868810 0.745900
vt 0.871989 0.718236
vt 0.914052 0.030076
vt 0.880409 0.743048
vt 0.883507 0.751615
vt 0.881233 0.752592
vt 0.879105 0.726442
vt 0.882650 0.723472
vt 0.882967 0.705456
vt 0.886864 0.694602
vt 0.886080 0.699613
vt 0.914340 0.052005
vt 0.915910 0.073346
vt 0.601393 0.898433
vt 0.905610 0.694042
vt 0.911533 0.693760
vt 0.908168 0.689911
vt 0.916436 0.702949
vt 0.935782 0.083123
vt 0.937245 0.076805
vt 0.938839 0.071066
vt 0.929761 0.075339
vt 0.900443 0.696149
vt 0.904075 0.697347
vt 0.947097 0.072625
vt 0.939901 0.079603
vt 0.947082 0.070450
vt 0.920834 0.702707
vt 0.922532 0.713333
vt 0.913761 0.706636
vt 0.910015 0.705814
vt 0.952632 0.061586
vt 0.937580 0.069032
vt 0.951030 0.058287
vt 0.945320 0.064407
vt 0.315764 0.435708
vt 0.322430 0.424490
vt 0.342720 0.409690
vt 0.335617 0.433075
vt 0.344240 0.483125
vt 0.357650 0.517300
vt 0.344631 0.505874
vt 0.337521 0.466101
vt 0.108648 0.336914
vt 0.098662 0.337570
vt 0.098177 0.357430
vt 0.087650 0.341800
vt 0.161300 0.860783
vt 0.154342 0.859075
vt 0.172076 0.857093
vt 0.165404 0.828973
vt 0.157761 0.797280
vt 0.160939 0.788935
vt 0.167054 0.795931
vt 0.801828 0.969538
vt 0.445257 0.020621
vt 0.458909 0.030552
vt 0.476952 0.024484
vt 0.487135 0.035748
vt 0.490788 0.004110
vt 0.432297 0.006170
vt 0.465382 0.005291
vt 0.151838 0.732791
vt 0.151355 0.745915
vt 0.300560 0.695960
vt 0.293460 0.700070
vt 0.296351 0.714997
vt 0.286360 0.704180
vt 0.801549 0.059866
vt 0.785248 0.039352
vt 0.784120 0.053216
vt 0.773790 0.027160
vt 0.781580 0.019150
vt 0.789380 0.011140
vt 0.797450 0.100979
vt 0.806255 0.115476
vt 0.829924 0.139471
vt 0.794524 0.131725
vt 0.796761 0.143738
vt 0.807980 0.154980
vt 0.789472 0.170397
vt 0.778010 0.138930
vt 0.768807 0.127310
vt 0.861816 0.213000
vt 0.844800 0.187761
vt 0.845419 0.225967
vt 0.836150 0.159688
vt 0.836948 0.216962
vt 0.828572 0.194692
vt 0.815967 0.219242
vt 0.813705 0.204520
vt 0.805226 0.188291
vt 0.826200 0.161440
vt 0.814919 0.168731
vt 0.797809 0.226235
vt 0.787896 0.209661
vt 0.763233 0.197224
vt 0.779114 0.198021
vt 0.788692 0.241569
vt 0.790910 0.250706
vt 0.812600 0.232980
vt 0.825660 0.228290
vt 0.823133 0.242482
vt 0.827040 0.255030
vt 0.879703 0.241917
vt 0.881768 0.263230
vt 0.868170 0.263290
vt 0.865880 0.247220
vt 0.854690 0.264990
vt 0.852729 0.248081
vt 0.872959 0.228500
vt 0.841238 0.269736
vt 0.912368 0.257825
vt 0.899710 0.241693
vt 0.922989 0.241204
vt 0.901126 0.264703
vt 0.898200 0.224118
vt 0.891140 0.260420
vt 0.887960 0.243330
vt 0.937709 0.301167
vt 0.938302 0.270823
vt 0.921487 0.271642
vt 0.938823 0.255081
vt 0.325009 0.057430
vt 0.330279 0.045876
vt 0.360218 0.026181
vt 0.379030 0.033533
vt 0.347447 0.034939
vt 0.378611 0.022054
vt 0.410245 0.013364
vt 0.933503 0.237858
vt 0.917062 0.221573
vt 0.912272 0.279765
vt 0.898051 0.297975
vt 0.884746 0.301536
vt 0.893345 0.286351
vt 0.870457 0.303864
vt 0.856362 0.314796
vt 0.855469 0.288203
vt 0.868950 0.277130
vt 0.758957 0.163100
vt 0.771788 0.168769
vt 0.741770 0.184900
vt 0.750470 0.193140
vt 0.707785 0.984722
vt 0.707650 0.982082
vt 0.704177 0.985494
vt 0.698163 0.993415
vt 0.697552 0.989088
vt 0.694621 0.990766
vt 0.699996 0.986427
vt 0.695849 0.983003
vt 0.699034 0.982590
vt 0.701136 0.984751
vt 0.702533 0.981310
vt 0.696951 0.980690
vt 0.702759 0.978260
vt 0.706159 0.982358
vt 0.692851 0.993456
vt 0.217246 0.176238
vt 0.196054 0.178002
vt 0.347727 0.648375
vt 0.355618 0.684742
vt 0.740714 0.939177
vt 0.731510 0.940943
vt 0.744167 0.896402
vt 0.727803 0.919903
vt 0.743241 0.885310
vt 0.723406 0.914213
vt 0.734271 0.876776
vt 0.718479 0.903829
vt 0.755502 0.863604
vt 0.744541 0.861622
vt 0.721588 0.877036
vt 0.725702 0.861462
vt 0.713066 0.868939
vt 0.737416 0.848876
vt 0.702930 0.892576
vt 0.712400 0.897609
vt 0.716367 0.834012
vt 0.722764 0.848309
vt 0.752657 0.835708
vt 0.748441 0.843575
vt 0.756243 0.852006
vt 0.766655 0.846150
vt 0.760955 0.840686
vt 0.759959 0.871229
vt 0.767564 0.857792
vt 0.776249 0.850180
vt 0.780784 0.843480
vt 0.771074 0.840533
vt 0.761043 0.834659
vt 0.785787 0.814008
vt 0.776279 0.810201
vt 0.808138 0.757730
vt 0.764044 0.813072
vt 0.750846 0.829575
vt 0.785130 0.779033
vt 0.725880 0.834397
vt 0.720094 0.932828
vt 0.850230 0.931279
vt 0.853674 0.931712
vt 0.845886 0.940166
vt 0.639710 0.855809
vt 0.644786 0.855125
vt 0.810581 0.780072
vt 0.817415 0.777465
vt 0.821504 0.771071
vt 0.819808 0.763420
vt 0.824800 0.747667
vt 0.817505 0.768679
vt 0.819950 0.753458
vt 0.804820 0.752709
vt 0.813264 0.760963
vt 0.807369 0.773741
vt 0.803843 0.770668
vt 0.810336 0.740328
vt 0.798071 0.742193
vt 0.803144 0.735868
vt 0.794590 0.748476
vt 0.839267 0.749722
vt 0.849266 0.751197
vt 0.852838 0.767208
vt 0.859326 0.760951
vt 0.869713 0.771125
vt 0.866632 0.785366
vt 0.853585 0.777136
vt 0.649808 0.818584
vt 0.290948 0.864101
vt 0.567518 0.639109
vt 0.550115 0.670452
vt 0.575191 0.671303
vt 0.356518 0.848243
vt 0.270919 0.311294
vt 0.287750 0.310434
vt 0.295130 0.301850
vt 0.306207 0.296165
vt 0.316780 0.295268
vt 0.326462 0.289697
vt 0.339026 0.294156
vt 0.310800 0.235171
vt 0.291244 0.227350
vt 0.295840 0.244150
vt 0.394181 0.318481
vt 0.372674 0.332964
vt 0.849991 0.334070
vt 0.925993 0.143512
vt 0.919647 0.151586
vt 0.925353 0.146462
vt 0.901301 0.626414
vt 0.898741 0.631298
vt 0.899481 0.613143
vt 0.893410 0.623368
vt 0.918291 0.154070
vt 0.900265 0.618948
vt 0.925221 0.165526
vt 0.926374 0.158303
vt 0.898339 0.599760
vt 0.901763 0.594864
vt 0.926468 0.181333
vt 0.921844 0.168711
vt 0.904839 0.612034
vt 0.931899 0.171619
vt 0.931293 0.189129
vt 0.905634 0.580639
vt 0.906175 0.597470
vt 0.910933 0.589069
vt 0.932486 0.185910
vt 0.909422 0.575422
vt 0.910275 0.583474
vt 0.924691 0.185571
vt 0.934694 0.187680
vt 0.929374 0.196407
vt 0.902270 0.582339
vt 0.912896 0.580317
vt 0.904017 0.575058
vt 0.912403 0.574136
vt 0.933074 0.202169
vt 0.934660 0.197419
vt 0.925595 0.192964
vt 0.915049 0.571748
vt 0.907297 0.571552
vt 0.916014 0.561250
vt 0.919712 0.557319
vt 0.909570 0.563256
vt 0.913667 0.562032
vt 0.906859 0.565050
vt 0.930082 0.204180
vt 0.931960 0.215332
vt 0.927059 0.200550
vt 0.937188 0.199937
vt 0.941423 0.216045
vt 0.937616 0.207722
vt 0.934958 0.216848
vt 0.939310 0.218065
vt 0.942167 0.234570
vt 0.916467 0.542803
vt 0.920742 0.534113
vt 0.913721 0.543941
vt 0.917951 0.534649
vt 0.926483 0.506643
vt 0.917786 0.529912
vt 0.936958 0.239249
vt 0.934733 0.230427
vt 0.937888 0.234785
vt 0.922852 0.539160
vt 0.943911 0.234140
vt 0.945804 0.234666
vt 0.925246 0.538000
vt 0.946102 0.264505
vt 0.944860 0.265849
vt 0.941538 0.257087
vt 0.943446 0.265536
vt 0.922849 0.513079
vt 0.931942 0.508613
vt 0.933657 0.510488
vt 0.948558 0.263184
vt 0.952420 0.261445
vt 0.928151 0.508532
vt 0.925899 0.503317
vt 0.937945 0.477928
vt 0.951216 0.283475
vt 0.949426 0.288185
vt 0.935146 0.479276
vt 0.956630 0.297412
vt 0.955527 0.281092
vt 0.959273 0.287350
vt 0.937926 0.492108
vt 0.941257 0.486834
vt 0.940231 0.480718
vt 0.953031 0.295386
vt 0.937443 0.472671
vt 0.953003 0.302419
vt 0.958469 0.295951
vt 0.961681 0.298539
vt 0.934144 0.476492
vt 0.936326 0.469158
vt 0.955926 0.303155
vt 0.941493 0.469387
vt 0.943430 0.473224
vt 0.939327 0.466680
vt 0.945354 0.473555
vt 0.931767 0.484938
vt 0.924593 0.711108
vt 0.926980 0.709180
vt 0.970797 0.325428
vt 0.979830 0.356600
vt 0.977258 0.357098
vt 0.974649 0.358225
vt 0.967014 0.339448
vt 0.965355 0.328083
vt 0.971721 0.341323
vt 0.971479 0.359731
vt 0.967601 0.347745
vt 0.954319 0.063831
vt 0.956030 0.065810
vt 0.954629 0.428647
vt 0.949716 0.437371
vt 0.957908 0.412912
vt 0.945813 0.444819
vt 0.953901 0.441812
vt 0.961571 0.414940
vt 0.963952 0.415923
vt 0.921319 0.715600
vt 0.965978 0.416327
vt 0.959709 0.434806
vt 0.953931 0.447746
vt 0.970480 0.330414
vt 0.961219 0.326887
vt 0.943269 0.462014
vt 0.949030 0.464359
vt 0.964431 0.311489
vt 0.961115 0.307164
vt 0.944155 0.455863
vt 0.958130 0.312749
vt 0.939806 0.461021
vt 0.955701 0.310542
vt 0.964782 0.306306
vt 0.946990 0.464945
s 1
usemtl mat0
f 17/1/1 1/2/2 2/3/3
f 3/4/4 9/5/5 4/6/6
f 5/7/7 3/4/4 4/6/6
f 9/5/5 44/8/8 4/6/6
f 11/9/9 9/5/5 8/10/10
f 3/4/4 10/11/11 9/5/5
f 10/11/11 8/10/10 9/5/5
f 13/12/12 8/10/10 10/11/11
f 10/11/11 12/13/13 13/12/12
f 16/14/14 2186/15/15 15/16/16
f 14/17/17 15/16/16 2186/15/15
f 17/1/1 2/3/3 15/16/16
f 2153/18/18 2/3/3 46/19/19
f 2153/18/18 16/14/14 15/16/16
f 15/16/16 2/3/3 2153/18/18
f 18/20/20 26/21/21 11/9/9
f 11/9/9 26/21/21 19/22/22
f 19/22/22 7/23/23 11/9/9
f 25/24/24 20/25/25 24/26/26
f 22/27/27 2224/28/28 21/29/29
f 21/29/29 23/30/30 45/31/31
f 25/24/24 24/26/26 19/22/22
f 7/23/23 19/22/22 24/26/26
f 9/5/5 11/9/9 7/23/23
f 26/21/21 18/20/20 29/32/32
f 30/33/33 28/34/34 27/35/35
f 28/34/34 30/33/33 31/36/36
f 34/37/37 33/38/38 32/39/39
f 32/39/39 35/40/40 34/37/37
f 19/22/22 26/21/21 32/39/39
f 32/39/39 33/38/38 19/22/22
f 29/32/32 36/41/41 26/21/21
f 26/21/21 36/41/41 32/39/39
f 31/36/36 2187/42/42 2211/43/43
f 35/40/40 32/39/39 36/41/41
f 2187/42/42 2188/44/44 2211/43/43
f 6/45/45 4/6/6 44/8/8
f 44/8/8 9/5/5 7/23/23
f 39/46/46 48/47/47 6/45/45
f 39/46/46 6/45/45 44/8/8
f 40/48/48 47/49/49 41/50/50
f 42/51/51 40/48/48 41/50/50
f 44/8/8 43/52/52 39/46/46
f 46/19/19 40/48/48 42/51/51
f 45/31/31 46/19/19 42/51/51
f 46/19/19 45/31/31 2153/18/18
f 2153/18/18 45/31/31 30/33/33
f 45/31/31 23/30/30 30/33/33
f 52/53/53 46/19/19 53/54/54
f 53/54/54 46/19/19 2/3/3
f 52/53/53 40/48/48 46/19/19
f 40/48/48 51/55/55 47/49/49
f 48/47/47 49/56/56 6/45/45
f 4/6/6 6/45/45 49/56/56
f 57/57/57 56/58/58 5/7/7
f 5/7/7 4/6/6 57/57/57
f 49/56/56 48/47/47 50/59/59
f 51/55/55 40/48/48 61/60/60
f 52/53/53 61/60/60 40/48/48
f 2/3/3 1/2/2 54/61/61
f 54/61/61 53/54/54 2/3/3
f 54/61/61 55/62/62 53/54/54
f 49/56/56 2466/63/63 4/6/6
f 2466/63/63 2467/64/64 57/57/57
f 57/57/57 2467/64/64 56/58/58
f 58/65/65 49/56/56 2465/66/66
f 2465/66/66 62/67/67 59/68/68
f 66/69/69 61/60/60 64/70/70
f 61/60/60 66/69/69 60/71/71
f 51/55/55 61/60/60 60/71/71
f 64/70/70 61/60/60 52/53/53
f 49/56/56 62/67/67 2465/66/66
f 50/59/59 62/67/67 49/56/56
f 4/6/6 2466/63/63 57/57/57
f 63/72/72 52/53/53 53/54/54
f 55/62/62 63/72/72 53/54/54
f 64/70/70 52/53/53 63/72/72
f 65/73/73 2468/74/74 63/72/72
f 63/72/72 55/62/62 65/73/73
f 67/75/75 68/76/76 69/77/77
f 69/77/77 70/78/78 67/75/75
f 70/78/78 71/79/79 67/75/75
f 72/80/80 73/81/81 70/78/78
f 71/79/79 70/78/78 73/81/81
f 73/81/81 74/82/82 71/79/79
f 75/83/83 67/75/75 71/79/79
f 76/84/84 77/85/85 78/86/86
f 78/86/86 79/87/87 76/84/84
f 79/87/87 80/88/88 76/84/84
f 81/89/89 79/87/87 82/90/90
f 80/88/88 79/87/87 81/89/89
f 81/89/89 84/91/91 83/92/92
f 83/92/92 80/88/88 81/89/89
f 82/90/90 85/93/93 81/89/89
f 85/93/93 82/90/90 86/94/94
f 85/93/93 87/95/95 81/89/89
f 87/95/95 86/94/94 88/96/96
f 88/96/96 89/97/97 87/95/95
f 87/95/95 85/93/93 86/94/94
f 207/98/98 87/95/95 89/97/97
f 89/97/97 90/99/99 207/98/98
f 84/91/91 81/89/89 87/95/95
f 87/95/95 207/98/98 84/91/91
f 91/100/100 92/101/101 93/102/102
f 93/102/102 94/103/103 91/100/100
f 96/104/104 94/103/103 95/105/105
f 96/104/104 91/100/100 94/103/103
f 95/105/105 94/103/103 97/106/106
f 97/106/106 98/107/107 95/105/105
f 95/105/105 100/108/108 99/109/109
f 100/108/108 95/105/105 98/107/107
f 100/108/108 102/110/110 101/111/111
f 101/111/111 99/109/109 100/108/108
f 96/104/104 104/112/112 103/113/113
f 104/112/112 96/104/104 95/105/105
f 95/105/105 99/109/109 104/112/112
f 99/109/109 101/111/111 104/112/112
f 105/114/114 103/113/113 104/112/112
f 97/106/106 94/103/103 106/115/115
f 107/116/116 94/103/103 93/102/102
f 93/102/102 108/117/117 107/116/116
f 109/118/118 106/115/115 94/103/103
f 94/103/103 107/116/116 109/118/118
f 108/117/117 93/102/102 92/101/101
f 110/119/119 108/117/117 92/101/101
f 111/120/120 108/117/117 110/119/119
f 110/119/119 112/121/121 111/120/120
f 114/122/122 111/120/120 112/121/121
f 112/121/121 113/123/123 114/122/122
f 107/116/116 111/120/120 109/118/118
f 111/120/120 107/116/116 108/117/117
f 115/124/124 109/118/118 111/120/120
f 111/120/120 114/122/122 115/124/124
f 119/125/125 116/126/126 117/127/127
f 117/127/127 116/126/126 120/128/128
f 120/128/128 122/129/129 118/130/130
f 118/130/130 117/127/127 120/128/128
f 100/108/108 118/130/130 122/129/129
f 122/129/129 102/110/110 100/108/108
f 118/130/130 100/108/108 98/107/107
f 119/125/125 117/127/127 118/130/130
f 98/107/107 119/125/125 118/130/130
f 119/125/125 98/107/107 97/106/106
f 125/131/131 123/132/132 124/133/133
f 123/132/132 125/131/131 116/126/126
f 124/133/133 123/132/132 126/134/134
f 127/135/135 128/136/136 126/134/134
f 126/134/134 128/136/136 124/133/133
f 128/136/136 135/137/137 124/133/133
f 129/138/138 124/133/133 135/137/137
f 135/137/137 130/139/139 129/138/138
f 120/128/128 116/126/126 125/131/131
f 121/140/140 125/131/131 124/133/133
f 124/133/133 129/138/138 121/140/140
f 121/140/140 120/128/128 125/131/131
f 131/141/141 132/142/142 140/143/143
f 134/144/144 140/143/143 133/145/145
f 133/145/145 135/137/137 134/144/144
f 140/143/143 134/144/144 131/141/141
f 135/137/137 133/145/145 136/146/146
f 136/146/146 130/139/139 135/137/137
f 127/135/135 131/141/141 134/144/144
f 128/136/136 134/144/144 135/137/137
f 134/144/144 128/136/136 127/135/135
f 138/147/147 133/145/145 137/148/148
f 139/149/149 137/148/148 133/145/145
f 133/145/145 138/147/147 136/146/146
f 140/143/143 139/149/149 133/145/145
f 140/143/143 132/142/142 141/150/150
f 139/149/149 140/143/143 142/151/151
f 143/152/152 142/151/151 140/143/143
f 140/143/143 141/150/150 143/152/152
f 139/149/149 145/153/153 137/148/148
f 143/152/152 144/154/154 142/151/151
f 145/153/153 139/149/149 142/151/151
f 145/153/153 142/151/151 144/154/154
f 137/148/148 145/153/153 166/155/155
f 146/156/156 144/154/154 143/152/152
f 143/152/152 147/157/157 146/156/156
f 147/157/157 143/152/152 148/158/158
f 147/157/157 149/159/159 1248/160/160
f 149/159/159 1245/161/161 1248/160/160
f 150/162/162 147/157/157 1248/160/160
f 150/162/162 146/156/156 147/157/157
f 132/142/142 151/163/163 152/164/164
f 152/164/164 153/165/165 132/142/142
f 154/166/166 132/142/142 153/165/165
f 132/142/142 154/166/166 141/150/150
f 153/165/165 152/164/164 155/167/167
f 155/167/167 156/168/168 153/165/165
f 147/157/157 153/165/165 156/168/168
f 156/168/168 149/159/159 147/157/157
f 149/159/159 156/168/168 157/169/169
f 157/169/169 1245/161/161 149/159/159
f 154/166/166 148/158/158 141/150/150
f 148/158/158 154/166/166 153/165/165
f 153/165/165 147/157/157 148/158/158
f 143/152/152 141/150/150 148/158/158
f 178/170/170 158/171/171 162/172/172
f 158/171/171 159/173/173 162/172/172
f 160/174/174 162/172/172 159/173/173
f 162/172/172 160/174/174 161/175/175
f 162/172/172 161/175/175 163/176/176
f 164/177/177 165/178/178 145/153/153
f 166/155/155 145/153/153 165/178/178
f 158/171/171 167/179/179 159/173/173
f 168/180/180 169/181/181 167/179/179
f 169/181/181 168/180/180 171/182/182
f 172/183/183 173/184/184 171/182/182
f 169/181/181 171/182/182 173/184/184
f 174/185/185 169/181/181 173/184/184
f 174/185/185 160/174/174 159/173/173
f 169/181/181 174/185/185 167/179/179
f 174/185/185 159/173/173 167/179/179
f 167/179/179 170/186/186 220/187/187
f 175/188/188 220/187/187 170/186/186
f 177/189/189 175/188/188 176/190/190
f 178/170/170 176/190/190 175/188/188
f 175/188/188 170/186/186 178/170/170
f 158/171/171 178/170/170 170/186/186
f 170/186/186 167/179/179 158/171/171
f 151/163/163 132/142/142 131/141/141
f 151/163/163 180/191/191 179/192/192
f 151/163/163 179/192/192 152/164/164
f 151/163/163 131/141/141 127/135/135
f 127/135/135 181/193/193 151/163/163
f 180/191/191 151/163/163 181/193/193
f 181/193/193 182/194/194 180/191/191
f 181/193/193 183/195/195 182/194/194
f 184/196/196 180/191/191 182/194/194
f 182/194/194 183/195/195 184/196/196
f 155/167/167 152/164/164 179/192/192
f 185/197/197 179/192/192 180/191/191
f 180/191/191 184/196/196 185/197/197
f 179/192/192 185/197/197 155/167/167
f 186/198/198 187/199/199 113/123/123
f 186/198/198 188/200/200 187/199/199
f 114/122/122 113/123/123 187/199/199
f 188/200/200 186/198/198 189/201/201
f 189/201/201 190/202/202 188/200/200
f 190/202/202 189/201/201 191/203/203
f 191/203/203 192/204/204 190/202/202
f 185/197/197 190/202/202 192/204/204
f 192/204/204 155/167/167 185/197/197
f 184/196/196 190/202/202 185/197/197
f 187/199/199 193/205/205 114/122/122
f 193/205/205 187/199/199 188/200/200
f 188/200/200 190/202/202 193/205/205
f 183/195/195 193/205/205 190/202/202
f 190/202/202 184/196/196 183/195/195
f 115/124/124 114/122/122 193/205/205
f 193/205/205 183/195/195 115/124/124
f 186/198/198 113/123/123 112/121/121
f 110/119/119 194/206/206 112/121/121
f 189/201/201 112/121/121 194/206/206
f 112/121/121 189/201/201 186/198/198
f 194/206/206 110/119/119 92/101/101
f 92/101/101 195/207/207 194/206/206
f 197/208/208 194/206/206 195/207/207
f 195/207/207 198/209/209 197/208/208
f 198/209/209 195/207/207 196/210/210
f 199/211/211 198/209/209 196/210/210
f 196/210/210 200/212/212 199/211/211
f 198/209/209 199/211/211 197/208/208
f 201/213/213 189/201/201 194/206/206
f 194/206/206 197/208/208 201/213/213
f 202/214/214 201/213/213 197/208/208
f 191/203/203 189/201/201 201/213/213
f 201/213/213 202/214/214 191/203/203
f 119/125/125 97/106/106 106/115/115
f 109/118/118 203/215/215 106/115/115
f 204/216/216 106/115/115 203/215/215
f 106/115/115 204/216/216 119/125/125
f 109/118/118 115/124/124 203/215/215
f 205/217/217 115/124/124 183/195/195
f 183/195/195 181/193/193 205/217/217
f 115/124/124 205/217/217 203/215/215
f 206/218/218 203/215/215 205/217/217
f 206/218/218 205/217/217 181/193/193
f 126/134/134 206/218/218 181/193/193
f 181/193/193 127/135/135 126/134/134
f 206/218/218 126/134/134 123/132/132
f 116/126/126 119/125/125 204/216/216
f 203/215/215 206/218/218 204/216/216
f 123/132/132 204/216/216 206/218/218
f 204/216/216 123/132/132 116/126/126
f 209/219/219 207/98/98 208/220/220
f 208/220/220 210/221/221 209/219/219
f 208/220/220 207/98/98 90/99/99
f 90/99/99 211/222/222 208/220/220
f 210/221/221 208/220/220 211/222/222
f 210/221/221 213/223/223 212/224/224
f 214/225/225 212/224/224 213/223/223
f 209/219/219 212/224/224 215/226/226
f 212/224/224 209/219/219 210/221/221
f 212/224/224 214/225/225 216/227/227
f 217/228/228 215/226/226 212/224/224
f 212/224/224 216/227/227 217/228/228
f 219/229/229 220/187/187 218/230/230
f 221/231/231 218/230/230 220/187/187
f 221/231/231 217/228/228 218/230/230
f 220/187/187 175/188/188 222/232/232
f 235/233/233 222/232/232 175/188/188
f 175/188/188 244/234/234 235/233/233
f 222/232/232 235/233/233 223/235/235
f 221/231/231 222/232/232 224/236/236
f 222/232/232 221/231/231 220/187/187
f 223/235/235 224/236/236 222/232/232
f 83/92/92 84/91/91 207/98/98
f 207/98/98 225/237/237 83/92/92
f 225/237/237 207/98/98 209/219/219
f 209/219/219 226/238/238 225/237/237
f 225/237/237 226/238/238 83/92/92
f 226/238/238 209/219/219 215/226/226
f 227/239/239 215/226/226 217/228/228
f 217/228/228 221/231/231 227/239/239
f 227/239/239 226/238/238 215/226/226
f 224/236/236 227/239/239 221/231/231
f 228/240/240 227/239/239 224/236/236
f 80/88/88 83/92/92 226/238/238
f 226/238/238 228/240/240 80/88/88
f 228/240/240 226/238/238 227/239/239
f 229/241/241 231/242/242 76/84/84
f 76/84/84 80/88/88 229/241/241
f 231/242/242 229/241/241 230/243/243
f 231/242/242 232/244/244 76/84/84
f 233/245/245 76/84/84 232/244/244
f 76/84/84 233/245/245 77/85/85
f 229/241/241 80/88/88 228/240/240
f 230/243/243 229/241/241 228/240/240
f 224/236/236 235/233/233 228/240/240
f 235/233/233 224/236/236 223/235/235
f 234/246/246 228/240/240 235/233/233
f 228/240/240 236/247/247 230/243/243
f 236/247/247 228/240/240 234/246/246
f 234/246/246 235/233/233 237/248/248
f 237/248/248 235/233/233 244/234/234
f 234/246/246 237/248/248 238/249/249
f 236/247/247 239/250/250 240/251/251
f 239/250/250 236/247/247 238/249/249
f 234/246/246 238/249/249 236/247/247
f 240/251/251 230/243/243 236/247/247
f 237/248/248 241/252/252 238/249/249
f 241/252/252 237/248/248 242/253/253
f 239/250/250 238/249/249 241/252/252
f 243/254/254 239/250/250 241/252/252
f 242/253/253 244/234/234 177/189/189
f 244/234/234 175/188/188 177/189/189
f 242/253/253 237/248/248 244/234/234
f 168/180/180 167/179/179 220/187/187
f 168/180/180 220/187/187 219/229/229
f 171/182/182 168/180/180 219/229/229
f 219/229/229 245/255/255 171/182/182
f 218/230/230 216/227/227 219/229/229
f 216/227/227 218/230/230 217/228/228
f 216/227/227 214/225/225 245/255/255
f 245/255/255 219/229/229 216/227/227
f 245/255/255 214/225/225 172/183/183
f 172/183/183 171/182/182 245/255/255
f 247/256/256 246/257/257 248/258/258
f 248/258/258 249/259/259 247/256/256
f 250/260/260 247/256/256 249/259/259
f 249/259/259 248/258/258 200/212/212
f 200/212/212 196/210/210 249/259/259
f 251/261/261 249/259/259 196/210/210
f 252/262/262 251/261/261 196/210/210
f 196/210/210 195/207/207 252/262/262
f 195/207/207 92/101/101 252/262/262
f 249/259/259 251/261/261 250/260/260
f 253/263/263 250/260/260 251/261/261
f 256/264/264 254/265/265 255/266/266
f 255/266/266 257/267/267 256/264/264
f 254/265/265 256/264/264 430/268/268
f 258/269/269 259/270/270 255/266/266
f 260/271/271 255/266/266 259/270/270
f 255/266/266 260/271/271 257/267/267
f 261/272/272 257/267/267 260/271/271
f 260/271/271 262/273/273 261/272/272
f 262/273/273 264/274/274 263/275/275
f 262/273/273 263/275/275 261/272/272
f 265/276/276 430/268/268 256/264/264
f 256/264/264 266/277/277 265/276/276
f 266/277/277 256/264/264 257/267/267
f 257/267/267 261/272/272 266/277/277
f 267/278/278 265/276/276 266/277/277
f 268/279/279 75/83/83 269/280/280
f 270/281/281 268/279/279 269/280/280
f 269/280/280 271/282/282 270/281/281
f 274/283/283 272/284/284 273/285/285
f 273/285/285 258/269/269 274/283/283
f 271/282/282 269/280/280 272/284/284
f 272/284/284 274/283/283 271/282/282
f 275/286/286 271/282/282 274/283/283
f 276/287/287 270/281/281 271/282/282
f 277/288/288 276/287/287 271/282/282
f 271/282/282 275/286/286 277/288/288
f 71/79/79 269/280/280 75/83/83
f 269/280/280 71/79/79 74/82/82
f 74/82/82 278/289/289 269/280/280
f 279/290/290 269/280/280 278/289/289
f 278/289/289 280/291/291 279/290/290
f 281/292/292 279/290/290 280/291/291
f 280/291/291 282/293/293 281/292/292
f 269/280/280 279/290/290 272/284/284
f 279/290/290 281/292/292 272/284/284
f 278/289/289 74/82/82 73/81/81
f 73/81/81 283/294/294 284/295/295
f 283/294/294 285/296/296 284/295/295
f 280/291/291 278/289/289 73/81/81
f 73/81/81 284/295/295 280/291/291
f 282/293/293 280/291/291 284/295/295
f 282/293/293 287/297/297 286/298/298
f 287/297/297 282/293/293 284/295/295
f 284/295/295 288/299/299 287/297/297
f 289/300/300 286/298/298 287/297/297
f 288/299/299 284/295/295 285/296/296
f 285/296/296 290/301/301 288/299/299
f 291/302/302 288/299/299 290/301/301
f 290/301/301 292/303/303 291/302/302
f 293/304/304 289/300/300 287/297/297
f 293/304/304 287/297/297 288/299/299
f 288/299/299 291/302/302 293/304/304
f 295/305/305 272/284/284 281/292/292
f 295/305/305 297/306/306 296/307/307
f 281/292/292 286/298/298 295/305/305
f 286/298/298 281/292/292 282/293/293
f 297/306/306 295/305/305 286/298/298
f 286/298/298 289/300/300 297/306/306
f 289/300/300 298/308/308 297/306/306
f 289/300/300 293/304/304 298/308/308
f 293/304/304 294/309/309 298/308/308
f 299/310/310 297/306/306 298/308/308
f 296/307/307 297/306/306 300/311/311
f 301/312/312 300/311/311 297/306/306
f 297/306/306 299/310/310 301/312/312
f 303/313/313 302/314/314 292/303/303
f 292/303/303 304/315/315 303/313/313
f 306/316/316 303/313/313 304/315/315
f 304/315/315 305/317/317 306/316/316
f 307/318/318 305/317/317 304/315/315
f 292/303/303 290/301/301 304/315/315
f 308/319/319 304/315/315 290/301/301
f 308/319/319 290/301/301 285/296/296
f 309/320/320 307/318/318 304/315/315
f 304/315/315 308/319/319 309/320/320
f 291/302/302 292/303/303 302/314/314
f 302/314/314 310/321/321 291/302/302
f 293/304/304 291/302/302 310/321/321
f 310/321/321 294/309/309 293/304/304
f 310/321/321 311/322/322 294/309/309
f 311/322/322 312/323/323 294/309/309
f 315/324/324 313/325/325 314/326/326
f 309/320/320 308/319/319 314/326/326
f 314/326/326 308/319/319 316/327/327
f 314/326/326 316/327/327 315/324/324
f 317/328/328 315/324/324 316/327/327
f 321/329/329 318/330/330 319/331/331
f 319/331/331 320/332/332 321/329/329
f 320/332/332 319/331/331 322/333/333
f 323/334/334 324/335/335 322/333/333
f 325/336/336 326/337/337 327/338/338
f 328/339/339 327/338/338 329/340/340
f 330/341/341 331/342/342 329/340/340
f 331/342/342 332/343/343 329/340/340
f 327/338/338 328/339/339 325/336/336
f 333/344/344 334/345/345 335/346/346
f 335/346/346 336/347/347 338/348/348
f 335/346/346 338/348/348 333/344/344
f 336/347/347 335/346/346 337/349/349
f 340/350/350 333/344/344 338/348/348
f 308/319/319 285/296/296 283/294/294
f 283/294/294 316/327/327 308/319/319
f 316/327/327 283/294/294 73/81/81
f 73/81/81 341/351/351 316/327/327
f 341/351/351 73/81/81 72/80/80
f 342/352/352 316/327/327 341/351/351
f 341/351/351 343/353/353 342/352/352
f 344/354/354 316/327/327 342/352/352
f 316/327/327 344/354/354 317/328/328
f 346/355/355 347/356/356 345/357/357
f 349/358/358 347/356/356 348/359/359
f 335/346/346 347/356/356 349/358/358
f 350/360/360 345/357/357 347/356/356
f 347/356/356 335/346/346 350/360/360
f 334/345/345 350/360/360 335/346/346
f 347/356/356 346/355/355 348/359/359
f 346/355/355 233/245/245 232/244/244
f 351/361/361 77/85/85 233/245/245
f 232/244/244 348/359/359 346/355/355
f 103/113/113 105/114/114 352/362/362
f 352/362/362 353/363/363 103/113/113
f 353/363/363 355/364/364 354/365/365
f 354/365/365 103/113/113 353/363/363
f 353/363/363 352/362/362 68/76/76
f 68/76/76 67/75/75 353/363/363
f 268/279/279 353/363/363 67/75/75
f 353/363/363 268/279/279 355/364/364
f 67/75/75 75/83/83 268/279/279
f 270/281/281 355/364/364 268/279/279
f 354/365/365 355/364/364 356/366/366
f 276/287/287 356/366/366 355/364/364
f 355/364/364 270/281/281 276/287/287
f 357/367/367 103/113/113 354/365/365
f 96/104/104 103/113/113 357/367/367
f 357/367/367 358/368/368 96/104/104
f 357/367/367 354/365/365 356/366/366
f 356/366/366 359/369/369 357/367/367
f 359/369/369 356/366/366 276/287/287
f 358/368/368 357/367/367 359/369/369
f 358/368/368 253/263/263 91/100/100
f 91/100/100 253/263/263 251/261/261
f 91/100/100 96/104/104 358/368/368
f 91/100/100 251/261/261 252/262/262
f 91/100/100 252/262/262 92/101/101
f 247/256/256 360/370/370 246/257/257
f 274/283/283 246/257/257 360/370/370
f 246/257/257 274/283/283 254/265/265
f 360/370/370 247/256/256 250/260/260
f 360/370/370 250/260/260 253/263/263
f 253/263/263 358/368/368 360/370/370
f 360/370/370 275/286/286 361/371/371
f 275/286/286 360/370/370 358/368/368
f 358/368/368 359/369/369 275/286/286
f 277/288/288 275/286/286 359/369/369
f 359/369/369 276/287/287 277/288/288
f 255/266/266 254/265/265 274/283/283
f 360/370/370 361/371/371 274/283/283
f 361/371/371 275/286/286 274/283/283
f 258/269/269 255/266/266 274/283/283
f 300/311/311 301/312/312 362/372/372
f 362/372/372 363/373/373 300/311/311
f 364/374/374 300/311/311 363/373/373
f 300/311/311 364/374/374 296/307/307
f 365/375/375 264/274/274 262/273/273
f 262/273/273 260/271/271 365/375/375
f 364/374/374 363/373/373 264/274/274
f 264/274/274 365/375/375 364/374/374
f 273/285/285 364/374/374 365/375/375
f 365/375/375 259/270/270 273/285/285
f 259/270/270 365/375/375 260/271/271
f 258/269/269 273/285/285 259/270/270
f 295/305/305 296/307/307 364/374/374
f 364/374/374 273/285/285 295/305/305
f 272/284/284 295/305/305 273/285/285
f 263/275/275 264/274/274 366/376/376
f 367/377/377 263/275/275 366/376/376
f 263/275/275 367/377/377 261/272/272
f 368/378/378 369/379/379 366/376/376
f 369/379/379 368/378/378 370/380/380
f 371/381/381 369/379/379 370/380/380
f 370/380/380 372/382/382 371/381/381
f 367/377/377 366/376/376 369/379/379
f 369/379/379 371/381/381 367/377/377
f 373/383/383 367/377/377 371/381/381
f 371/381/381 374/384/384 373/383/383
f 374/384/384 371/381/381 372/382/382
f 372/382/382 375/385/385 374/384/384
f 266/277/277 261/272/272 367/377/377
f 367/377/377 373/383/383 266/277/277
f 373/383/383 374/384/384 376/386/386
f 267/278/278 266/277/277 373/383/383
f 373/383/383 376/386/386 267/278/278
f 377/387/387 375/385/385 372/382/382
f 372/382/382 378/388/388 377/387/387
f 372/382/382 379/389/389 378/388/388
f 380/390/390 378/388/388 379/389/389
f 379/389/389 381/391/391 380/390/390
f 378/388/388 380/390/390 377/387/387
f 379/389/389 372/382/382 370/380/380
f 370/380/380 382/392/392 379/389/389
f 383/393/393 379/389/389 382/392/392
f 379/389/389 383/393/393 381/391/391
f 382/392/392 384/394/394 383/393/393
f 385/395/395 383/393/393 384/394/394
f 384/394/394 386/396/396 385/395/395
f 387/397/397 381/391/391 383/393/393
f 383/393/393 385/395/395 387/397/397
f 388/398/398 377/387/387 380/390/390
f 387/397/397 380/390/390 381/391/391
f 380/390/390 387/397/397 388/398/398
f 390/399/399 391/400/400 389/401/401
f 391/400/400 393/402/402 392/403/403
f 392/403/403 389/401/401 391/400/400
f 394/404/404 391/400/400 395/405/405
f 394/404/404 397/406/406 396/407/407
f 393/402/402 391/400/400 394/404/404
f 394/404/404 396/407/407 393/402/402
f 398/408/408 393/402/402 396/407/407
f 397/406/406 267/278/278 396/407/407
f 376/386/386 396/407/407 267/278/278
f 374/384/384 398/408/408 396/407/407
f 396/407/407 376/386/386 374/384/384
f 392/403/403 393/402/402 375/385/385
f 374/384/384 393/402/402 398/408/408
f 393/402/402 374/384/384 375/385/385
f 399/409/409 400/410/410 401/411/411
f 401/411/411 402/412/412 399/409/409
f 401/411/411 403/413/413 402/412/412
f 404/414/414 402/412/412 403/413/413
f 403/413/413 405/415/415 404/414/414
f 389/401/401 392/403/403 405/415/415
f 405/415/415 403/413/413 389/401/401
f 405/415/415 377/387/387 406/416/416
f 377/387/387 405/415/415 392/403/403
f 392/403/403 375/385/385 377/387/387
f 406/416/416 404/414/414 405/415/415
f 406/416/416 377/387/387 388/398/398
f 388/398/398 404/414/414 406/416/416
f 407/417/417 395/405/405 391/400/400
f 391/400/400 408/418/418 407/417/417
f 391/400/400 390/399/399 408/418/418
f 409/419/419 408/418/418 390/399/399
f 410/420/420 390/399/399 389/401/401
f 409/419/419 390/399/399 410/420/420
f 410/420/420 411/421/421 409/419/419
f 412/422/422 409/419/419 411/421/421
f 411/421/421 413/423/423 412/422/422
f 411/421/421 414/424/424 413/423/423
f 415/425/425 412/422/422 413/423/423
f 413/423/423 414/424/424 415/425/425
f 416/426/426 408/418/418 409/419/419
f 409/419/419 412/422/422 416/426/426
f 417/427/427 416/426/426 412/422/422
f 412/422/422 415/425/425 417/427/427
f 401/411/411 400/410/410 418/428/428
f 418/428/428 419/429/429 401/411/411
f 419/429/429 418/428/428 420/430/430
f 419/429/429 421/431/431 401/411/411
f 419/429/429 420/430/430 422/432/432
f 424/433/433 422/432/432 423/434/434
f 423/434/434 425/435/435 424/433/433
f 421/431/431 419/429/429 422/432/432
f 422/432/432 424/433/433 421/431/431
f 426/436/436 421/431/431 424/433/433
f 414/424/424 424/433/433 425/435/435
f 411/421/421 426/436/436 424/433/433
f 424/433/433 414/424/424 411/421/421
f 403/413/413 401/411/411 421/431/431
f 410/420/420 421/431/431 426/436/436
f 426/436/436 411/421/421 410/420/420
f 389/401/401 403/413/413 421/431/431
f 421/431/431 410/420/420 389/401/401
f 248/258/258 427/437/437 200/212/212
f 248/258/258 428/438/438 427/437/437
f 429/439/439 427/437/437 428/438/438
f 428/438/438 430/268/268 429/439/439
f 431/440/440 200/212/212 427/437/437
f 427/437/437 429/439/439 431/440/440
f 428/438/438 248/258/258 246/257/257
f 246/257/257 254/265/265 428/438/438
f 430/268/268 428/438/438 254/265/265
f 430/268/268 265/276/276 397/406/406
f 265/276/276 267/278/278 397/406/406
f 432/441/441 431/440/440 429/439/439
f 429/439/439 433/442/442 432/441/441
f 433/442/442 429/439/439 430/268/268
f 430/268/268 397/406/406 433/442/442
f 394/404/404 433/442/442 397/406/406
f 395/405/405 432/441/441 433/442/442
f 433/442/442 394/404/404 395/405/405
f 435/443/443 436/444/444 434/445/445
f 436/444/444 435/443/443 437/446/446
f 437/446/446 438/447/447 436/444/444
f 439/448/448 436/444/444 438/447/447
f 438/447/447 440/449/449 439/448/448
f 441/450/450 434/445/445 436/444/444
f 436/444/444 439/448/448 441/450/450
f 438/447/447 437/446/446 442/451/451
f 440/449/449 442/451/451 443/452/452
f 443/452/452 444/453/453 440/449/449
f 440/449/449 438/447/447 442/451/451
f 445/454/454 440/449/449 444/453/453
f 444/453/453 446/455/455 445/454/454
f 447/456/456 445/454/454 446/455/455
f 445/454/454 447/456/456 448/457/457
f 449/458/458 441/450/450 439/448/448
f 439/448/448 450/459/459 449/458/458
f 450/459/459 439/448/448 440/449/449
f 440/449/449 445/454/454 450/459/459
f 386/396/396 450/459/459 445/454/454
f 445/454/454 448/457/457 386/396/396
f 386/396/396 449/458/458 450/459/459
f 452/460/460 453/461/461 451/462/462
f 454/463/463 451/462/462 453/461/461
f 453/461/461 455/464/464 454/463/463
f 453/461/461 452/460/460 456/465/465
f 453/461/461 456/465/465 457/466/466
f 455/464/464 453/461/461 457/466/466
f 457/466/466 458/467/467 455/464/464
f 459/468/468 455/464/464 458/467/467
f 458/467/467 460/469/469 459/468/468
f 461/470/470 459/468/468 460/469/469
f 459/468/468 461/470/470 462/471/471
f 463/472/472 454/463/463 455/464/464
f 455/464/464 459/468/468 463/472/472
f 462/471/471 463/472/472 459/468/468
f 463/472/472 462/471/471 434/445/445
f 464/473/473 452/460/460 451/462/462
f 451/462/462 465/474/474 464/473/473
f 465/474/474 451/462/462 454/463/463
f 454/463/463 466/475/475 465/474/474
f 463/472/472 467/476/476 454/463/463
f 467/476/476 463/472/472 434/445/445
f 434/445/445 441/450/450 467/476/476
f 466/475/475 454/463/463 467/476/476
f 467/476/476 468/477/477 466/475/475
f 468/477/477 467/476/476 441/450/450
f 441/450/450 449/458/458 468/477/477
f 384/394/394 468/477/477 449/458/458
f 449/458/458 386/396/396 384/394/394
f 382/392/392 466/475/475 468/477/477
f 468/477/477 384/394/394 382/392/392
f 469/478/478 464/473/473 465/474/474
f 469/478/478 465/474/474 466/475/475
f 382/392/392 469/478/478 466/475/475
f 469/478/478 382/392/392 370/380/380
f 471/479/479 472/480/480 470/481/481
f 473/482/482 470/481/481 472/480/480
f 472/480/480 474/483/483 473/482/482
f 472/480/480 471/479/479 443/452/452
f 443/452/452 442/451/451 472/480/480
f 474/483/483 472/480/480 442/451/451
f 442/451/451 437/446/446 474/483/483
f 462/471/471 437/446/446 435/443/443
f 435/443/443 434/445/445 462/471/471
f 473/482/482 461/470/470 475/484/484
f 461/470/470 473/482/482 474/483/483
f 474/483/483 437/446/446 461/470/470
f 437/446/446 462/471/471 461/470/470
f 448/457/457 447/456/456 476/485/485
f 476/485/485 477/486/486 448/457/457
f 478/487/487 479/488/488 476/485/485
f 479/488/488 480/489/489 477/486/486
f 477/486/486 476/485/485 479/488/488
f 387/397/397 477/486/486 480/489/489
f 480/489/489 388/398/398 387/397/397
f 448/457/457 385/395/395 386/396/396
f 385/395/395 448/457/457 477/486/486
f 477/486/486 387/397/397 385/395/395
f 2460/490/490 481/491/491 482/492/492
f 482/492/492 483/493/493 2460/490/490
f 483/493/493 482/492/492 484/494/494
f 483/493/493 486/495/495 485/496/496
f 485/496/496 2460/490/490 483/493/493
f 483/493/493 484/494/494 487/497/497
f 487/497/497 478/487/487 483/493/493
f 478/487/487 476/485/485 486/495/495
f 486/495/495 483/493/493 478/487/487
f 486/495/495 447/456/456 488/498/498
f 447/456/456 486/495/495 476/485/485
f 489/499/499 488/498/498 447/456/456
f 490/500/500 485/496/496 486/495/495
f 486/495/495 488/498/498 490/500/500
f 491/501/501 490/500/500 488/498/498
f 488/498/498 489/499/499 491/501/501
f 490/500/500 491/501/501 492/502/502
f 493/503/503 494/504/504 495/505/505
f 493/503/503 495/505/505 496/506/506
f 497/507/507 493/503/503 496/506/506
f 496/506/506 498/508/508 497/507/507
f 493/503/503 497/507/507 499/509/509
f 500/510/510 501/511/511 496/506/506
f 501/511/511 500/510/510 492/502/502
f 492/502/502 491/501/501 501/511/511
f 502/512/512 501/511/511 491/501/501
f 491/501/501 489/499/499 502/512/512
f 498/508/508 496/506/506 501/511/511
f 501/511/511 502/512/512 498/508/508
f 444/453/453 498/508/508 502/512/512
f 446/455/455 502/512/512 489/499/499
f 489/499/499 447/456/456 446/455/455
f 502/512/512 446/455/455 444/453/453
f 503/513/513 499/509/509 497/507/507
f 503/513/513 497/507/507 498/508/508
f 498/508/508 444/453/453 503/513/513
f 443/452/452 503/513/513 444/453/453
f 362/372/372 301/312/312 504/514/514
f 506/515/515 504/514/514 505/516/516
f 505/516/516 507/517/517 506/515/515
f 504/514/514 506/515/515 362/372/372
f 452/460/460 464/473/473 508/518/518
f 507/517/517 505/516/516 508/518/518
f 508/518/518 368/378/378 507/517/517
f 368/378/378 508/518/518 464/473/473
f 464/473/473 469/478/478 368/378/378
f 469/478/478 370/380/380 368/378/378
f 366/376/376 507/517/517 368/378/378
f 363/373/373 362/372/372 506/515/515
f 506/515/515 509/519/519 363/373/373
f 509/519/519 506/515/515 507/517/517
f 366/376/376 509/519/519 507/517/517
f 264/274/274 363/373/373 509/519/519
f 509/519/519 366/376/376 264/274/274
f 511/520/520 512/521/521 510/522/522
f 513/523/523 510/522/522 512/521/521
f 512/521/521 519/524/524 513/523/523
f 512/521/521 515/525/525 514/526/526
f 512/521/521 514/526/526 519/524/524
f 515/525/525 516/527/527 514/526/526
f 517/528/528 514/526/526 516/527/527
f 514/526/526 517/528/528 518/529/529
f 518/529/529 519/524/524 514/526/526
f 521/530/530 520/531/531 522/532/532
f 522/532/532 523/533/533 521/530/530
f 524/534/534 520/531/531 521/530/530
f 517/528/528 525/535/535 522/532/532
f 517/528/528 516/527/527 525/535/535
f 526/536/536 525/535/535 516/527/527
f 516/527/527 527/537/537 526/536/536
f 523/533/533 522/532/532 525/535/535
f 525/535/535 526/536/536 523/533/533
f 528/538/538 526/536/536 527/537/537
f 527/537/537 529/539/539 528/538/538
f 530/540/540 523/533/533 526/536/536
f 526/536/536 528/538/538 530/540/540
f 531/541/541 524/534/534 521/530/530
f 521/530/530 532/542/542 531/541/541
f 532/542/542 521/530/530 523/533/533
f 530/540/540 532/542/542 523/533/533
f 533/543/543 531/541/541 532/542/542
f 532/542/542 530/540/540 533/543/543
f 534/544/544 535/545/545 536/546/546
f 536/546/546 537/547/547 534/544/544
f 538/548/548 534/544/544 537/547/547
f 537/547/547 536/546/546 520/531/531
f 537/547/547 520/531/531 539/549/549
f 537/547/547 541/550/550 540/551/551
f 541/550/550 542/552/552 540/551/551
f 540/551/551 538/548/548 537/547/547
f 522/532/532 520/531/531 536/546/546
f 543/553/553 536/546/546 535/545/545
f 543/553/553 544/554/554 518/529/529
f 543/553/553 518/529/529 536/546/546
f 517/528/528 522/532/532 536/546/546
f 536/546/546 518/529/529 517/528/528
f 545/555/555 461/470/470 460/469/469
f 546/556/556 460/469/469 458/467/467
f 458/467/467 547/557/557 546/556/556
f 460/469/469 546/556/556 545/555/555
f 547/557/557 458/467/467 457/466/466
f 457/466/466 548/558/558 547/557/557
f 545/555/555 546/556/556 550/559/559
f 547/557/557 549/560/560 546/556/556
f 551/561/561 552/562/562 294/309/309
f 294/309/309 312/323/323 551/561/561
f 551/561/561 554/563/563 553/564/564
f 554/563/563 551/561/561 312/323/323
f 548/558/558 457/466/466 551/561/561
f 551/561/561 553/564/564 548/558/558
f 555/565/565 556/566/566 470/481/481
f 470/481/481 558/567/567 555/565/565
f 470/481/481 473/482/482 558/567/567
f 557/568/568 555/565/565 558/567/567
f 475/484/484 557/568/568 558/567/567
f 475/484/484 558/567/567 473/482/482
f 475/484/484 461/470/470 545/555/555
f 550/559/559 557/568/568 475/484/484
f 475/484/484 545/555/555 550/559/559
f 559/569/569 560/570/570 573/571/571
f 559/569/569 562/572/572 561/573/573
f 559/569/569 573/571/571 563/574/574
f 562/572/572 559/569/569 563/574/574
f 542/552/552 561/573/573 562/572/572
f 562/572/572 564/575/575 542/552/552
f 564/575/575 540/551/551 542/552/552
f 567/576/576 565/577/577 566/578/578
f 560/570/570 568/579/579 566/578/578
f 569/580/580 566/578/578 568/579/579
f 568/579/579 570/581/581 569/580/580
f 571/582/582 569/580/580 570/581/581
f 566/578/578 569/580/580 567/576/576
f 567/576/576 569/580/580 572/583/583
f 560/570/570 566/578/578 573/571/571
f 565/577/577 573/571/571 566/578/578
f 577/584/584 574/585/585 575/586/586
f 583/587/587 576/588/588 575/586/586
f 576/588/588 583/587/587 578/589/589
f 578/589/589 579/590/590 576/588/588
f 580/591/591 577/584/584 575/586/586
f 580/591/591 575/586/586 576/588/588
f 575/586/586 574/585/585 581/592/592
f 581/592/592 582/593/593 575/586/586
f 582/593/593 583/587/587 575/586/586
f 583/587/587 582/593/593 587/594/594
f 587/594/594 584/595/595 583/587/587
f 583/587/587 584/595/595 578/589/589
f 586/596/596 585/597/597 587/594/594
f 587/594/594 588/598/598 586/596/596
f 589/599/599 586/596/596 588/598/598
f 588/598/598 587/594/594 582/593/593
f 582/593/593 590/600/600 588/598/598
f 591/601/601 588/598/598 590/600/600
f 590/600/600 592/602/602 591/601/601
f 593/603/603 591/601/601 592/602/602
f 594/604/604 589/599/599 588/598/598
f 588/598/598 591/601/601 594/604/604
f 591/601/601 593/603/603 594/604/604
f 595/605/605 589/599/599 594/604/604
f 495/505/505 494/504/504 596/606/606
f 597/607/607 598/608/608 596/606/606
f 496/506/506 495/505/505 596/606/606
f 596/606/606 598/608/608 496/506/506
f 598/608/608 597/607/607 599/609/609
f 585/597/597 600/610/610 599/609/609
f 599/609/609 600/610/610 598/608/608
f 601/611/611 598/608/608 600/610/610
f 601/611/611 603/612/612 602/613/613
f 500/510/510 496/506/506 598/608/608
f 598/608/608 601/611/611 500/510/510
f 492/502/502 500/510/510 601/611/611
f 601/611/611 602/613/613 492/502/502
f 601/611/611 604/614/614 603/612/612
f 604/614/614 606/615/615 605/616/616
f 605/616/616 603/612/612 604/614/614
f 604/614/614 601/611/611 600/610/610
f 600/610/610 585/597/597 604/614/614
f 585/597/597 586/596/596 606/615/615
f 606/615/615 604/614/614 585/597/597
f 606/615/615 608/617/617 607/618/618
f 608/617/617 606/615/615 586/596/596
f 586/596/596 589/599/599 608/617/617
f 595/605/605 608/617/617 589/599/599
f 605/616/616 607/618/618 609/619/619
f 607/618/618 605/616/616 606/615/615
f 607/618/618 608/617/617 610/620/620
f 610/620/620 609/619/619 607/618/618
f 494/504/504 597/607/607 596/606/606
f 597/607/607 494/504/504 611/621/621
f 612/622/622 597/607/607 611/621/621
f 611/621/621 613/623/623 612/622/622
f 614/624/624 613/623/623 611/621/621
f 613/623/623 614/624/624 578/589/589
f 578/589/589 584/595/595 613/623/623
f 599/609/609 597/607/607 612/622/622
f 613/623/623 584/595/595 612/622/622
f 585/597/597 612/622/622 584/595/595
f 584/595/595 587/594/594 585/597/597
f 585/597/597 599/609/609 612/622/622
f 615/625/625 616/626/626 592/602/602
f 619/627/627 616/626/626 617/628/628
f 617/628/628 618/629/629 619/627/627
f 620/630/630 621/631/631 581/592/592
f 592/602/602 621/631/631 615/625/625
f 621/631/631 592/602/602 590/600/600
f 581/592/592 590/600/600 582/593/593
f 590/600/600 581/592/592 621/631/631
f 594/604/604 622/632/632 595/605/605
f 622/632/632 594/604/604 593/603/603
f 623/633/633 595/605/605 622/632/632
f 624/634/634 593/603/603 592/602/602
f 592/602/602 616/626/626 624/634/634
f 593/603/603 624/634/634 622/632/632
f 616/626/626 619/627/627 624/634/634
f 625/635/635 624/634/634 619/627/627
f 626/636/636 623/633/633 622/632/632
f 622/632/632 624/634/634 626/636/636
f 624/634/634 625/635/635 626/636/636
f 629/637/637 630/638/638 628/639/639
f 572/583/583 569/580/580 631/640/640
f 631/640/640 571/582/582 630/638/638
f 571/582/582 631/640/640 569/580/580
f 632/641/641 630/638/638 571/582/582
f 633/642/642 628/639/639 630/638/638
f 630/638/638 632/641/641 633/642/642
f 634/643/643 635/644/644 636/645/645
f 637/646/646 638/647/647 636/645/645
f 639/648/648 636/645/645 638/647/647
f 636/645/645 639/648/648 634/643/643
f 638/647/647 637/646/646 640/649/649
f 638/647/647 640/649/649 641/650/650
f 641/650/650 642/651/651 638/647/647
f 632/641/641 638/647/647 642/651/651
f 642/651/651 633/642/642 632/641/641
f 570/581/581 634/643/643 639/648/648
f 638/647/647 632/641/641 639/648/648
f 571/582/582 639/648/648 632/641/641
f 571/582/582 570/581/581 639/648/648
f 643/652/652 644/653/653 645/654/654
f 646/655/655 645/654/654 640/649/649
f 640/649/649 637/646/646 646/655/655
f 646/655/655 643/652/652 645/654/654
f 640/649/649 645/654/654 641/650/650
f 637/646/646 636/645/645 647/656/656
f 635/644/644 647/656/656 636/645/645
f 646/655/655 647/656/656 648/657/657
f 647/656/656 646/655/655 637/646/646
f 647/656/656 635/644/644 649/658/658
f 647/656/656 649/658/658 648/657/657
f 650/659/659 651/660/660 649/658/658
f 650/659/659 649/658/658 635/644/644
f 651/660/660 652/661/661 653/662/662
f 651/660/660 650/659/659 652/661/661
f 653/662/662 654/663/663 651/660/660
f 651/660/660 654/663/663 655/664/664
f 655/664/664 649/658/658 651/660/660
f 649/658/658 655/664/664 648/657/657
f 634/643/643 570/581/581 568/579/579
f 568/579/579 656/665/665 634/643/643
f 657/666/666 568/579/579 560/570/570
f 656/665/665 568/579/579 657/666/666
f 657/666/666 658/667/667 656/665/665
f 658/667/667 652/661/661 650/659/659
f 656/665/665 658/667/667 634/643/643
f 635/644/644 634/643/643 658/667/667
f 658/667/667 650/659/659 635/644/644
f 659/668/668 660/669/669 661/670/670
f 662/671/671 660/669/669 628/639/639
f 661/670/670 660/669/669 662/671/671
f 628/639/639 633/642/642 662/671/671
f 659/668/668 661/670/670 663/672/672
f 633/642/642 664/673/673 662/671/671
f 664/673/673 633/642/642 642/651/651
f 642/651/651 641/650/650 664/673/673
f 665/674/674 664/673/673 641/650/650
f 665/674/674 667/675/675 666/676/676
f 669/677/677 666/676/676 667/675/675
f 667/675/675 668/678/678 669/677/677
f 661/670/670 662/671/671 664/673/673
f 664/673/673 666/676/676 661/670/670
f 666/676/676 664/673/673 665/674/674
f 663/672/672 661/670/670 666/676/676
f 666/676/676 669/677/677 663/672/672
f 579/590/590 670/679/679 671/680/680
f 671/680/680 672/681/681 579/590/590
f 670/679/679 579/590/590 578/589/589
f 674/682/682 673/683/683 470/481/481
f 470/481/481 556/566/566 674/682/682
f 672/681/681 671/680/680 673/683/683
f 673/683/683 674/682/682 672/681/681
f 778/684/684 675/685/685 676/686/686
f 678/687/687 676/686/686 677/688/688
f 678/687/687 778/684/684 676/686/686
f 676/686/686 679/689/689 677/688/688
f 679/689/689 676/686/686 652/661/661
f 652/661/661 658/667/667 679/689/689
f 680/690/690 679/689/689 658/667/667
f 679/689/689 680/690/690 677/688/688
f 681/691/691 677/688/688 680/690/690
f 658/667/667 657/666/666 680/690/690
f 559/569/569 680/690/690 657/666/666
f 657/666/666 560/570/570 559/569/569
f 561/573/573 681/691/691 680/690/690
f 680/690/690 559/569/569 561/573/573
f 682/692/692 678/687/687 677/688/688
f 677/688/688 681/691/691 682/692/692
f 542/552/552 682/692/692 681/691/691
f 681/691/691 561/573/573 542/552/552
f 653/662/662 652/661/661 676/686/686
f 676/686/686 683/693/693 653/662/662
f 676/686/686 684/694/694 683/693/693
f 683/693/693 684/694/694 653/662/662
f 676/686/686 685/695/695 684/694/694
f 685/695/695 676/686/686 675/685/685
f 675/685/685 686/696/696 685/695/695
f 686/696/696 687/697/697 685/695/695
f 688/698/698 684/694/694 685/695/695
f 685/695/695 689/699/699 688/698/698
f 689/699/699 685/695/695 687/697/697
f 690/700/700 688/698/698 689/699/699
f 654/663/663 653/662/662 684/694/694
f 684/694/694 691/701/701 654/663/663
f 684/694/694 688/698/698 691/701/701
f 688/698/698 690/700/700 691/701/701
f 692/702/702 533/543/543 693/703/703
f 692/702/702 693/703/703 694/704/704
f 695/705/705 692/702/702 694/704/704
f 694/704/704 696/706/706 695/705/705
f 698/707/707 699/708/708 697/709/709
f 696/706/706 694/704/704 697/709/709
f 700/710/710 696/706/706 697/709/709
f 697/709/709 701/711/711 700/710/710
f 701/711/711 697/709/709 699/708/708
f 699/708/708 702/712/712 701/711/711
f 687/697/697 701/711/711 702/712/712
f 687/697/697 700/710/710 701/711/711
f 675/685/685 692/702/702 695/705/705
f 695/705/705 686/696/696 675/685/685
f 686/696/696 695/705/705 696/706/706
f 696/706/706 700/710/710 686/696/696
f 700/710/710 687/697/697 686/696/696
f 703/713/713 698/707/707 697/709/709
f 703/713/713 697/709/709 694/704/704
f 694/704/704 693/703/703 703/713/713
f 704/714/714 703/713/713 693/703/703
f 693/703/703 705/715/715 704/714/714
f 705/715/715 693/703/703 533/543/543
f 533/543/543 530/540/540 705/715/715
f 706/716/716 705/715/715 530/540/540
f 707/717/717 705/715/715 706/716/716
f 707/717/717 706/716/716 530/540/540
f 530/540/540 528/538/538 707/717/717
f 708/718/718 707/717/717 528/538/538
f 528/538/538 529/539/539 708/718/718
f 704/714/714 710/719/719 709/720/720
f 710/719/719 704/714/714 705/715/715
f 705/715/715 707/717/717 710/719/719
f 711/721/721 710/719/719 707/717/717
f 707/717/717 708/718/718 711/721/721
f 712/722/722 709/720/720 710/719/719
f 710/719/719 711/721/721 712/722/722
f 713/723/723 714/724/724 715/725/725
f 713/723/723 715/725/725 716/726/726
f 716/726/726 717/727/727 713/723/723
f 718/728/728 713/723/723 717/727/727
f 713/723/723 718/728/728 719/729/729
f 717/727/727 716/726/726 720/730/730
f 720/730/730 721/731/731 717/727/727
f 722/732/732 717/727/727 721/731/731
f 717/727/727 722/732/732 718/728/728
f 723/733/733 722/732/732 721/731/731
f 723/733/733 687/697/697 702/712/712
f 699/708/708 722/732/732 723/733/733
f 723/733/733 702/712/712 699/708/708
f 718/728/728 698/707/707 719/729/729
f 718/728/728 722/732/732 698/707/707
f 722/732/732 699/708/708 698/707/707
f 727/734/734 724/735/735 726/736/736
f 726/736/736 728/737/737 727/734/734
f 715/725/725 728/737/737 726/736/736
f 728/737/737 715/725/725 714/724/724
f 729/738/738 728/737/737 714/724/724
f 729/738/738 730/739/739 728/737/737
f 729/738/738 731/740/740 730/739/739
f 732/741/741 728/737/737 730/739/739
f 733/742/742 727/734/734 728/737/737
f 728/737/737 732/741/741 733/742/742
f 734/743/743 727/734/734 733/742/742
f 719/729/729 698/707/707 703/713/713
f 703/713/713 735/744/744 719/729/729
f 735/744/744 703/713/713 704/714/714
f 704/714/714 736/745/745 735/744/744
f 736/745/745 704/714/714 709/720/720
f 712/722/722 737/746/746 709/720/720
f 738/747/747 709/720/720 737/746/746
f 737/746/746 739/748/748 738/747/747
f 709/720/720 738/747/747 736/745/745
f 740/749/749 736/745/745 738/747/747
f 740/749/749 738/747/747 739/748/748
f 731/740/740 740/749/749 739/748/748
f 740/749/749 731/740/740 729/738/738
f 713/723/723 719/729/729 735/744/744
f 735/744/744 741/750/750 713/723/723
f 741/750/750 735/744/744 736/745/745
f 736/745/745 740/749/749 741/750/750
f 714/724/724 741/750/750 740/749/749
f 740/749/749 729/738/738 714/724/724
f 714/724/724 713/723/723 741/750/750
f 743/751/751 744/752/752 742/753/753
f 744/752/752 745/754/754 742/753/753
f 745/754/754 744/752/752 720/730/730
f 720/730/730 716/726/726 745/754/754
f 726/736/736 745/754/754 716/726/726
f 716/726/726 715/725/725 726/736/736
f 745/754/754 726/736/736 724/735/735
f 745/754/754 724/735/735 725/755/755
f 746/756/756 747/757/757 748/758/758
f 748/758/758 749/759/759 746/756/756
f 750/760/760 746/756/756 749/759/759
f 749/759/759 751/761/761 750/760/760
f 746/756/756 750/760/760 752/762/762
f 753/763/763 754/764/764 751/761/761
f 751/761/761 749/759/759 753/763/763
f 751/761/761 711/721/721 755/765/765
f 711/721/721 751/761/761 754/764/764
f 754/764/764 756/766/766 711/721/721
f 756/766/766 712/722/722 711/721/721
f 708/718/718 755/765/765 711/721/721
f 757/767/767 752/762/762 750/760/760
f 757/767/767 750/760/760 751/761/761
f 751/761/761 755/765/765 757/767/767
f 708/718/718 757/767/767 755/765/765
f 757/767/767 708/718/718 529/539/539
f 758/768/768 753/763/763 749/759/759
f 749/759/759 748/758/758 758/768/768
f 748/758/758 760/769/769 759/770/770
f 748/758/758 759/770/770 758/768/768
f 747/757/757 761/771/771 748/758/758
f 747/757/757 762/772/772 761/771/771
f 760/769/769 748/758/758 761/771/771
f 761/771/771 763/773/773 760/769/769
f 763/773/773 761/771/771 762/772/772
f 763/773/773 769/774/774 764/775/775
f 764/775/775 760/769/769 763/773/773
f 765/776/776 758/768/768 759/770/770
f 766/777/777 759/770/770 760/769/769
f 760/769/769 764/775/775 766/777/777
f 766/777/777 765/776/776 759/770/770
f 762/772/772 747/757/757 767/778/778
f 762/772/772 767/778/778 768/779/779
f 769/774/774 762/772/772 768/779/779
f 768/779/779 770/780/780 769/774/774
f 770/780/780 768/779/779 512/521/521
f 512/521/521 771/781/781 770/780/780
f 772/782/782 770/780/780 771/781/781
f 771/781/781 773/783/783 772/782/782
f 763/773/773 762/772/772 769/774/774
f 770/780/780 772/782/782 769/774/774
f 527/537/537 516/527/527 515/525/525
f 515/525/525 774/784/784 527/537/537
f 512/521/521 768/779/779 515/525/525
f 775/785/785 515/525/525 768/779/779
f 515/525/525 775/785/785 774/784/784
f 752/762/762 774/784/784 775/785/785
f 768/779/779 767/778/778 775/785/785
f 746/756/756 775/785/785 767/778/778
f 767/778/778 747/757/757 746/756/756
f 775/785/785 746/756/756 752/762/762
f 774/784/784 529/539/539 527/537/537
f 774/784/784 752/762/762 529/539/539
f 757/767/767 529/539/539 752/762/762
f 539/549/549 520/531/531 524/534/534
f 776/786/786 539/549/549 524/534/534
f 524/534/534 777/787/787 776/786/786
f 539/549/549 776/786/786 537/547/547
f 533/543/543 692/702/702 531/541/541
f 778/684/684 531/541/541 692/702/702
f 777/787/787 524/534/534 531/541/541
f 531/541/541 778/684/684 777/787/787
f 779/788/788 777/787/787 778/684/684
f 692/702/702 675/685/685 778/684/684
f 678/687/687 779/788/788 778/684/684
f 541/550/550 537/547/547 776/786/786
f 776/786/786 777/787/787 541/550/550
f 682/692/692 777/787/787 779/788/788
f 779/788/788 678/687/687 682/692/692
f 542/552/552 541/550/550 777/787/787
f 777/787/787 682/692/692 542/552/552
f 721/731/731 720/730/730 744/752/752
f 744/752/752 780/789/789 721/731/731
f 781/790/790 721/731/731 780/789/789
f 780/789/789 744/752/752 743/751/751
f 783/791/791 743/751/751 782/792/792
f 743/751/751 783/791/791 780/789/789
f 690/700/700 780/789/789 783/791/791
f 782/792/792 784/793/793 783/791/791
f 691/701/701 783/791/791 784/793/793
f 784/793/793 654/663/663 691/701/701
f 783/791/791 691/701/701 690/700/700
f 723/733/733 721/731/731 781/790/790
f 781/790/790 785/794/794 723/733/733
f 785/794/794 781/790/790 780/789/789
f 780/789/789 690/700/700 785/794/794
f 689/699/699 785/794/794 690/700/700
f 687/697/697 723/733/733 785/794/794
f 785/794/794 689/699/699 687/697/697
f 786/795/795 799/796/796 787/797/797
f 786/795/795 787/797/797 789/798/798
f 789/798/798 790/799/799 786/795/795
f 771/781/781 786/795/795 790/799/799
f 771/781/781 790/799/799 791/800/800
f 791/800/800 792/801/801 771/781/781
f 773/783/783 771/781/781 792/801/801
f 786/795/795 771/781/781 788/802/802
f 512/521/521 788/802/802 771/781/781
f 793/803/803 794/804/804 795/805/805
f 793/803/803 795/805/805 796/806/806
f 797/807/807 793/803/803 796/806/806
f 798/808/808 793/803/803 797/807/807
f 798/808/808 789/798/798 787/797/797
f 799/796/796 800/809/809 793/803/803
f 793/803/803 798/808/808 799/796/796
f 798/808/808 787/797/797 799/796/796
f 793/803/803 801/810/810 794/804/804
f 801/810/810 793/803/803 800/809/809
f 802/811/811 803/812/812 806/813/813
f 804/814/814 802/811/811 806/813/813
f 806/813/813 805/815/815 804/814/814
f 809/816/816 808/817/817 811/818/818
f 811/818/818 805/815/815 809/816/816
f 804/814/814 805/815/815 811/818/818
f 811/818/818 808/817/817 810/819/819
f 812/820/820 891/821/821 813/822/822
f 814/823/823 813/822/822 891/821/821
f 815/824/824 816/825/825 817/826/826
f 817/826/826 818/827/827 815/824/824
f 818/827/827 817/826/826 813/822/822
f 813/822/822 814/823/823 818/827/827
f 822/828/828 820/829/829 821/830/830
f 821/830/830 823/831/831 822/828/828
f 820/829/829 822/828/828 819/832/832
f 824/833/833 819/832/832 822/828/828
f 819/832/832 824/833/833 825/834/834
f 828/835/835 826/836/836 835/837/837
f 835/837/837 827/838/838 828/835/835
f 827/838/838 835/837/837 829/839/839
f 820/829/829 827/838/838 829/839/839
f 827/838/838 820/829/829 819/832/832
f 819/832/832 828/835/835 827/838/838
f 828/835/835 830/840/840 826/836/836
f 828/835/835 2445/841/841 830/840/840
f 831/842/842 826/836/836 830/840/840
f 819/832/832 832/843/843 828/835/835
f 834/844/844 835/837/837 833/845/845
f 835/837/837 834/844/844 829/839/839
f 837/846/846 833/845/845 835/837/837
f 838/847/847 836/848/848 833/845/845
f 833/845/845 837/846/846 838/847/847
f 831/842/842 839/849/849 826/836/836
f 837/846/846 826/836/836 839/849/849
f 837/846/846 835/837/837 826/836/836
f 832/843/843 819/832/832 840/850/850
f 841/851/851 840/850/850 819/832/832
f 840/850/850 841/851/851 2079/852/852
f 844/853/853 843/854/854 825/834/834
f 825/834/834 846/855/855 844/853/853
f 844/853/853 846/855/855 845/856/856
f 847/857/857 843/854/854 844/853/853
f 844/853/853 845/856/856 847/857/857
f 2272/858/858 847/857/857 845/856/856
f 847/857/857 2272/858/858 2058/859/859
f 1424/860/860 849/861/861 848/862/862
f 850/863/863 848/862/862 849/861/861
f 849/861/861 851/864/864 850/863/863
f 849/861/861 1424/860/860 852/865/865
f 852/865/865 853/866/866 849/861/861
f 851/864/864 849/861/861 853/866/866
f 853/866/866 846/855/855 825/834/834
f 854/867/867 850/863/863 851/864/864
f 851/864/864 853/866/866 854/867/867
f 825/834/834 854/867/867 853/866/866
f 848/862/862 855/868/868 1421/869/869
f 855/868/868 848/862/862 850/863/863
f 855/868/868 850/863/863 854/867/867
f 825/834/834 824/833/833 854/867/867
f 854/867/867 824/833/833 855/868/868
f 856/870/870 855/868/868 824/833/833
f 824/833/833 822/828/828 856/870/870
f 822/828/828 823/831/831 856/870/870
f 855/868/868 856/870/870 1421/869/869
f 1419/871/871 1421/869/869 856/870/870
f 819/832/832 825/834/834 843/854/854
f 843/854/854 842/872/872 819/832/832
f 841/851/851 819/832/832 842/872/872
f 842/872/872 857/873/873 841/851/851
f 841/851/851 857/873/873 2079/852/852
f 859/874/874 858/875/875 860/876/876
f 859/874/874 815/824/824 858/875/875
f 859/874/874 816/825/825 815/824/824
f 861/877/877 860/876/876 858/875/875
f 858/875/875 862/878/878 861/877/877
f 861/877/877 862/878/878 863/879/879
f 864/880/880 863/879/879 862/878/878
f 864/880/880 866/881/881 865/882/882
f 862/878/878 866/881/881 864/880/880
f 866/881/881 2366/883/883 867/884/884
f 866/881/881 867/884/884 865/882/882
f 2366/883/883 866/881/881 868/885/885
f 862/878/878 815/824/824 868/885/885
f 868/885/885 866/881/881 862/878/878
f 858/875/875 815/824/824 862/878/878
f 869/886/886 818/827/827 814/823/823
f 818/827/827 869/886/886 815/824/824
f 868/885/885 815/824/824 869/886/886
f 870/887/887 868/885/885 869/886/886
f 871/888/888 872/889/889 873/890/890
f 874/891/891 873/890/890 872/889/889
f 872/889/889 875/892/892 874/891/891
f 873/890/890 874/891/891 870/887/887
f 871/888/888 876/893/893 872/889/889
f 875/892/892 872/889/889 876/893/893
f 876/893/893 877/894/894 875/892/892
f 875/892/892 878/895/895 874/891/891
f 878/895/895 875/892/892 877/894/894
f 874/891/891 878/895/895 868/885/885
f 868/885/885 870/887/887 874/891/891
f 879/896/896 878/895/895 880/897/897
f 880/897/897 881/898/898 879/896/896
f 876/893/893 882/899/899 877/894/894
f 883/900/900 882/899/899 876/893/893
f 882/899/899 883/900/900 2261/901/901
f 2261/901/901 880/897/897 882/899/899
f 882/899/899 880/897/897 878/895/895
f 878/895/895 877/894/894 882/899/899
f 878/895/895 879/896/896 868/885/885
f 868/885/885 879/896/896 2365/902/902
f 871/888/888 884/903/903 876/893/893
f 884/903/903 883/900/900 876/893/893
f 888/904/904 887/905/905 885/906/906
f 887/905/905 888/904/904 814/823/823
f 2133/907/907 887/905/905 889/908/908
f 885/906/906 2132/909/909 2140/910/910
f 2132/909/909 885/906/906 887/905/905
f 2133/907/907 2132/909/909 887/905/905
f 891/821/821 890/911/911 889/908/908
f 889/908/908 887/905/905 891/821/821
f 814/823/823 891/821/821 887/905/905
f 885/906/906 892/912/912 888/904/904
f 869/886/886 814/823/823 888/904/904
f 892/912/912 885/906/906 886/913/913
f 886/913/913 893/914/914 892/912/912
f 2409/915/915 888/904/904 892/912/912
f 870/887/887 869/886/886 888/904/904
f 888/904/904 2409/915/915 870/887/887
f 890/911/911 812/820/820 807/916/916
f 812/820/820 890/911/911 891/821/821
f 894/917/917 895/918/918 896/919/919
f 896/919/919 797/807/807 894/917/917
f 789/798/798 798/808/808 896/919/919
f 797/807/807 896/919/919 798/808/808
f 797/807/807 796/806/806 897/920/920
f 894/917/917 897/920/920 898/921/921
f 897/920/920 894/917/917 797/807/807
f 901/922/922 899/923/923 902/924/924
f 902/924/924 791/800/800 901/922/922
f 902/924/924 903/925/925 791/800/800
f 903/925/925 792/801/801 791/800/800
f 903/925/925 773/783/783 792/801/801
f 790/799/799 901/922/922 791/800/800
f 789/798/798 901/922/922 790/799/799
f 899/923/923 900/926/926 904/927/927
f 904/927/927 910/928/928 899/923/923
f 910/928/928 904/927/927 905/929/929
f 905/929/929 906/930/930 910/928/928
f 902/924/924 899/923/923 910/928/928
f 906/930/930 905/929/929 907/931/931
f 907/931/931 908/932/932 906/930/930
f 909/933/933 906/930/930 908/932/932
f 910/928/928 906/930/930 909/933/933
f 909/933/933 912/934/934 911/935/935
f 909/933/933 911/935/935 910/928/928
f 903/925/925 902/924/924 910/928/928
f 914/936/936 915/937/937 913/938/938
f 916/939/939 913/938/938 915/937/937
f 912/934/934 917/940/940 914/936/936
f 912/934/934 909/933/933 917/940/940
f 909/933/933 908/932/932 917/940/940
f 915/937/937 914/936/936 917/940/940
f 917/940/940 918/941/941 915/937/937
f 918/941/941 917/940/940 908/932/932
f 908/932/932 907/931/931 918/941/941
f 915/937/937 918/941/941 919/942/942
f 915/937/937 919/942/942 916/939/939
f 920/943/943 921/944/944 922/945/945
f 920/943/943 922/945/945 923/946/946
f 923/946/946 924/947/947 920/943/943
f 925/948/948 920/943/943 924/947/947
f 925/948/948 924/947/947 926/949/949
f 926/949/949 927/950/950 925/948/948
f 928/951/951 925/948/948 927/950/950
f 927/950/950 913/938/938 928/951/951
f 916/939/939 928/951/951 913/938/938
f 928/951/951 920/943/943 925/948/948
f 912/934/934 930/952/952 929/953/953
f 930/952/952 912/934/934 914/936/936
f 914/936/936 931/954/954 930/952/952
f 932/955/955 929/953/953 930/952/952
f 930/952/952 931/954/954 932/955/955
f 914/936/936 913/938/938 931/954/954
f 913/938/938 934/956/956 933/957/957
f 913/938/938 933/957/957 931/954/954
f 766/777/777 933/957/957 934/956/956
f 933/957/957 766/777/777 764/775/775
f 935/958/958 932/955/955 931/954/954
f 931/954/954 933/957/957 935/958/958
f 769/774/774 935/958/958 933/957/957
f 933/957/957 764/775/775 769/774/774
f 937/959/959 938/960/960 936/961/961
f 937/959/959 939/962/962 938/960/960
f 926/949/949 938/960/960 939/962/962
f 939/962/962 937/959/959 940/963/963
f 940/963/963 934/956/956 939/962/962
f 934/956/956 940/963/963 766/777/777
f 927/950/950 939/962/962 934/956/956
f 934/956/956 913/938/938 927/950/950
f 927/950/950 926/949/949 939/962/962
f 943/964/964 941/965/965 944/966/966
f 944/966/966 945/967/967 943/964/964
f 945/967/967 944/966/966 947/968/968
f 947/968/968 948/969/969 945/967/967
f 946/970/970 945/967/967 948/969/969
f 948/969/969 949/971/971 946/970/970
f 950/972/972 946/970/970 949/971/971
f 946/970/970 950/972/972 951/973/973
f 951/973/973 945/967/967 946/970/970
f 952/974/974 943/964/964 945/967/967
f 945/967/967 951/973/973 952/974/974
f 953/975/975 954/976/976 948/969/969
f 949/971/971 948/969/969 954/976/976
f 953/975/975 955/977/977 954/976/976
f 957/978/978 955/977/977 956/979/979
f 955/977/977 957/978/978 954/976/976
f 956/979/979 958/980/980 957/978/978
f 959/981/981 957/978/978 958/980/980
f 958/980/980 960/982/982 959/981/981
f 954/976/976 957/978/978 949/971/971
f 961/983/983 949/971/971 957/978/978
f 957/978/978 959/981/981 961/983/983
f 949/971/971 961/983/983 950/972/972
f 970/984/984 963/985/985 962/986/986
f 947/968/968 962/986/986 963/985/985
f 963/985/985 955/977/977 953/975/975
f 963/985/985 953/975/975 947/968/968
f 948/969/969 947/968/968 953/975/975
f 965/987/987 966/988/988 967/989/989
f 968/990/990 969/991/991 967/989/989
f 967/989/989 969/991/991 965/987/987
f 969/991/991 968/990/990 970/984/984
f 970/984/984 962/986/986 969/991/991
f 944/966/966 969/991/991 962/986/986
f 962/986/986 947/968/968 944/966/966
f 942/992/992 965/987/987 969/991/991
f 969/991/991 944/966/966 942/992/992
f 941/965/965 942/992/992 944/966/966
f 935/958/958 769/774/774 772/782/782
f 772/782/782 971/993/993 935/958/958
f 932/955/955 935/958/958 971/993/993
f 971/993/993 972/994/994 932/955/955
f 971/993/993 772/782/782 773/783/783
f 773/783/783 903/925/925 971/993/993
f 972/994/994 971/993/993 903/925/925
f 911/935/935 972/994/994 903/925/925
f 911/935/935 903/925/925 910/928/928
f 932/955/955 911/935/935 929/953/953
f 911/935/935 932/955/955 972/994/994
f 912/934/934 929/953/953 911/935/935
f 975/995/995 973/996/996 974/997/997
f 973/996/996 975/995/995 988/998/998
f 974/997/997 976/999/999 975/995/995
f 968/990/990 975/995/995 976/999/999
f 976/999/999 970/984/984 968/990/990
f 967/989/989 975/995/995 968/990/990
f 975/995/995 967/989/989 966/988/988
f 974/997/997 978/1000/1000 977/1001/1001
f 978/1000/1000 974/997/997 973/996/996
f 973/996/996 979/1002/1002 978/1000/1000
f 992/1003/1003 978/1000/1000 979/1002/1002
f 978/1000/1000 992/1003/1003 980/1004/1004
f 974/997/997 981/1005/1005 976/999/999
f 2447/1006/1006 976/999/999 981/1005/1005
f 981/1005/1005 982/1007/1007 2447/1006/1006
f 963/985/985 970/984/984 976/999/999
f 2447/1006/1006 963/985/985 976/999/999
f 981/1005/1005 974/997/997 977/1001/1001
f 977/1001/1001 978/1000/1000 980/1004/1004
f 980/1004/1004 983/1008/1008 977/1001/1001
f 983/1008/1008 984/1009/1009 977/1001/1001
f 985/1010/1010 977/1001/1001 984/1009/1009
f 984/1009/1009 986/1011/1011 985/1010/1010
f 982/1007/1007 981/1005/1005 977/1001/1001
f 977/1001/1001 985/1010/1010 982/1007/1007
f 975/995/995 966/988/988 987/1012/1012
f 988/998/998 975/995/995 987/1012/1012
f 988/998/998 987/1012/1012 989/1013/1013
f 989/1013/1013 990/1014/1014 979/1002/1002
f 979/1002/1002 988/998/998 989/1013/1013
f 988/998/998 979/1002/1002 973/996/996
f 990/1014/1014 839/849/849 991/1015/1015
f 992/1003/1003 991/1015/1015 2445/841/841
f 2445/841/841 993/1016/1016 992/1003/1003
f 993/1016/1016 994/1017/1017 992/1003/1003
f 980/1004/1004 994/1017/1017 993/1016/1016
f 994/1017/1017 980/1004/1004 992/1003/1003
f 991/1015/1015 979/1002/1002 990/1014/1014
f 979/1002/1002 991/1015/1015 992/1003/1003
f 990/1014/1014 837/846/846 839/849/849
f 995/1018/1018 990/1014/1014 989/1013/1013
f 990/1014/1014 995/1018/1018 837/846/846
f 996/1019/1019 837/846/846 995/1018/1018
f 837/846/846 996/1019/1019 838/847/847
f 899/923/923 997/1020/1020 900/926/926
f 997/1020/1020 899/923/923 901/922/922
f 999/1021/1021 900/926/926 997/1020/1020
f 789/798/798 896/919/919 901/922/922
f 1000/1022/1022 901/922/922 896/919/919
f 998/1023/1023 997/1020/1020 901/922/922
f 901/922/922 1000/1022/1022 998/1023/1023
f 1001/1024/1024 1000/1022/1022 896/919/919
f 896/919/919 895/918/918 1001/1024/1024
f 1001/1024/1024 998/1023/1023 1000/1022/1022
f 997/1020/1020 998/1023/1023 999/1021/1021
f 1002/1025/1025 1003/1026/1026 1053/1027/1027
f 1053/1027/1027 1051/1028/1028 1002/1025/1025
f 1004/1029/1029 1002/1025/1025 1051/1028/1028
f 1004/1029/1029 890/911/911 807/916/916
f 807/916/916 1002/1025/1025 1004/1029/1029
f 1005/1030/1030 1003/1026/1026 1010/1031/1031
f 1010/1031/1031 1006/1032/1032 1005/1030/1030
f 1007/1033/1033 1005/1030/1030 1006/1032/1032
f 1008/1034/1034 1007/1033/1033 1006/1032/1032
f 1010/1031/1031 1002/1025/1025 1009/1035/1035
f 1010/1031/1031 1003/1026/1026 1002/1025/1025
f 1009/1035/1035 1002/1025/1025 807/916/916
f 807/916/916 810/819/819 1009/1035/1035
f 810/819/819 808/817/817 1009/1035/1035
f 1009/1035/1035 808/817/817 1010/1031/1031
f 808/817/817 809/816/816 1010/1031/1031
f 1010/1031/1031 809/816/816 1011/1036/1036
f 1012/1037/1037 1013/1038/1038 1011/1036/1036
f 1011/1036/1036 1006/1032/1032 1010/1031/1031
f 1013/1038/1038 1012/1037/1037 1014/1039/1039
f 1006/1032/1032 1011/1036/1036 1013/1038/1038
f 1068/1040/1040 1014/1039/1039 1012/1037/1037
f 1014/1039/1039 1068/1040/1040 1081/1041/1041
f 1068/1040/1040 1012/1037/1037 805/815/815
f 809/816/816 805/815/815 1012/1037/1037
f 1011/1036/1036 809/816/816 1012/1037/1037
f 1016/1042/1042 1017/1043/1043 1015/1044/1044
f 1017/1043/1043 1016/1042/1042 1018/1045/1045
f 1023/1046/1046 1008/1034/1034 1018/1045/1045
f 1019/1047/1047 1018/1045/1045 1008/1034/1034
f 1020/1048/1048 1017/1043/1043 1018/1045/1045
f 1018/1045/1045 1019/1047/1047 1020/1048/1048
f 1021/1049/1049 1015/1044/1044 1017/1043/1043
f 1017/1043/1043 1020/1048/1048 1021/1049/1049
f 1016/1042/1042 1023/1046/1046 1018/1045/1045
f 1024/1050/1050 1025/1051/1051 1026/1052/1052
f 1026/1052/1052 1027/1053/1053 1024/1050/1050
f 1027/1053/1053 1026/1052/1052 1022/1054/1054
f 1028/1055/1055 327/338/338 326/337/337
f 1028/1055/1055 2260/1056/1056 327/338/338
f 2260/1056/1056 1028/1055/1055 1029/1057/1057
f 1022/1054/1054 1026/1052/1052 1030/1058/1058
f 1032/1059/1059 1030/1058/1058 1026/1052/1052
f 1026/1052/1052 1031/1060/1060 1032/1059/1059
f 1031/1060/1060 1698/1061/1061 1032/1059/1059
f 1033/1062/1062 1029/1057/1057 1034/1063/1063
f 1034/1063/1063 1035/1064/1064 1033/1062/1062
f 1036/1065/1065 1033/1062/1062 1035/1064/1064
f 1033/1062/1062 1036/1065/1065 1037/1066/1066
f 1035/1064/1064 1038/1067/1067 1036/1065/1065
f 1036/1065/1065 1039/1068/1068 1037/1066/1066
f 1035/1064/1064 1034/1063/1063 1041/1069/1069
f 1042/1070/1070 1040/1071/1071 1041/1069/1069
f 1034/1063/1063 1029/1057/1057 1028/1055/1055
f 1041/1069/1069 1034/1063/1063 1028/1055/1055
f 326/337/337 2376/1072/1072 1028/1055/1055
f 1043/1073/1073 1028/1055/1055 2376/1072/1072
f 1028/1055/1055 1042/1070/1070 1041/1069/1069
f 1028/1055/1055 1043/1073/1073 1042/1070/1070
f 1022/1054/1054 1030/1058/1058 1045/1074/1074
f 1054/1075/1075 1047/1076/1076 1046/1077/1077
f 1046/1077/1077 1047/1076/1076 1045/1074/1074
f 1016/1042/1042 1045/1074/1074 1047/1076/1076
f 1047/1076/1076 1023/1046/1046 1016/1042/1042
f 1045/1074/1074 1016/1042/1042 1022/1054/1054
f 1015/1044/1044 1022/1054/1054 1016/1042/1042
f 1062/1078/1078 1023/1046/1046 1047/1076/1076
f 1048/1079/1079 1062/1078/1078 1047/1076/1076
f 1049/1080/1080 1047/1076/1076 1054/1075/1075
f 1048/1079/1079 1047/1076/1076 1049/1080/1080
f 1049/1080/1080 1050/1081/1081 1048/1079/1079
f 1051/1028/1028 1048/1079/1079 1050/1081/1081
f 1050/1081/1081 1057/1082/1082 1052/1083/1083
f 1052/1083/1083 1051/1028/1028 1050/1081/1081
f 1048/1079/1079 1051/1028/1028 1053/1027/1027
f 1056/1084/1084 1057/1082/1082 1055/1085/1085
f 1050/1081/1081 1055/1085/1085 1057/1082/1082
f 1055/1085/1085 1050/1081/1081 1049/1080/1080
f 1045/1074/1074 1030/1058/1058 1032/1059/1059
f 1059/1086/1086 1032/1059/1059 1058/1087/1087
f 1032/1059/1059 1059/1086/1086 1045/1074/1074
f 1046/1077/1077 1045/1074/1074 1059/1086/1086
f 1054/1075/1075 1046/1077/1077 1059/1086/1086
f 1053/1027/1027 1060/1088/1088 1048/1079/1079
f 1003/1026/1026 1005/1030/1030 1060/1088/1088
f 1060/1088/1088 1053/1027/1027 1003/1026/1026
f 1061/1089/1089 1060/1088/1088 1005/1030/1030
f 1005/1030/1030 1007/1033/1033 1061/1089/1089
f 1008/1034/1034 1061/1089/1089 1007/1033/1033
f 1061/1089/1089 1008/1034/1034 1023/1046/1046
f 1048/1079/1079 1061/1089/1089 1062/1078/1078
f 1061/1089/1089 1048/1079/1079 1060/1088/1088
f 1023/1046/1046 1062/1078/1078 1061/1089/1089
f 1063/1090/1090 1004/1029/1029 1051/1028/1028
f 1004/1029/1029 1063/1090/1090 890/911/911
f 1027/1053/1053 324/335/335 1064/1091/1091
f 1027/1053/1053 1064/1091/1091 1024/1050/1050
f 1027/1053/1053 1022/1054/1054 1065/1092/1092
f 1015/1044/1044 1065/1092/1092 1022/1054/1054
f 1065/1092/1092 1015/1044/1044 1021/1049/1049
f 1066/1093/1093 324/335/335 1027/1053/1053
f 1066/1093/1093 1027/1053/1053 1065/1092/1092
f 1021/1049/1049 1020/1048/1048 1065/1092/1092
f 1067/1094/1094 1065/1092/1092 1020/1048/1048
f 1020/1048/1048 1006/1032/1032 1067/1094/1094
f 1066/1093/1093 1065/1092/1092 320/332/332
f 1067/1094/1094 320/332/332 1065/1092/1092
f 1076/1095/1095 1067/1094/1094 1006/1032/1032
f 1006/1032/1032 1013/1038/1038 1076/1095/1095
f 1006/1032/1032 1019/1047/1047 1008/1034/1034
f 1006/1032/1032 1020/1048/1048 1019/1047/1047
f 1069/1096/1096 1068/1040/1040 806/813/813
f 805/815/815 806/813/813 1068/1040/1040
f 1070/1097/1097 1069/1096/1096 806/813/813
f 1070/1097/1097 1079/1098/1098 1069/1096/1096
f 1070/1097/1097 1071/1099/1099 1072/1100/1100
f 1073/1101/1101 1074/1102/1102 1075/1103/1103
f 1074/1102/1102 1073/1101/1101 321/329/329
f 1077/1104/1104 1074/1102/1102 1076/1095/1095
f 1074/1102/1102 1077/1104/1104 1075/1103/1103
f 1078/1105/1105 1076/1095/1095 1074/1102/1102
f 1076/1095/1095 1078/1105/1105 1067/1094/1094
f 1074/1102/1102 321/329/329 1078/1105/1105
f 1079/1098/1098 1073/1101/1101 1075/1103/1103
f 1070/1097/1097 1073/1101/1101 1079/1098/1098
f 322/333/333 324/335/335 1066/1093/1093
f 1066/1093/1093 320/332/332 322/333/333
f 1067/1094/1094 1078/1105/1105 320/332/332
f 1078/1105/1105 321/329/329 320/332/332
f 321/329/329 1073/1101/1101 318/330/330
f 318/330/330 1073/1101/1101 1080/1106/1106
f 1072/1100/1100 1080/1106/1106 1073/1101/1101
f 1073/1101/1101 1070/1097/1097 1072/1100/1100
f 1070/1097/1097 803/812/812 1071/1099/1099
f 806/813/813 803/812/812 1070/1097/1097
f 1081/1041/1041 1069/1096/1096 1079/1098/1098
f 1081/1041/1041 1068/1040/1040 1069/1096/1096
f 1077/1104/1104 1079/1098/1098 1075/1103/1103
f 1079/1098/1098 1077/1104/1104 1081/1041/1041
f 1082/1107/1107 1081/1041/1041 1077/1104/1104
f 1081/1041/1041 1082/1107/1107 1014/1039/1039
f 1076/1095/1095 1013/1038/1038 1014/1039/1039
f 1014/1039/1039 1082/1107/1107 1076/1095/1095
f 1077/1104/1104 1076/1095/1095 1082/1107/1107
f 799/796/796 786/795/795 1083/1108/1108
f 786/795/795 788/802/802 1083/1108/1108
f 1084/1109/1109 1083/1108/1108 788/802/802
f 511/520/520 1084/1109/1109 788/802/802
f 788/802/802 512/521/521 511/520/520
f 1086/1110/1110 1087/1111/1111 1085/1112/1112
f 1088/1113/1113 1087/1111/1111 1086/1110/1110
f 1088/1113/1113 1089/1114/1114 1087/1111/1111
f 1090/1115/1115 1087/1111/1111 1089/1114/1114
f 1091/1116/1116 1090/1115/1115 1089/1114/1114
f 1092/1117/1117 1085/1112/1112 1087/1111/1111
f 1087/1111/1111 1090/1115/1115 1092/1117/1117
f 1090/1115/1115 1091/1116/1116 1092/1117/1117
f 1094/1118/1118 1085/1112/1112 1093/1119/1119
f 1093/1119/1119 1085/1112/1112 1092/1117/1117
f 1092/1117/1117 1095/1120/1120 1093/1119/1119
f 1092/1117/1117 1096/1121/1121 1095/1120/1120
f 1096/1121/1121 1097/1122/1122 1095/1120/1120
f 1098/1123/1123 1093/1119/1119 1095/1120/1120
f 1095/1120/1120 1099/1124/1124 1098/1123/1123
f 1099/1124/1124 1095/1120/1120 1097/1122/1122
f 1097/1122/1122 1100/1125/1125 1099/1124/1124
f 1093/1119/1119 1098/1123/1123 1094/1118/1118
f 1102/1126/1126 1094/1118/1118 1098/1123/1123
f 1098/1123/1123 1101/1127/1127 1102/1126/1126
f 1103/1128/1128 1100/1125/1125 1097/1122/1122
f 1104/1129/1129 1097/1122/1122 1096/1121/1121
f 1097/1122/1122 1104/1129/1129 1103/1128/1128
f 1105/1130/1130 1096/1121/1121 1092/1117/1117
f 1104/1129/1129 1096/1121/1121 1105/1130/1130
f 1105/1130/1130 1106/1131/1131 1104/1129/1129
f 1106/1131/1131 1107/1132/1132 1104/1129/1129
f 1108/1133/1133 1103/1128/1128 1104/1129/1129
f 1109/1134/1134 1108/1133/1133 1104/1129/1129
f 1112/1135/1135 1110/1136/1136 1113/1137/1137
f 1113/1137/1137 1114/1138/1138 1112/1135/1135
f 1114/1138/1138 1113/1137/1137 1115/1139/1139
f 1116/1140/1140 1117/1141/1141 1115/1139/1139
f 1118/1142/1142 1115/1139/1139 1117/1141/1141
f 1117/1141/1141 1119/1143/1143 1118/1142/1142
f 1115/1139/1139 1118/1142/1142 1114/1138/1138
f 1119/1143/1143 1120/1144/1144 1118/1142/1142
f 1118/1142/1142 1120/1144/1144 1122/1145/1145
f 1123/1146/1146 1112/1135/1135 1114/1138/1138
f 1114/1138/1138 1118/1142/1142 1123/1146/1146
f 1122/1145/1145 1123/1146/1146 1118/1142/1142
f 1123/1146/1146 1122/1145/1145 1124/1147/1147
f 1126/1148/1148 1127/1149/1149 1125/1150/1150
f 1127/1149/1149 1126/1148/1148 1128/1151/1151
f 1128/1151/1151 1129/1152/1152 1127/1149/1149
f 1130/1153/1153 1127/1149/1149 1129/1152/1152
f 1129/1152/1152 1131/1154/1154 1130/1153/1153
f 1132/1155/1155 1125/1150/1150 1127/1149/1149
f 1127/1149/1149 1130/1153/1153 1132/1155/1155
f 1129/1152/1152 1128/1151/1151 1133/1156/1156
f 1133/1156/1156 1134/1157/1157 1129/1152/1152
f 1135/1158/1158 1129/1152/1152 1134/1157/1157
f 1129/1152/1152 1135/1158/1158 1131/1154/1154
f 1136/1159/1159 1131/1154/1154 1135/1158/1158
f 1137/1160/1160 1138/1161/1161 1135/1158/1158
f 1139/1162/1162 1132/1155/1155 1130/1153/1153
f 1131/1154/1154 1136/1159/1159 1130/1153/1153
f 1111/1163/1163 1130/1153/1153 1136/1159/1159
f 1111/1163/1163 1139/1162/1162 1130/1153/1153
f 1141/1164/1164 1142/1165/1165 1140/1166/1166
f 1143/1167/1167 1140/1166/1166 1142/1165/1165
f 1142/1165/1165 1144/1168/1168 1143/1167/1167
f 1142/1165/1165 1141/1164/1164 1145/1169/1169
f 1145/1169/1169 1146/1170/1170 1142/1165/1165
f 1146/1170/1170 1145/1169/1169 1147/1171/1171
f 1146/1170/1170 1149/1172/1172 1148/1173/1173
f 1144/1168/1168 1142/1165/1165 1146/1170/1170
f 1146/1170/1170 1148/1173/1173 1144/1168/1168
f 1128/1151/1151 1148/1173/1173 1149/1172/1172
f 1149/1172/1172 1133/1156/1156 1128/1151/1151
f 1143/1167/1167 1144/1168/1168 1150/1174/1174
f 1126/1148/1148 1144/1168/1168 1148/1173/1173
f 1148/1173/1173 1128/1151/1151 1126/1148/1148
f 1125/1150/1150 1150/1174/1174 1144/1168/1168
f 1144/1168/1168 1126/1148/1148 1125/1150/1150
f 1151/1175/1175 1152/1176/1176 1153/1177/1177
f 1153/1177/1177 1154/1178/1178 1151/1175/1175
f 1154/1178/1178 1153/1177/1177 1155/1179/1179
f 1156/1180/1180 1154/1178/1178 1155/1179/1179
f 1155/1179/1179 1157/1181/1181 1156/1180/1180
f 1159/1182/1182 1160/1183/1183 1158/1184/1184
f 1157/1181/1181 1158/1184/1184 1160/1183/1183
f 1157/1181/1181 1155/1179/1179 1158/1184/1184
f 1161/1185/1185 1157/1181/1181 1160/1183/1183
f 1161/1185/1185 1141/1164/1164 1140/1166/1166
f 1143/1167/1167 1157/1181/1181 1161/1185/1185
f 1161/1185/1185 1140/1166/1166 1143/1167/1167
f 1150/1174/1174 1156/1180/1180 1157/1181/1181
f 1157/1181/1181 1143/1167/1167 1150/1174/1174
f 1156/1180/1180 1150/1174/1174 1125/1150/1150
f 1163/1186/1186 1165/1187/1187 1164/1188/1188
f 1165/1187/1187 1166/1189/1189 1164/1188/1188
f 1165/1187/1187 1167/1190/1190 1166/1189/1189
f 1168/1191/1191 1164/1188/1188 1166/1189/1189
f 1169/1192/1192 1162/1193/1193 1163/1186/1186
f 1163/1186/1186 1164/1188/1188 1169/1192/1192
f 1164/1188/1188 1168/1191/1191 1169/1192/1192
f 1107/1132/1132 1106/1131/1131 1170/1194/1194
f 1171/1195/1195 1107/1132/1132 1170/1194/1194
f 1107/1132/1132 1171/1195/1195 1104/1129/1129
f 1171/1195/1195 1170/1194/1194 1162/1193/1193
f 1162/1193/1193 1169/1192/1192 1171/1195/1195
f 1172/1196/1196 1171/1195/1195 1169/1192/1192
f 1171/1195/1195 1172/1196/1196 1109/1134/1134
f 1109/1134/1134 1104/1129/1129 1171/1195/1195
f 1170/1194/1194 1106/1131/1131 1173/1197/1197
f 1173/1197/1197 1174/1198/1198 1170/1194/1194
f 1175/1199/1199 1176/1200/1200 1173/1197/1197
f 1174/1198/1198 1173/1197/1197 1176/1200/1200
f 1162/1193/1193 1170/1194/1194 1174/1198/1198
f 1174/1198/1198 1163/1186/1186 1162/1193/1193
f 1178/1201/1201 1179/1202/1202 1177/1203/1203
f 1181/1204/1204 1179/1202/1202 1180/1205/1205
f 1179/1202/1202 1181/1204/1204 1182/1206/1206
f 1183/1207/1207 1177/1203/1203 1179/1202/1202
f 1179/1202/1202 1182/1206/1206 1183/1207/1207
f 1089/1114/1114 1185/1208/1208 1184/1209/1209
f 1186/1210/1210 1185/1208/1208 2268/1211/1211
f 2268/1211/1211 1187/1212/1212 1186/1210/1210
f 1175/1199/1199 1184/1209/1209 1185/1208/1208
f 1185/1208/1208 1186/1210/1210 1175/1199/1199
f 1184/1209/1209 1175/1199/1199 1173/1197/1197
f 1173/1197/1197 1106/1131/1131 1184/1209/1209
f 1091/1116/1116 1184/1209/1209 1106/1131/1131
f 1106/1131/1131 1105/1130/1130 1091/1116/1116
f 1092/1117/1117 1091/1116/1116 1105/1130/1130
f 1184/1209/1209 1091/1116/1116 1089/1114/1114
f 1123/1146/1146 1124/1147/1147 1188/1213/1213
f 1188/1213/1213 1189/1214/1214 1123/1146/1146
f 1188/1213/1213 1190/1215/1215 1189/1214/1214
f 1112/1135/1135 1123/1146/1146 1189/1214/1214
f 1188/1213/1213 1151/1175/1175 1190/1215/1215
f 1151/1175/1175 1188/1213/1213 1152/1176/1176
f 1151/1175/1175 1154/1178/1178 1191/1216/1216
f 1151/1175/1175 1191/1216/1216 1190/1215/1215
f 1132/1155/1155 1190/1215/1215 1191/1216/1216
f 1154/1178/1178 1156/1180/1180 1191/1216/1216
f 1125/1150/1150 1191/1216/1216 1156/1180/1180
f 1191/1216/1216 1125/1150/1150 1132/1155/1155
f 1110/1136/1136 1112/1135/1135 1189/1214/1214
f 1190/1215/1215 1132/1155/1155 1189/1214/1214
f 1139/1162/1162 1189/1214/1214 1132/1155/1155
f 1111/1163/1163 1110/1136/1136 1189/1214/1214
f 1189/1214/1214 1139/1162/1162 1111/1163/1163
f 1160/1183/1183 1159/1182/1182 1192/1217/1217
f 1192/1217/1217 1193/1218/1218 1160/1183/1183
f 1192/1217/1217 1194/1219/1219 1193/1218/1218
f 1195/1220/1220 1193/1218/1218 1194/1219/1219
f 1194/1219/1219 1196/1221/1221 1195/1220/1220
f 1193/1218/1218 1195/1220/1220 1160/1183/1183
f 1197/1222/1222 1194/1219/1219 1198/1223/1223
f 1198/1223/1223 1199/1224/1224 1197/1222/1222
f 1196/1221/1221 1194/1219/1219 1197/1222/1222
f 1197/1222/1222 1200/1225/1225 1196/1221/1221
f 1200/1225/1225 1197/1222/1222 1199/1224/1224
f 1201/1226/1226 1196/1221/1221 1200/1225/1225
f 1161/1185/1185 1160/1183/1183 1195/1220/1220
f 1202/1227/1227 1195/1220/1220 1196/1221/1221
f 1196/1221/1221 1201/1226/1226 1202/1227/1227
f 1141/1164/1164 1161/1185/1185 1195/1220/1220
f 1195/1220/1220 1202/1227/1227 1141/1164/1164
f 1203/1228/1228 1204/1229/1229 1205/1230/1230
f 1205/1230/1230 1206/1231/1231 1203/1228/1228
f 1206/1231/1231 1205/1230/1230 1207/1232/1232
f 1207/1232/1232 1208/1233/1233 1206/1231/1231
f 1210/1234/1234 1206/1231/1231 1208/1233/1233
f 1208/1233/1233 1209/1235/1235 1210/1234/1234
f 1212/1236/1236 1210/1234/1234 1209/1235/1235
f 1213/1237/1237 1203/1228/1228 1206/1231/1231
f 1206/1231/1231 1210/1234/1234 1213/1237/1237
f 1214/1238/1238 1213/1237/1237 1210/1234/1234
f 1216/1239/1239 1217/1240/1240 1215/1241/1241
f 415/425/425 414/424/424 1215/1241/1241
f 1220/1242/1242 1218/1243/1243 1219/1244/1244
f 1217/1240/1240 1216/1239/1239 1218/1243/1243
f 1218/1243/1243 1220/1242/1242 1217/1240/1240
f 1221/1245/1245 1220/1242/1242 1219/1244/1244
f 1222/1246/1246 1217/1240/1240 1220/1242/1242
f 1220/1242/1242 1221/1245/1245 1222/1246/1246
f 1215/1241/1241 1223/1247/1247 415/425/425
f 1223/1247/1247 1215/1241/1241 1217/1240/1240
f 1217/1240/1240 1222/1246/1246 1223/1247/1247
f 417/427/427 415/425/425 1223/1247/1247
f 1224/1248/1248 1225/1249/1249 1226/1250/1250
f 1228/1251/1251 1226/1250/1250 1227/1252/1252
f 1227/1252/1252 1229/1253/1253 1228/1251/1251
f 1230/1254/1254 1224/1248/1248 1226/1250/1250
f 1226/1250/1250 1228/1251/1251 1230/1254/1254
f 1204/1229/1229 1229/1253/1253 1227/1252/1252
f 1204/1229/1229 1203/1228/1228 1229/1253/1253
f 1203/1228/1228 1213/1237/1237 1229/1253/1253
f 1229/1253/1253 1213/1237/1237 1231/1255/1255
f 1232/1256/1256 1230/1254/1254 1228/1251/1251
f 1228/1251/1251 1233/1257/1257 1232/1256/1256
f 1233/1257/1257 1228/1251/1251 1229/1253/1253
f 1229/1253/1253 1231/1255/1255 1233/1257/1257
f 1234/1258/1258 1232/1256/1256 1233/1257/1257
f 1199/1224/1224 1236/1259/1259 1235/1260/1260
f 1238/1261/1261 1235/1260/1260 1236/1259/1259
f 1236/1259/1259 1237/1262/1262 1238/1261/1261
f 1236/1259/1259 1199/1224/1224 1198/1223/1223
f 1240/1263/1263 1198/1223/1223 1239/1264/1264
f 1237/1262/1262 1236/1259/1259 1198/1223/1223
f 1198/1223/1223 1240/1263/1263 1237/1262/1262
f 1240/1263/1263 1241/1265/1265 1237/1262/1262
f 1241/1265/1265 1240/1263/1263 1239/1264/1264
f 1241/1265/1265 1221/1245/1245 1219/1244/1244
f 1219/1244/1244 1237/1262/1262 1241/1265/1265
f 1244/1266/1266 1245/161/161 1242/1267/1267
f 1245/161/161 1244/1266/1266 1247/1268/1268
f 1247/1268/1268 1248/160/160 1245/161/161
f 1248/160/160 1247/1268/1268 1249/1269/1269
f 1242/1267/1267 1245/161/161 1246/1270/1270
f 150/162/162 1248/160/160 1249/1269/1269
f 1249/1269/1269 1250/1271/1271 150/162/162
f 150/162/162 1250/1271/1271 1180/1205/1205
f 1250/1271/1271 1181/1204/1204 1180/1205/1205
f 1180/1205/1205 146/156/156 150/162/162
f 1208/1233/1233 1207/1232/1232 1251/1272/1272
f 1251/1272/1272 1252/1273/1273 1208/1233/1233
f 1252/1273/1273 1251/1272/1272 1253/1274/1274
f 1209/1235/1235 1208/1233/1233 1252/1273/1273
f 1253/1274/1274 1167/1190/1190 1252/1273/1273
f 1167/1190/1190 1165/1187/1187 1254/1275/1275
f 1211/1276/1276 1252/1273/1273 1167/1190/1190
f 1167/1190/1190 1254/1275/1275 1211/1276/1276
f 1255/1277/1277 1254/1275/1275 1165/1187/1187
f 1165/1187/1187 1163/1186/1186 1255/1277/1277
f 1252/1273/1273 1211/1276/1276 1209/1235/1235
f 1254/1275/1275 1255/1277/1277 1211/1276/1276
f 1200/1225/1225 1199/1224/1224 1256/1278/1278
f 1201/1226/1226 1256/1278/1278 1257/1279/1279
f 1201/1226/1226 1200/1225/1225 1256/1278/1278
f 1257/1279/1279 1256/1278/1278 1258/1280/1280
f 1259/1281/1281 1201/1226/1226 1257/1279/1279
f 1257/1279/1279 1147/1171/1171 1259/1281/1281
f 1145/1169/1169 1259/1281/1281 1147/1171/1171
f 1259/1281/1281 1145/1169/1169 1141/1164/1164
f 1201/1226/1226 1259/1281/1281 1202/1227/1227
f 1141/1164/1164 1202/1227/1227 1259/1281/1281
f 1260/1282/1282 1147/1171/1171 1257/1279/1279
f 1257/1279/1279 1261/1283/1283 1260/1282/1282
f 1260/1282/1282 1261/1283/1283 1262/1284/1284
f 1257/1279/1279 1263/1285/1285 1261/1283/1283
f 1263/1285/1285 1257/1279/1279 1258/1280/1280
f 1258/1280/1280 1264/1286/1286 1263/1285/1285
f 1265/1287/1287 1261/1283/1283 1263/1285/1285
f 1265/1287/1287 1263/1285/1285 1264/1286/1286
f 1266/1288/1288 1265/1287/1287 1264/1286/1286
f 1267/1289/1289 1262/1284/1284 1261/1283/1283
f 1268/1290/1290 1261/1283/1283 1265/1287/1287
f 1265/1287/1287 1266/1288/1288 1268/1290/1290
f 1269/1291/1291 1267/1289/1289 1261/1283/1283
f 1261/1283/1283 1268/1290/1290 1269/1291/1291
f 1149/1172/1172 1270/1292/1292 1133/1156/1156
f 1149/1172/1172 1271/1293/1293 1270/1292/1292
f 1271/1293/1293 1272/1294/1294 1270/1292/1292
f 1273/1295/1295 1133/1156/1156 1270/1292/1292
f 1271/1293/1293 1149/1172/1172 1146/1170/1170
f 1146/1170/1170 1274/1296/1296 1271/1293/1293
f 1274/1296/1296 1146/1170/1170 1147/1171/1171
f 1147/1171/1171 1260/1282/1282 1274/1296/1296
f 1272/1294/1294 1274/1296/1296 1260/1282/1282
f 1260/1282/1282 1262/1284/1284 1272/1294/1294
f 1272/1294/1294 1271/1293/1293 1274/1296/1296
f 1272/1294/1294 1262/1284/1284 1275/1297/1297
f 1276/1298/1298 1262/1284/1284 1267/1289/1289
f 1267/1289/1289 1269/1291/1291 1276/1298/1298
f 1262/1284/1284 1276/1298/1298 1275/1297/1297
f 1277/1299/1299 1273/1295/1295 1270/1292/1292
f 1270/1292/1292 1275/1297/1297 1277/1299/1299
f 1275/1297/1297 1270/1292/1292 1272/1294/1294
f 1135/1158/1158 1278/1300/1300 1137/1160/1160
f 1280/1301/1301 1138/1161/1161 1137/1160/1160
f 1137/1160/1160 1278/1300/1300 1280/1301/1301
f 1278/1300/1300 1135/1158/1158 1134/1157/1157
f 1273/1295/1295 1134/1157/1157 1133/1156/1156
f 1279/1302/1302 1278/1300/1300 1134/1157/1157
f 1134/1157/1157 1273/1295/1295 1279/1302/1302
f 1281/1303/1303 1279/1302/1302 1273/1295/1295
f 1273/1295/1295 1277/1299/1299 1281/1303/1303
f 1282/1304/1304 1280/1301/1301 1278/1300/1300
f 1282/1304/1304 1278/1300/1300 1279/1302/1302
f 1281/1303/1303 1282/1304/1304 1279/1302/1302
f 1282/1304/1304 1281/1303/1303 1283/1305/1305
f 1284/1306/1306 1116/1140/1140 1115/1139/1139
f 1284/1306/1306 1115/1139/1139 1113/1137/1137
f 1113/1137/1137 1285/1307/1307 1284/1306/1306
f 1284/1306/1306 1285/1307/1307 1287/1308/1308
f 1285/1307/1307 1113/1137/1137 1110/1136/1136
f 1110/1136/1136 1111/1163/1163 1285/1307/1307
f 1111/1163/1163 1136/1159/1159 1286/1309/1309
f 1286/1309/1309 1285/1307/1307 1111/1163/1163
f 1288/1310/1310 1286/1309/1309 1136/1159/1159
f 1136/1159/1159 1135/1158/1158 1288/1310/1310
f 1138/1161/1161 1288/1310/1310 1135/1158/1158
f 1289/1311/1311 1287/1308/1308 1285/1307/1307
f 1285/1307/1307 1286/1309/1309 1289/1311/1311
f 1286/1309/1309 1288/1310/1310 1290/1312/1312
f 1290/1312/1312 1289/1311/1311 1286/1309/1309
f 1291/1313/1313 1138/1161/1161 1280/1301/1301
f 1280/1301/1301 1292/1314/1314 1291/1313/1313
f 1138/1161/1161 1291/1313/1313 1288/1310/1310
f 1282/1304/1304 1292/1314/1314 1280/1301/1301
f 1292/1314/1314 1282/1304/1304 1283/1305/1305
f 1283/1305/1305 1293/1315/1315 1292/1314/1314
f 1294/1316/1316 1292/1314/1314 1293/1315/1315
f 1293/1315/1315 1295/1317/1317 1294/1316/1316
f 1296/1318/1318 1292/1314/1314 1294/1316/1316
f 1295/1317/1317 1297/1319/1319 1294/1316/1316
f 1298/1320/1320 1294/1316/1316 1297/1319/1319
f 1299/1321/1321 1296/1318/1318 1294/1316/1316
f 1294/1316/1316 1298/1320/1320 1299/1321/1321
f 1290/1312/1312 1288/1310/1310 1291/1313/1313
f 1291/1313/1313 1300/1322/1322 1290/1312/1312
f 1300/1322/1322 1291/1313/1313 1292/1314/1314
f 1292/1314/1314 1296/1318/1318 1300/1322/1322
f 1299/1321/1321 1300/1322/1322 1296/1318/1318
f 1300/1322/1322 1299/1321/1321 1290/1312/1312
f 1302/1323/1323 1303/1324/1324 1301/1325/1325
f 1303/1324/1324 1302/1323/1323 1304/1326/1326
f 1305/1327/1327 1303/1324/1324 1304/1326/1326
f 1306/1328/1328 1301/1325/1325 1303/1324/1324
f 1303/1324/1324 1305/1327/1327 1306/1328/1328
f 1283/1305/1305 1281/1303/1303 1307/1329/1329
f 1308/1330/1330 1307/1329/1329 1281/1303/1303
f 1305/1327/1327 1304/1326/1326 1307/1329/1329
f 1307/1329/1329 1308/1330/1330 1305/1327/1327
f 1281/1303/1303 1277/1299/1299 1308/1330/1330
f 1275/1297/1297 1308/1330/1330 1277/1299/1299
f 1269/1291/1291 1306/1328/1328 1305/1327/1327
f 1305/1327/1327 1276/1298/1298 1269/1291/1291
f 1305/1327/1327 1308/1330/1330 1276/1298/1298
f 1308/1330/1330 1275/1297/1297 1276/1298/1298
f 1309/1331/1331 1310/1332/1332 1311/1333/1333
f 1311/1333/1333 1312/1334/1334 1309/1331/1331
f 1313/1335/1335 1309/1331/1331 1312/1334/1334
f 1312/1334/1334 1314/1336/1336 1313/1335/1335
f 1309/1331/1331 1313/1335/1335 1315/1337/1337
f 1312/1334/1334 1311/1333/1333 1302/1323/1323
f 1302/1323/1323 1301/1325/1325 1312/1334/1334
f 1314/1336/1336 1312/1334/1334 1301/1325/1325
f 1301/1325/1325 1306/1328/1328 1314/1336/1336
f 1268/1290/1290 1314/1336/1336 1306/1328/1328
f 1306/1328/1328 1269/1291/1291 1268/1290/1290
f 1266/1288/1288 1314/1336/1336 1268/1290/1290
f 1316/1338/1338 1315/1337/1337 1313/1335/1335
f 1313/1335/1335 1317/1339/1339 1316/1338/1338
f 1317/1339/1339 1313/1335/1335 1314/1336/1336
f 1266/1288/1288 1317/1339/1339 1314/1336/1336
f 1264/1286/1286 1316/1338/1338 1317/1339/1339
f 1317/1339/1339 1266/1288/1288 1264/1286/1286
f 1318/1340/1340 1310/1332/1332 1319/1341/1341
f 1319/1341/1341 1320/1342/1342 1318/1340/1340
f 1311/1333/1333 1310/1332/1332 1318/1340/1340
f 1320/1342/1342 1319/1341/1341 627/1343/1343
f 1321/1344/1344 1320/1342/1342 627/1343/1343
f 1322/1345/1345 1320/1342/1342 1321/1344/1344
f 1321/1344/1344 1323/1346/1346 1322/1345/1345
f 1321/1344/1344 1324/1347/1347 1323/1346/1346
f 1325/1348/1348 1322/1345/1345 1323/1346/1346
f 1318/1340/1340 1326/1349/1349 1311/1333/1333
f 1326/1349/1349 1318/1340/1340 1320/1342/1342
f 1320/1342/1342 1322/1345/1345 1326/1349/1349
f 1322/1345/1345 1325/1348/1348 1326/1349/1349
f 1302/1323/1323 1311/1333/1333 1326/1349/1349
f 1326/1349/1349 1327/1350/1350 1302/1323/1323
f 1327/1350/1350 1326/1349/1349 1325/1348/1348
f 1328/1351/1351 1327/1350/1350 1325/1348/1348
f 1304/1326/1326 1302/1323/1323 1327/1350/1350
f 1327/1350/1350 1328/1351/1351 1304/1326/1326
f 1323/1346/1346 1329/1352/1352 1325/1348/1348
f 1329/1352/1352 1323/1346/1346 1324/1347/1347
f 1324/1347/1347 1330/1353/1353 1329/1352/1352
f 1328/1351/1351 1325/1348/1348 1329/1352/1352
f 1295/1317/1317 1328/1351/1351 1329/1352/1352
f 1329/1352/1352 1331/1354/1354 1295/1317/1317
f 1331/1354/1354 1329/1352/1352 1330/1353/1353
f 1331/1354/1354 1298/1320/1320 1297/1319/1319
f 1331/1354/1354 1297/1319/1319 1295/1317/1317
f 1307/1329/1329 1304/1326/1326 1328/1351/1351
f 1328/1351/1351 1293/1315/1315 1307/1329/1329
f 1328/1351/1351 1295/1317/1317 1293/1315/1315
f 1283/1305/1305 1307/1329/1329 1293/1315/1315
f 1332/1355/1355 1333/1356/1356 1334/1357/1357
f 1336/1358/1358 1334/1357/1357 1335/1359/1359
f 1335/1359/1359 1337/1360/1360 1336/1358/1358
f 1336/1358/1358 1332/1355/1355 1334/1357/1357
f 1338/1361/1361 1341/1362/1362 1340/1363/1363
f 1337/1360/1360 1335/1359/1359 1338/1361/1361
f 1338/1361/1361 1340/1363/1363 1337/1360/1360
f 1342/1364/1364 1340/1363/1363 1341/1362/1362
f 1331/1354/1354 1342/1364/1364 1341/1362/1362
f 1341/1362/1362 1298/1320/1320 1331/1354/1354
f 1330/1353/1353 1340/1363/1363 1342/1364/1364
f 1342/1364/1364 1331/1354/1354 1330/1353/1353
f 1330/1353/1353 1337/1360/1360 1340/1363/1363
f 1324/1347/1347 1336/1358/1358 1337/1360/1360
f 1337/1360/1360 1330/1353/1353 1324/1347/1347
f 1336/1358/1358 1324/1347/1347 1321/1344/1344
f 1321/1344/1344 1343/1365/1365 1336/1358/1358
f 1332/1355/1355 1336/1358/1358 1343/1365/1365
f 1343/1365/1365 1321/1344/1344 627/1343/1343
f 627/1343/1343 1344/1366/1366 1343/1365/1365
f 627/1343/1343 626/636/636 1344/1366/1366
f 626/636/636 625/635/635 1344/1366/1366
f 1345/1367/1367 1343/1365/1365 1344/1366/1366
f 1345/1367/1367 1344/1366/1366 625/635/635
f 1346/1368/1368 1345/1367/1367 625/635/635
f 625/635/635 619/627/627 1346/1368/1368
f 1343/1365/1365 1345/1367/1367 1332/1355/1355
f 1333/1356/1356 1332/1355/1355 1345/1367/1367
f 1345/1367/1367 1346/1368/1368 1333/1356/1356
f 608/617/617 595/605/605 623/633/633
f 623/633/633 1347/1369/1369 608/617/617
f 1347/1369/1369 623/633/633 626/636/636
f 626/636/636 1348/1370/1370 1347/1369/1369
f 1348/1370/1370 626/636/636 627/1343/1343
f 627/1343/1343 1319/1341/1341 1348/1370/1370
f 1349/1371/1371 1348/1370/1370 1319/1341/1341
f 1319/1341/1341 1350/1372/1372 1349/1371/1371
f 1319/1341/1341 1310/1332/1332 1350/1372/1372
f 610/620/620 608/617/617 1347/1369/1369
f 1348/1370/1370 1349/1371/1371 1347/1369/1369
f 1351/1373/1373 1347/1369/1369 1349/1371/1371
f 1347/1369/1369 1351/1373/1373 610/620/620
f 1353/1374/1374 1354/1375/1375 1352/1376/1376
f 1357/1377/1377 1352/1376/1376 1354/1375/1375
f 1354/1375/1375 1355/1378/1378 1357/1377/1377
f 1355/1378/1378 1354/1375/1375 609/619/619
f 609/619/619 1351/1373/1373 1355/1378/1378
f 1351/1373/1373 609/619/619 610/620/620
f 1351/1373/1373 1349/1371/1371 1356/1379/1379
f 1356/1379/1379 1355/1378/1378 1351/1373/1373
f 1356/1379/1379 1349/1371/1371 1316/1338/1338
f 1309/1331/1331 1349/1371/1371 1350/1372/1372
f 1350/1372/1372 1310/1332/1332 1309/1331/1331
f 1315/1337/1337 1316/1338/1338 1349/1371/1371
f 1349/1371/1371 1309/1331/1331 1315/1337/1337
f 1355/1378/1378 1316/1338/1338 1357/1377/1377
f 1316/1338/1338 1355/1378/1378 1356/1379/1379
f 1264/1286/1286 1357/1377/1377 1316/1338/1338
f 1357/1377/1377 1358/1380/1380 1352/1376/1376
f 1359/1381/1381 1353/1374/1374 1352/1376/1376
f 1352/1376/1376 1358/1380/1380 1359/1381/1381
f 1357/1377/1377 1360/1382/1382 1358/1380/1380
f 1360/1382/1382 1357/1377/1377 1264/1286/1286
f 1361/1383/1383 1358/1380/1380 1360/1382/1382
f 1361/1383/1383 1360/1382/1382 1264/1286/1286
f 1264/1286/1286 1258/1280/1280 1361/1383/1383
f 1376/1384/1384 1358/1380/1380 1361/1383/1383
f 1362/1385/1385 1359/1381/1381 1358/1380/1380
f 1358/1380/1380 1376/1384/1384 1362/1385/1385
f 1364/1386/1386 1365/1387/1387 1363/1388/1388
f 1364/1386/1386 1366/1389/1389 1365/1387/1387
f 1366/1389/1389 1367/1390/1390 1365/1387/1387
f 1366/1389/1389 1364/1386/1386 1368/1391/1391
f 1366/1389/1389 1368/1391/1391 603/612/612
f 1367/1390/1390 1366/1389/1389 603/612/612
f 603/612/612 605/616/616 1367/1390/1390
f 605/616/616 609/619/619 1367/1390/1390
f 1367/1390/1390 609/619/619 1354/1375/1375
f 1353/1374/1374 1365/1387/1387 1367/1390/1390
f 1367/1390/1390 1354/1375/1375 1353/1374/1374
f 1369/1392/1392 1353/1374/1374 1359/1381/1381
f 1365/1387/1387 1353/1374/1374 1369/1392/1392
f 1359/1381/1381 1362/1385/1385 1369/1392/1392
f 1362/1385/1385 1371/1393/1393 1370/1394/1394
f 1370/1394/1394 1369/1392/1392 1362/1385/1385
f 1370/1394/1394 1373/1395/1395 1372/1396/1396
f 1373/1395/1395 1370/1394/1394 1371/1393/1393
f 1373/1395/1395 423/434/434 1374/1397/1397
f 1374/1397/1397 1372/1396/1396 1373/1395/1395
f 1363/1388/1388 1365/1387/1387 1369/1392/1392
f 1369/1392/1392 1370/1394/1394 1363/1388/1388
f 1370/1394/1394 1372/1396/1396 1363/1388/1388
f 1256/1278/1278 1199/1224/1224 1235/1260/1260
f 1375/1398/1398 1235/1260/1260 1238/1261/1261
f 1235/1260/1260 1375/1398/1398 1256/1278/1278
f 1237/1262/1262 1376/1384/1384 1238/1261/1261
f 1376/1384/1384 1237/1262/1262 1219/1244/1244
f 1219/1244/1244 1377/1399/1399 1376/1384/1384
f 1375/1398/1398 1238/1261/1261 1376/1384/1384
f 1377/1399/1399 1362/1385/1385 1376/1384/1384
f 1361/1383/1383 1375/1398/1398 1376/1384/1384
f 1258/1280/1280 1256/1278/1278 1375/1398/1398
f 1375/1398/1398 1361/1383/1383 1258/1280/1280
f 1378/1400/1400 1379/1401/1401 1380/1402/1402
f 1378/1400/1400 1380/1402/1402 1381/1403/1403
f 1382/1404/1404 1378/1400/1400 1381/1403/1403
f 1381/1403/1403 1383/1405/1405 1382/1404/1404
f 1383/1405/1405 1381/1403/1403 1121/1406/1406
f 1121/1406/1406 1120/1144/1144 1383/1405/1405
f 1119/1143/1143 1383/1405/1405 1120/1144/1144
f 1384/1407/1407 1383/1405/1405 1119/1143/1143
f 1119/1143/1143 1117/1141/1141 1384/1407/1407
f 1117/1141/1141 1116/1140/1140 1384/1407/1407
f 1385/1408/1408 1382/1404/1404 1383/1405/1405
f 1383/1405/1405 1384/1407/1407 1385/1408/1408
f 1387/1409/1409 1386/1410/1410 1102/1126/1126
f 1102/1126/1126 1388/1411/1411 1387/1409/1409
f 1388/1411/1411 1102/1126/1126 1389/1412/1412
f 1389/1412/1412 1390/1413/1413 1388/1411/1411
f 1391/1414/1414 1088/1113/1113 1086/1110/1110
f 1391/1414/1414 1393/1415/1415 1392/1416/1416
f 1086/1110/1110 1393/1415/1415 1391/1414/1414
f 1393/1415/1415 1086/1110/1110 1085/1112/1112
f 1085/1112/1112 1094/1118/1118 1393/1415/1415
f 1393/1415/1415 1094/1118/1118 1392/1416/1416
f 1102/1126/1126 1392/1416/1416 1094/1118/1118
f 1392/1416/1416 1102/1126/1126 1386/1410/1410
f 1394/1417/1417 1088/1113/1113 1391/1414/1414
f 1394/1417/1417 1391/1414/1414 1392/1416/1416
f 1392/1416/1416 1395/1418/1418 1394/1417/1417
f 1396/1419/1419 1392/1416/1416 1386/1410/1410
f 1395/1418/1418 1392/1416/1416 1396/1419/1419
f 1398/1420/1420 1396/1419/1419 1420/1421/1421
f 1420/1421/1421 1397/1422/1422 1398/1420/1420
f 1398/1420/1420 1395/1418/1418 1396/1419/1419
f 1400/1423/1423 1399/1424/1424 1401/1425/1425
f 1402/1426/1426 1400/1423/1423 1403/1427/1427
f 1402/1426/1426 1399/1424/1424 1400/1423/1423
f 1404/1428/1428 1401/1425/1425 1399/1424/1424
f 1399/1424/1424 1405/1429/1429 1406/1430/1430
f 1399/1424/1424 1406/1430/1430 1404/1428/1428
f 1409/1431/1431 1407/1432/1432 1408/1433/1433
f 1408/1433/1433 1411/1434/1434 1415/1435/1435
f 1408/1433/1433 1088/1113/1113 1394/1417/1417
f 1395/1418/1418 1409/1431/1431 1408/1433/1433
f 1408/1433/1433 1394/1417/1417 1395/1418/1418
f 1408/1433/1433 1407/1432/1432 1410/1436/1436
f 338/348/348 336/347/347 339/1437/1437
f 1411/1434/1434 1410/1436/1436 339/1437/1437
f 1411/1434/1434 339/1437/1437 336/347/347
f 336/347/347 337/349/349 1411/1434/1434
f 1411/1434/1434 1408/1433/1433 1410/1436/1436
f 1089/1114/1114 1088/1113/1113 1408/1433/1433
f 1412/1438/1438 1089/1114/1114 1408/1433/1433
f 1408/1433/1433 1413/1439/1439 1412/1438/1438
f 1413/1439/1439 1408/1433/1433 1415/1435/1435
f 1415/1435/1435 1414/1440/1440 1413/1439/1439
f 1416/1441/1441 1415/1435/1435 1411/1434/1434
f 1405/1429/1429 325/336/336 1406/1430/1430
f 325/336/336 1405/1429/1429 326/337/337
f 1404/1428/1428 1406/1430/1430 325/336/336
f 2261/901/901 1405/1429/1429 880/897/897
f 326/337/337 1405/1429/1429 2261/901/901
f 1402/1426/1426 880/897/897 1399/1424/1424
f 1405/1429/1429 1399/1424/1424 880/897/897
f 864/880/880 1418/1442/1442 1417/1443/1443
f 864/880/880 1417/1443/1443 863/879/879
f 1421/869/869 1419/871/871 1397/1422/1422
f 1397/1422/1422 1420/1421/1421 1421/869/869
f 1420/1421/1421 1396/1419/1419 1387/1409/1409
f 1396/1419/1419 1386/1410/1410 1387/1409/1409
f 1388/1411/1411 1390/1413/1413 1422/1444/1444
f 1388/1411/1411 1422/1444/1444 1423/1445/1445
f 1423/1445/1445 1424/860/860 1388/1411/1411
f 1424/860/860 1423/1445/1445 852/865/865
f 1424/860/860 1421/869/869 1388/1411/1411
f 1424/860/860 848/862/862 1421/869/869
f 1388/1411/1411 1421/869/869 1420/1421/1421
f 1388/1411/1411 1420/1421/1421 1387/1409/1409
f 1427/1446/1446 1428/1447/1447 1425/1448/1448
f 1425/1448/1448 1428/1447/1447 1429/1449/1449
f 1428/1447/1447 1427/1446/1446 1430/1450/1450
f 1430/1450/1450 1431/1451/1451 1428/1447/1447
f 1431/1451/1451 1432/1452/1452 1428/1447/1447
f 1433/1453/1453 1428/1447/1447 1432/1452/1452
f 1434/1454/1454 1428/1447/1447 1433/1453/1453
f 1437/1455/1455 1435/1456/1456 1436/1457/1457
f 1434/1454/1454 1433/1453/1453 1438/1458/1458
f 1436/1457/1457 1438/1458/1458 1433/1453/1453
f 1439/1459/1459 1436/1457/1457 1433/1453/1453
f 1436/1457/1457 1439/1459/1459 1437/1455/1455
f 1441/1460/1460 1442/1461/1461 1443/1462/1462
f 1441/1460/1460 1443/1462/1462 1444/1463/1463
f 1445/1464/1464 1441/1460/1460 1444/1463/1463
f 1444/1463/1463 1446/1465/1465 1445/1464/1464
f 1441/1460/1460 1445/1464/1464 1447/1466/1466
f 1446/1465/1465 1448/1467/1467 1449/1468/1468
f 1449/1468/1468 1450/1469/1469 1446/1465/1465
f 1446/1465/1465 1444/1463/1463 1448/1467/1467
f 1451/1470/1470 1446/1465/1465 1450/1469/1469
f 1450/1469/1469 1435/1456/1456 1451/1470/1470
f 1452/1471/1471 1446/1465/1465 1451/1470/1470
f 1452/1471/1471 1445/1464/1464 1446/1465/1465
f 1445/1464/1464 1452/1471/1471 2324/1472/1472
f 1454/1473/1473 1455/1474/1474 1453/1475/1475
f 1453/1475/1475 1452/1471/1471 1451/1470/1470
f 1452/1471/1471 1453/1475/1475 1455/1474/1474
f 1455/1474/1474 2324/1472/1472 1452/1471/1471
f 1435/1456/1456 1437/1455/1455 1440/1476/1476
f 1453/1475/1475 1451/1470/1470 1440/1476/1476
f 1440/1476/1476 1451/1470/1470 1435/1456/1456
f 1438/1458/1458 1456/1477/1477 1434/1454/1454
f 1456/1477/1477 1438/1458/1458 1436/1457/1457
f 1436/1457/1457 1457/1478/1478 1456/1477/1477
f 1458/1479/1479 1434/1454/1454 1456/1477/1477
f 1457/1478/1478 1436/1457/1457 1435/1456/1456
f 1435/1456/1456 1459/1480/1480 1457/1478/1478
f 1435/1456/1456 1450/1469/1469 1459/1480/1480
f 1460/1481/1481 1457/1478/1478 1459/1480/1480
f 1459/1480/1480 1461/1482/1482 1460/1481/1481
f 1461/1482/1482 1459/1480/1480 1450/1469/1469
f 1450/1469/1469 1449/1468/1468 1461/1482/1482
f 1462/1483/1483 1461/1482/1482 1449/1468/1468
f 1461/1482/1482 1462/1483/1483 1460/1481/1481
f 1463/1484/1484 1458/1479/1479 1456/1477/1477
f 1456/1477/1477 1464/1485/1485 1463/1484/1484
f 1464/1485/1485 1456/1477/1477 1457/1478/1478
f 1457/1478/1478 1460/1481/1481 1464/1485/1485
f 1465/1486/1486 1463/1484/1484 1464/1485/1485
f 1466/1487/1487 1384/1407/1407 1467/1488/1488
f 1469/1489/1489 1467/1488/1488 1468/1490/1490
f 1467/1488/1488 1469/1489/1489 1466/1487/1487
f 1469/1489/1489 1468/1490/1490 1470/1491/1491
f 1385/1408/1408 1384/1407/1407 1466/1487/1487
f 1382/1404/1404 1385/1408/1408 1466/1487/1487
f 1466/1487/1487 1378/1400/1400 1382/1404/1404
f 1378/1400/1400 1466/1487/1487 1472/1492/1492
f 1473/1493/1493 1378/1400/1400 1472/1492/1492
f 1473/1493/1493 1474/1494/1494 1475/1495/1495
f 1476/1496/1496 1378/1400/1400 1473/1493/1493
f 1473/1493/1493 1475/1495/1495 1476/1496/1496
f 1378/1400/1400 1476/1496/1496 1379/1401/1401
f 1284/1306/1306 1477/1497/1497 1116/1140/1140
f 1477/1497/1497 1284/1306/1306 1287/1308/1308
f 1287/1308/1308 1478/1498/1498 1477/1497/1497
f 1384/1407/1407 1116/1140/1140 1477/1497/1497
f 1478/1498/1498 1287/1308/1308 1289/1311/1311
f 1289/1311/1311 1290/1312/1312 1478/1498/1498
f 1480/1499/1499 1478/1498/1498 1290/1312/1312
f 1480/1499/1499 1290/1312/1312 1479/1500/1500
f 1479/1500/1500 1471/1501/1501 1480/1499/1499
f 1470/1491/1491 1480/1499/1499 1471/1501/1501
f 1480/1499/1499 1470/1491/1491 1468/1490/1490
f 1477/1497/1497 1478/1498/1498 1384/1407/1407
f 1467/1488/1488 1478/1498/1498 1480/1499/1499
f 1480/1499/1499 1468/1490/1490 1467/1488/1488
f 1478/1498/1498 1467/1488/1488 1384/1407/1407
f 1412/1438/1438 2268/1211/1211 1185/1208/1208
f 1412/1438/1438 1185/1208/1208 1089/1114/1114
f 1482/1502/1502 1483/1503/1503 1485/1504/1504
f 1582/1505/1505 1487/1506/1506 1486/1507/1507
f 1487/1506/1506 1582/1505/1505 1481/1508/1508
f 1481/1508/1508 1488/1509/1509 1487/1506/1506
f 1489/1510/1510 1486/1507/1507 1487/1506/1506
f 1492/1511/1511 1490/1512/1512 1491/1513/1513
f 1494/1514/1514 1502/1515/1515 1493/1516/1516
f 1502/1515/1515 1488/1509/1509 1493/1516/1516
f 1491/1513/1513 1493/1516/1516 1492/1511/1511
f 1495/1517/1517 1492/1511/1511 1493/1516/1516
f 1496/1518/1518 1498/1519/1519 1497/1520/1520
f 1497/1520/1520 1490/1512/1512 1492/1511/1511
f 1485/1504/1504 1497/1520/1520 1492/1511/1511
f 1510/1521/1521 1500/1522/1522 1498/1519/1519
f 1511/1523/1523 1510/1521/1521 1498/1519/1519
f 1498/1519/1519 1499/1524/1524 1511/1523/1523
f 1498/1519/1519 1500/1522/1522 1497/1520/1520
f 1490/1512/1512 1497/1520/1520 1500/1522/1522
f 1490/1512/1512 1501/1525/1525 1491/1513/1513
f 1493/1516/1516 1491/1513/1513 1501/1525/1525
f 1494/1514/1514 1493/1516/1516 1501/1525/1525
f 1494/1514/1514 1509/1526/1526 1502/1515/1515
f 1501/1525/1525 1509/1526/1526 1494/1514/1514
f 1509/1526/1526 1504/1527/1527 1503/1528/1528
f 1509/1526/1526 1503/1528/1528 1502/1515/1515
f 1502/1515/1515 1487/1506/1506 1488/1509/1509
f 1487/1506/1506 1502/1515/1515 1489/1510/1510
f 1503/1528/1528 1486/1507/1507 1489/1510/1510
f 1489/1510/1510 1502/1515/1515 1503/1528/1528
f 1486/1507/1507 1503/1528/1528 1040/1071/1071
f 1505/1529/1529 1040/1071/1071 1503/1528/1528
f 1040/1071/1071 1505/1529/1529 1041/1069/1069
f 1035/1064/1064 1041/1069/1069 1505/1529/1529
f 1506/1530/1530 1514/1531/1531 1512/1532/1532
f 1506/1530/1530 1512/1532/1532 1507/1533/1533
f 1514/1531/1531 1506/1530/1530 1503/1528/1528
f 1514/1531/1531 1503/1528/1528 1504/1527/1527
f 1039/1068/1068 1036/1065/1065 1038/1067/1067
f 1038/1067/1067 1035/1064/1064 1505/1529/1529
f 1505/1529/1529 1503/1528/1528 1506/1530/1530
f 1508/1534/1534 1039/1068/1068 1038/1067/1067
f 1038/1067/1067 1505/1529/1529 1506/1530/1530
f 1038/1067/1067 1506/1530/1530 1508/1534/1534
f 1513/1535/1535 1509/1526/1526 1511/1523/1523
f 1501/1525/1525 1510/1521/1521 1509/1526/1526
f 1511/1523/1523 1509/1526/1526 1510/1521/1521
f 1512/1532/1532 1513/1535/1535 1511/1523/1523
f 1509/1526/1526 1513/1535/1535 1504/1527/1527
f 1514/1531/1531 1504/1527/1527 1513/1535/1535
f 1500/1522/1522 1510/1521/1521 1501/1525/1525
f 1501/1525/1525 1490/1512/1512 1500/1522/1522
f 1516/1536/1536 1515/1537/1537 1517/1538/1538
f 1517/1538/1538 1518/1539/1539 1516/1536/1536
f 1511/1523/1523 1519/1540/1540 1517/1538/1538
f 1517/1538/1538 1515/1537/1537 1511/1523/1523
f 1517/1538/1538 1658/1541/1541 1518/1539/1539
f 1499/1524/1524 1520/1542/1542 1517/1538/1538
f 1517/1538/1538 1519/1540/1540 1499/1524/1524
f 1523/1543/1543 1521/1544/1544 1522/1545/1545
f 1516/1536/1536 1524/1546/1546 1515/1537/1537
f 1524/1546/1546 1516/1536/1536 1525/1547/1547
f 1522/1545/1545 1527/1548/1548 1526/1549/1549
f 1522/1545/1545 1700/1550/1550 1527/1548/1548
f 1690/1551/1551 1526/1549/1549 1527/1548/1548
f 1700/1550/1550 1522/1545/1545 1528/1552/1552
f 1528/1552/1552 1522/1545/1545 1521/1544/1544
f 1522/1545/1545 1526/1549/1549 1529/1553/1553
f 1529/1553/1553 1523/1543/1543 1522/1545/1545
f 1519/1540/1540 1511/1523/1523 1499/1524/1524
f 1499/1524/1524 1532/1554/1554 1530/1555/1555
f 1499/1524/1524 1530/1555/1555 1652/1556/1556
f 1531/1557/1557 1532/1554/1554 1496/1518/1518
f 1532/1554/1554 1531/1557/1557 1530/1555/1555
f 1499/1524/1524 1496/1518/1518 1532/1554/1554
f 1496/1518/1518 1499/1524/1524 1498/1519/1519
f 1488/1509/1509 1533/1558/1558 1493/1516/1516
f 1495/1517/1517 1493/1516/1516 1533/1558/1558
f 1533/1558/1558 1488/1509/1509 1481/1508/1508
f 1482/1502/1502 1495/1517/1517 1533/1558/1558
f 1495/1517/1517 1482/1502/1502 1485/1504/1504
f 1492/1511/1511 1495/1517/1517 1485/1504/1504
f 1483/1503/1503 1534/1559/1559 1535/1560/1560
f 1485/1504/1504 1483/1503/1503 1535/1560/1560
f 1534/1559/1559 1483/1503/1503 1484/1561/1561
f 1534/1559/1559 1541/1562/1562 1536/1563/1563
f 1539/1564/1564 1537/1565/1565 1536/1563/1563
f 1538/1566/1566 1539/1564/1564 1536/1563/1563
f 1540/1567/1567 1539/1564/1564 1538/1566/1566
f 1541/1562/1562 1538/1566/1566 1536/1563/1563
f 1534/1559/1559 1536/1563/1563 1537/1565/1565
f 1535/1560/1560 1534/1559/1559 1497/1520/1520
f 1497/1520/1520 1485/1504/1504 1535/1560/1560
f 1534/1559/1559 1537/1565/1565 1497/1520/1520
f 1531/1557/1557 1496/1518/1518 1537/1565/1565
f 1537/1565/1565 1496/1518/1518 1497/1520/1520
f 1542/1568/1568 1531/1557/1557 1537/1565/1565
f 1539/1564/1564 1542/1568/1568 1537/1565/1565
f 1543/1569/1569 1541/1562/1562 1534/1559/1559
f 1534/1559/1559 1484/1561/1561 1543/1569/1569
f 1538/1566/1566 1541/1562/1562 1543/1569/1569
f 1538/1566/1566 1544/1570/1570 1540/1567/1567
f 1540/1567/1567 1547/1571/1571 1546/1572/1572
f 1545/1573/1573 1548/1574/1574 1550/1575/1575
f 1549/1576/1576 1550/1575/1575 1548/1574/1574
f 1550/1575/1575 1549/1576/1576 1551/1577/1577
f 1546/1572/1572 1545/1573/1573 1540/1567/1567
f 1539/1564/1564 1545/1573/1573 1550/1575/1575
f 1540/1567/1567 1545/1573/1573 1539/1564/1564
f 1553/1578/1578 1549/1576/1576 1552/1579/1579
f 1565/1580/1580 1552/1579/1579 1548/1574/1574
f 1552/1579/1579 1549/1576/1576 1548/1574/1574
f 1547/1571/1571 1540/1567/1567 1554/1581/1581
f 1547/1571/1571 1554/1581/1581 1555/1582/1582
f 1546/1572/1572 1547/1571/1571 1555/1582/1582
f 1555/1582/1582 1556/1583/1583 1546/1572/1572
f 1556/1583/1583 1557/1584/1584 1546/1572/1572
f 1557/1584/1584 1558/1585/1585 1545/1573/1573
f 1545/1573/1573 1546/1572/1572 1557/1584/1584
f 1559/1586/1586 1557/1584/1584 1556/1583/1583
f 1559/1586/1586 1556/1583/1583 1555/1582/1582
f 1555/1582/1582 1560/1587/1587 1559/1586/1586
f 2441/1588/1588 1557/1584/1584 1559/1586/1586
f 1557/1584/1584 1562/1589/1589 1558/1585/1585
f 1562/1589/1589 1557/1584/1584 2441/1588/1588
f 1563/1590/1590 1558/1585/1585 1562/1589/1589
f 1562/1589/1589 1564/1591/1591 1563/1590/1590
f 1548/1574/1574 1545/1573/1573 1558/1585/1585
f 1565/1580/1580 1548/1574/1574 1558/1585/1585
f 1558/1585/1585 1563/1590/1590 1565/1580/1580
f 1560/1587/1587 1561/1592/1592 1566/1593/1593
f 1559/1586/1586 1560/1587/1587 1566/1593/1593
f 1566/1593/1593 2441/1588/1588 1559/1586/1586
f 1568/1594/1594 1561/1592/1592 1567/1595/1595
f 1570/1596/1596 1567/1595/1595 1571/1597/1597
f 1571/1597/1597 1573/1598/1598 1570/1596/1596
f 1569/1599/1599 1568/1594/1594 1570/1596/1596
f 1567/1595/1595 1570/1596/1596 1568/1594/1594
f 1567/1595/1595 1561/1592/1592 1555/1582/1582
f 1561/1592/1592 1560/1587/1587 1555/1582/1582
f 1555/1582/1582 1571/1597/1597 1567/1595/1595
f 1571/1597/1597 1572/1600/1600 1573/1598/1598
f 1571/1597/1597 1555/1582/1582 1554/1581/1581
f 1571/1597/1597 1554/1581/1581 1544/1570/1570
f 1540/1567/1567 1544/1570/1570 1554/1581/1581
f 1572/1600/1600 1574/1601/1601 2417/1602/1602
f 1575/1603/1603 2417/1602/1602 1574/1601/1601
f 1577/1604/1604 1575/1603/1603 1574/1601/1601
f 1574/1601/1601 1572/1600/1600 1576/1605/1605
f 1576/1605/1605 1577/1604/1604 1574/1601/1601
f 1538/1566/1566 1543/1569/1569 1544/1570/1570
f 1576/1605/1605 1544/1570/1570 1543/1569/1569
f 1572/1600/1600 1571/1597/1597 1544/1570/1570
f 1576/1605/1605 1572/1600/1600 1544/1570/1570
f 1543/1569/1569 1484/1561/1561 1578/1606/1606
f 1578/1606/1606 1579/1607/1607 1543/1569/1569
f 1579/1607/1607 1576/1605/1605 1543/1569/1569
f 1483/1503/1503 1580/1608/1608 1578/1606/1606
f 1483/1503/1503 1578/1606/1606 1484/1561/1561
f 1483/1503/1503 1482/1502/1502 1580/1608/1608
f 1533/1558/1558 1580/1608/1608 1482/1502/1502
f 1533/1558/1558 1481/1508/1508 1580/1608/1608
f 1578/1606/1606 1580/1608/1608 1581/1609/1609
f 1040/1071/1071 1582/1505/1505 1486/1507/1507
f 1481/1508/1508 1582/1505/1505 1042/1070/1070
f 1582/1505/1505 1040/1071/1071 1042/1070/1070
f 1043/1073/1073 1044/1610/1610 1583/1611/1611
f 1042/1070/1070 1583/1611/1611 1584/1612/1612
f 1583/1611/1611 1042/1070/1070 1043/1073/1073
f 1584/1612/1612 1580/1608/1608 1042/1070/1070
f 1580/1608/1608 1481/1508/1508 1042/1070/1070
f 1578/1606/1606 1581/1609/1609 1585/1613/1613
f 1585/1613/1613 1581/1609/1609 1588/1614/1614
f 1579/1607/1607 1578/1606/1606 1585/1613/1613
f 1585/1613/1613 1586/1615/1615 1579/1607/1607
f 1583/1611/1611 1044/1610/1610 2374/1616/1616
f 1583/1611/1611 2374/1616/1616 1587/1617/1617
f 1584/1612/1612 1583/1611/1611 1587/1617/1617
f 1587/1617/1617 1588/1614/1614 1584/1612/1612
f 1581/1609/1609 1584/1612/1612 1588/1614/1614
f 1584/1612/1612 1581/1609/1609 1580/1608/1608
f 1586/1615/1615 1589/1618/1618 1579/1607/1607
f 1576/1605/1605 1579/1607/1607 1589/1618/1618
f 1589/1618/1618 1577/1604/1604 1576/1605/1605
f 1590/1619/1619 1531/1557/1557 1542/1568/1568
f 1590/1619/1619 1542/1568/1568 1539/1564/1564
f 1550/1575/1575 1591/1620/1620 1590/1619/1619
f 1590/1619/1619 1539/1564/1564 1550/1575/1575
f 1550/1575/1575 1551/1577/1577 1626/1621/1621
f 1626/1621/1621 1591/1620/1620 1550/1575/1575
f 1592/1622/1622 1553/1578/1578 1595/1623/1623
f 1595/1623/1623 1553/1578/1578 1593/1624/1624
f 1593/1624/1624 1594/1625/1625 1595/1623/1623
f 1593/1624/1624 1553/1578/1578 1607/1626/1626
f 1597/1627/1627 1596/1628/1628 1598/1629/1629
f 1600/1630/1630 1601/1631/1631 1598/1629/1629
f 1602/1632/1632 1598/1629/1629 1601/1631/1631
f 1601/1631/1631 1600/1630/1630 1603/1633/1633
f 1601/1631/1631 2426/1634/1634 1604/1635/1635
f 1602/1632/1632 1604/1635/1635 1605/1636/1636
f 1604/1635/1635 1602/1632/1632 1601/1631/1631
f 1608/1637/1637 1607/1626/1626 1553/1578/1578
f 1553/1578/1578 1609/1638/1638 1608/1637/1637
f 1610/1639/1639 1608/1637/1637 1609/1638/1638
f 1607/1626/1626 1608/1637/1637 1606/1640/1640
f 1611/1641/1641 1606/1640/1640 1608/1637/1637
f 1607/1626/1626 1606/1640/1640 1612/1642/1642
f 1607/1626/1626 1612/1642/1642 1593/1624/1624
f 1599/1643/1643 1602/1632/1632 1613/1644/1644
f 1599/1643/1643 1597/1627/1627 1602/1632/1632
f 1598/1629/1629 1602/1632/1632 1597/1627/1627
f 1605/1636/1636 1613/1644/1644 1602/1632/1632
f 1618/1645/1645 2152/1646/1646 1617/1647/1647
f 1617/1647/1647 1614/1648/1648 1618/1645/1645
f 1594/1625/1625 1620/1649/1649 1595/1623/1623
f 1624/1650/1650 1621/1651/1651 1620/1649/1649
f 1620/1649/1649 1621/1651/1651 1595/1623/1623
f 1617/1647/1647 1599/1643/1643 1614/1648/1648
f 1621/1651/1651 1623/1652/1652 1595/1623/1623
f 1624/1650/1650 1623/1652/1652 1621/1651/1651
f 1626/1621/1621 1551/1577/1577 1592/1622/1622
f 1626/1621/1621 1592/1622/1622 1625/1653/1653
f 1627/1654/1654 1625/1653/1653 1623/1652/1652
f 1625/1653/1653 1627/1654/1654 1628/1655/1655
f 1629/1656/1656 1645/1657/1657 1627/1654/1654
f 1627/1654/1654 1623/1652/1652 1629/1656/1656
f 1631/1658/1658 1629/1656/1656 1630/1659/1659
f 1630/1659/1659 1632/1660/1660 1631/1658/1658
f 1633/1661/1661 1632/1660/1660 1630/1659/1659
f 1630/1659/1659 1629/1656/1656 1623/1652/1652
f 1623/1652/1652 1624/1650/1650 1630/1659/1659
f 1633/1661/1661 1630/1659/1659 1624/1650/1650
f 1634/1662/1662 1632/1660/1660 1666/1663/1663
f 1632/1660/1660 1634/1662/1662 1631/1658/1658
f 1636/1664/1664 1637/1665/1665 1635/1666/1666
f 1637/1665/1665 1638/1667/1667 1635/1666/1666
f 1638/1667/1667 1637/1665/1665 1639/1668/1668
f 1639/1668/1668 1629/1656/1656 1631/1658/1658
f 1631/1658/1658 1638/1667/1667 1639/1668/1668
f 1634/1662/1662 1635/1666/1666 1638/1667/1667
f 1631/1658/1658 1634/1662/1662 1638/1667/1667
f 1640/1669/1669 1636/1664/1664 1635/1666/1666
f 1640/1669/1669 1635/1666/1666 1634/1662/1662
f 1641/1670/1670 1640/1669/1669 1634/1662/1662
f 1634/1662/1662 1666/1663/1663 1641/1670/1670
f 1644/1671/1671 1642/1672/1672 1643/1673/1673
f 1643/1673/1673 1627/1654/1654 1644/1671/1671
f 1627/1654/1654 1645/1657/1657 1644/1671/1671
f 1627/1654/1654 1643/1673/1673 1628/1655/1655
f 1645/1657/1657 1629/1656/1656 1639/1668/1668
f 1639/1668/1668 1644/1671/1671 1645/1657/1657
f 1644/1671/1671 1639/1668/1668 1637/1665/1665
f 1642/1672/1672 1626/1621/1621 1643/1673/1673
f 1628/1655/1655 1643/1673/1673 1626/1621/1621
f 1626/1621/1621 1625/1653/1653 1628/1655/1655
f 1642/1672/1672 1646/1674/1674 1626/1621/1621
f 1591/1620/1620 1626/1621/1621 1646/1674/1674
f 1637/1665/1665 1647/1675/1675 1644/1671/1671
f 1647/1675/1675 1637/1665/1665 1648/1676/1676
f 1647/1675/1675 1703/1677/1677 1649/1678/1678
f 1646/1674/1674 1649/1678/1678 1703/1677/1677
f 1647/1675/1675 1649/1678/1678 1644/1671/1671
f 1649/1678/1678 1646/1674/1674 1642/1672/1672
f 1642/1672/1672 1644/1671/1671 1649/1678/1678
f 1623/1652/1652 1625/1653/1653 1592/1622/1622
f 1592/1622/1622 1595/1623/1623 1623/1652/1652
f 1551/1577/1577 1549/1576/1576 1592/1622/1622
f 1549/1576/1576 1553/1578/1578 1592/1622/1622
f 1651/1679/1679 1531/1557/1557 1590/1619/1619
f 1703/1677/1677 1651/1679/1679 1590/1619/1619
f 1590/1619/1619 1591/1620/1620 1703/1677/1677
f 1646/1674/1674 1703/1677/1677 1591/1620/1620
f 1531/1557/1557 1651/1679/1679 1650/1680/1680
f 1650/1680/1680 1530/1555/1555 1531/1557/1557
f 1651/1679/1679 1652/1556/1556 1650/1680/1680
f 1703/1677/1677 1648/1676/1676 1651/1679/1679
f 1652/1556/1556 1651/1679/1679 1648/1676/1676
f 1648/1676/1676 1653/1681/1681 1652/1556/1556
f 1636/1664/1664 1640/1669/1669 1655/1682/1682
f 1656/1683/1683 1655/1682/1682 1640/1669/1669
f 1655/1682/1682 1656/1683/1683 1654/1684/1684
f 1654/1684/1684 1656/1683/1683 1657/1685/1685
f 1654/1684/1684 1652/1556/1556 1653/1681/1681
f 1652/1556/1556 1654/1684/1684 1657/1685/1685
f 1650/1680/1680 1652/1556/1556 1530/1555/1555
f 1657/1685/1685 1520/1542/1542 1652/1556/1556
f 1660/1686/1686 1658/1541/1541 1520/1542/1542
f 1520/1542/1542 1657/1685/1685 1656/1683/1683
f 1656/1683/1683 1660/1686/1686 1520/1542/1542
f 1656/1683/1683 1640/1669/1669 1659/1687/1687
f 1659/1687/1687 1660/1686/1686 1656/1683/1683
f 1640/1669/1669 1641/1670/1670 1659/1687/1687
f 1659/1687/1687 1662/1688/1688 1661/1689/1689
f 1663/1690/1690 1666/1663/1663 1664/1691/1691
f 1666/1663/1663 1632/1660/1660 1664/1691/1691
f 1665/1692/1692 1664/1691/1691 1632/1660/1660
f 1632/1660/1660 1633/1661/1661 1665/1692/1692
f 1663/1690/1690 1662/1688/1688 1659/1687/1687
f 1663/1690/1690 1659/1687/1687 1641/1670/1670
f 1641/1670/1670 1666/1663/1663 1663/1690/1690
f 1663/1690/1690 1667/1693/1693 1662/1688/1688
f 1668/1694/1694 1669/1695/1695 1671/1696/1696
f 1671/1696/1696 1670/1697/1697 1668/1694/1694
f 1663/1690/1690 1673/1698/1698 1672/1699/1699
f 1672/1699/1699 1667/1693/1693 1663/1690/1690
f 1674/1700/1700 1675/1701/1701 1668/1694/1694
f 1677/1702/1702 1678/1703/1703 1679/1704/1704
f 1674/1700/1700 1677/1702/1702 1680/1705/1705
f 1677/1702/1702 1674/1700/1700 1676/1706/1706
f 1679/1704/1704 1680/1705/1705 1677/1702/1702
f 1668/1694/1694 1676/1706/1706 1674/1700/1700
f 1676/1706/1706 1668/1694/1694 1670/1697/1697
f 1676/1706/1706 2131/1707/1707 1677/1702/1702
f 1675/1701/1701 1681/1708/1708 1668/1694/1694
f 1668/1694/1694 1681/1708/1708 1682/1709/1709
f 1682/1709/1709 1669/1695/1695 1668/1694/1694
f 1683/1710/1710 1664/1691/1691 1665/1692/1692
f 1664/1691/1691 1683/1710/1710 1663/1690/1690
f 1683/1710/1710 1673/1698/1698 1663/1690/1690
f 1684/1711/1711 1673/1698/1698 1683/1710/1710
f 1683/1710/1710 1685/1712/1712 1684/1711/1711
f 1683/1710/1710 1665/1692/1692 1685/1712/1712
f 1054/1075/1075 1686/1713/1713 1688/1714/1714
f 1692/1715/1715 1686/1713/1713 1054/1075/1075
f 1527/1548/1548 1692/1715/1715 1689/1716/1716
f 1690/1551/1551 1689/1716/1716 1691/1717/1717
f 1527/1548/1548 1689/1716/1716 1690/1551/1551
f 1700/1550/1550 1692/1715/1715 1527/1548/1548
f 1689/1716/1716 1692/1715/1715 1058/1087/1087
f 1059/1086/1086 1058/1087/1087 1692/1715/1715
f 1054/1075/1075 1059/1086/1086 1692/1715/1715
f 1690/1551/1551 1691/1717/1717 1693/1718/1718
f 1694/1719/1719 1695/1720/1720 1696/1721/1721
f 1696/1721/1721 1697/1722/1722 1694/1719/1719
f 1694/1719/1719 1693/1718/1718 1695/1720/1720
f 1690/1551/1551 1693/1718/1718 1694/1719/1719
f 1698/1061/1061 1689/1716/1716 1058/1087/1087
f 1691/1717/1717 1689/1716/1716 1031/1060/1060
f 1031/1060/1060 1699/1723/1723 1691/1717/1717
f 1699/1723/1723 1695/1720/1720 1693/1718/1718
f 1699/1723/1723 1693/1718/1718 1691/1717/1717
f 1686/1713/1713 1528/1552/1552 1687/1724/1724
f 1686/1713/1713 1700/1550/1550 1528/1552/1552
f 1700/1550/1550 1686/1713/1713 1692/1715/1715
f 1701/1725/1725 1681/1708/1708 1675/1701/1701
f 1675/1701/1701 1055/1085/1085 1054/1075/1075
f 1701/1725/1725 1675/1701/1701 1054/1075/1075
f 1688/1714/1714 1701/1725/1725 1054/1075/1075
f 1517/1538/1538 1520/1542/1542 1658/1541/1541
f 1652/1556/1556 1520/1542/1542 1499/1524/1524
f 1654/1684/1684 1702/1726/1726 1655/1682/1682
f 1702/1726/1726 1654/1684/1684 1653/1681/1681
f 1653/1681/1681 1648/1676/1676 1702/1726/1726
f 1637/1665/1665 1636/1664/1664 1655/1682/1682
f 1637/1665/1665 1655/1682/1682 1702/1726/1726
f 1702/1726/1726 1648/1676/1676 1637/1665/1665
f 1703/1677/1677 1647/1675/1675 1648/1676/1676
f 1705/1727/1727 1706/1728/1728 1704/1729/1729
f 1706/1728/1728 1705/1727/1727 1707/1730/1730
f 1707/1730/1730 1708/1731/1731 1706/1728/1728
f 1706/1728/1728 1710/1732/1732 1704/1729/1729
f 1704/1729/1729 1710/1732/1732 1711/1733/1733
f 1706/1728/1728 1712/1734/1734 1710/1732/1732
f 1712/1734/1734 1717/1735/1735 1710/1732/1732
f 1713/1736/1736 1710/1732/1732 1717/1735/1735
f 1710/1732/1732 1713/1736/1736 1711/1733/1733
f 1712/1734/1734 1706/1728/1728 1715/1737/1737
f 1715/1737/1737 1714/1738/1738 1712/1734/1734
f 1715/1737/1737 1810/1739/1739 1714/1738/1738
f 1715/1737/1737 1716/1740/1740 1810/1739/1739
f 1717/1735/1735 1712/1734/1734 1714/1738/1738
f 1724/1741/1741 1716/1740/1740 1718/1742/1742
f 1719/1743/1743 1718/1742/1742 1716/1740/1740
f 1716/1740/1740 1715/1737/1737 1719/1743/1743
f 1715/1737/1737 1706/1728/1728 1708/1731/1731
f 1709/1744/1744 1719/1743/1743 1715/1737/1737
f 1715/1737/1737 1708/1731/1731 1709/1744/1744
f 1724/1741/1741 1718/1742/1742 1720/1745/1745
f 1720/1745/1745 1721/1746/1746 1724/1741/1741
f 1721/1746/1746 1720/1745/1745 1722/1747/1747
f 1722/1747/1747 1723/1748/1748 1721/1746/1746
f 1725/1749/1749 1726/1750/1750 1722/1747/1747
f 1722/1747/1747 1726/1750/1750 1723/1748/1748
f 1726/1750/1750 1725/1749/1749 1727/1751/1751
f 1726/1750/1750 1727/1751/1751 1728/1752/1752
f 1729/1753/1753 1726/1750/1750 1728/1752/1752
f 1723/1748/1748 1726/1750/1750 1729/1753/1753
f 1729/1753/1753 1731/1754/1754 1730/1755/1755
f 1730/1755/1755 1723/1748/1748 1729/1753/1753
f 1723/1748/1748 1730/1755/1755 1721/1746/1746
f 1733/1756/1756 1734/1757/1757 1732/1758/1758
f 1734/1757/1757 1733/1756/1756 1735/1759/1759
f 1734/1757/1757 1736/1760/1760 1732/1758/1758
f 1735/1759/1759 1737/1761/1761 1734/1757/1757
f 1735/1759/1759 1738/1762/1762 1737/1761/1761
f 1739/1763/1763 1737/1761/1761 1738/1762/1762
f 1738/1762/1762 1740/1764/1764 1739/1763/1763
f 1736/1760/1760 1734/1757/1757 1737/1761/1761
f 1737/1761/1761 1739/1763/1763 1736/1760/1760
f 1741/1765/1765 1736/1760/1760 1739/1763/1763
f 1739/1763/1763 1742/1766/1766 1741/1765/1765
f 1742/1766/1766 1739/1763/1763 1740/1764/1764
f 1742/1766/1766 1731/1754/1754 1729/1753/1753
f 1728/1752/1752 1741/1765/1765 1742/1766/1766
f 1742/1766/1766 1729/1753/1753 1728/1752/1752
f 1743/1767/1767 1732/1758/1758 1736/1760/1760
f 1736/1760/1760 1741/1765/1765 1743/1767/1767
f 1728/1752/1752 1743/1767/1767 1741/1765/1765
f 1735/1759/1759 1745/1768/1768 1744/1769/1769
f 1747/1770/1770 1744/1769/1769 1745/1768/1768
f 1745/1768/1768 1746/1771/1771 1747/1770/1770
f 1745/1768/1768 1735/1759/1759 1733/1756/1756
f 1733/1756/1756 1748/1772/1772 1745/1768/1768
f 1733/1756/1756 1749/1773/1773 1748/1772/1772
f 1746/1771/1771 1745/1768/1768 1748/1772/1772
f 1750/1774/1774 1746/1771/1771 1748/1772/1772
f 1748/1772/1772 1751/1775/1775 1750/1774/1774
f 1752/1776/1776 1750/1774/1774 1751/1775/1775
f 1751/1775/1775 921/944/944 1752/1776/1776
f 1750/1774/1774 1752/1776/1776 1753/1777/1777
f 1754/1778/1778 1747/1770/1770 1746/1771/1771
f 1746/1771/1771 1750/1774/1774 1754/1778/1778
f 1755/1779/1779 1754/1778/1778 1750/1774/1774
f 1750/1774/1774 1753/1777/1777 1755/1779/1779
f 1738/1762/1762 1735/1759/1759 1744/1769/1769
f 1738/1762/1762 1744/1769/1769 1756/1780/1780
f 1756/1780/1780 1757/1781/1781 1738/1762/1762
f 1758/1782/1782 1738/1762/1762 1757/1781/1781
f 1738/1762/1762 1758/1782/1782 1740/1764/1764
f 1757/1781/1781 1756/1780/1780 1759/1783/1783
f 1759/1783/1783 1760/1784/1784 1757/1781/1781
f 1757/1781/1781 1762/1785/1785 1761/1786/1786
f 1762/1785/1785 1757/1781/1781 1760/1784/1784
f 1760/1784/1784 1763/1787/1787 1762/1785/1785
f 1742/1766/1766 1740/1764/1764 1758/1782/1782
f 1757/1781/1781 1761/1786/1786 1758/1782/1782
f 1731/1754/1754 1758/1782/1782 1761/1786/1786
f 1731/1754/1754 1742/1766/1766 1758/1782/1782
f 1764/1788/1788 1759/1783/1783 1765/1789/1789
f 1765/1789/1789 1766/1790/1790 1764/1788/1788
f 1767/1791/1791 1764/1788/1788 1766/1790/1790
f 1765/1789/1789 1768/1792/1792 1766/1790/1790
f 1769/1793/1793 1770/1794/1794 1768/1792/1792
f 1767/1791/1791 1766/1790/1790 1768/1792/1792
f 1771/1795/1795 1767/1791/1791 1768/1792/1792
f 1771/1795/1795 1768/1792/1792 1770/1794/1794
f 1772/1796/1796 1771/1795/1795 1770/1794/1794
f 1770/1794/1794 1773/1797/1797 1772/1796/1796
f 1774/1798/1798 1767/1791/1791 1771/1795/1795
f 1771/1795/1795 1772/1796/1796 1774/1798/1798
f 1756/1780/1780 1744/1769/1769 1747/1770/1770
f 1775/1799/1799 1756/1780/1780 1747/1770/1770
f 1754/1778/1778 1776/1800/1800 1747/1770/1770
f 1776/1800/1800 1754/1778/1778 1755/1779/1779
f 1755/1779/1779 1777/1801/1801 1776/1800/1800
f 1777/1801/1801 1778/1802/1802 1776/1800/1800
f 1765/1789/1789 1747/1770/1770 1776/1800/1800
f 1776/1800/1800 1778/1802/1802 1765/1789/1789
f 1765/1789/1789 1778/1802/1802 1768/1792/1792
f 1759/1783/1783 1756/1780/1780 1775/1799/1799
f 1747/1770/1770 1765/1789/1789 1775/1799/1799
f 1775/1799/1799 1765/1789/1789 1759/1783/1783
f 1769/1793/1793 1768/1792/1792 1778/1802/1802
f 1778/1802/1802 1779/1803/1803 1769/1793/1793
f 1770/1794/1794 1769/1793/1793 1779/1803/1803
f 1779/1803/1803 1778/1802/1802 1777/1801/1801
f 1755/1779/1779 1780/1804/1804 1777/1801/1801
f 1781/1805/1805 1777/1801/1801 1780/1804/1804
f 1777/1801/1801 1781/1805/1805 1779/1803/1803
f 1782/1806/1806 1779/1803/1803 1781/1805/1805
f 1784/1807/1807 1781/1805/1805 1783/1808/1808
f 1781/1805/1805 1784/1807/1807 1782/1806/1806
f 1779/1803/1803 1782/1806/1806 1770/1794/1794
f 1785/1809/1809 1770/1794/1794 1782/1806/1806
f 1770/1794/1794 1785/1809/1809 1773/1797/1797
f 956/979/979 955/977/977 1786/1810/1810
f 956/979/979 1786/1810/1810 1787/1811/1811
f 1787/1811/1811 1788/1812/1812 956/979/979
f 958/980/980 956/979/979 1788/1812/1812
f 1787/1811/1811 1789/1813/1813 1788/1812/1812
f 1789/1813/1813 1790/1814/1814 1788/1812/1812
f 1788/1812/1812 1790/1814/1814 960/982/982
f 1790/1814/1814 1791/1815/1815 960/982/982
f 1788/1812/1812 960/982/982 958/980/980
f 1792/1816/1816 1763/1787/1787 1760/1784/1784
f 1792/1816/1816 1760/1784/1784 1759/1783/1783
f 1759/1783/1783 1764/1788/1788 1792/1816/1816
f 1764/1788/1788 1767/1791/1791 1793/1817/1817
f 1793/1817/1817 1792/1816/1816 1764/1788/1788
f 1793/1817/1817 1767/1791/1791 1795/1818/1818
f 1767/1791/1791 1774/1798/1798 1794/1819/1819
f 1794/1819/1819 1795/1818/1818 1767/1791/1791
f 1795/1818/1818 1794/1819/1819 1796/1820/1820
f 1797/1821/1821 1791/1815/1815 1790/1814/1814
f 1790/1814/1814 1789/1813/1813 1797/1821/1821
f 1789/1813/1813 1798/1822/1822 1797/1821/1821
f 1787/1811/1811 1799/1823/1823 1789/1813/1813
f 1798/1822/1822 1789/1813/1813 1799/1823/1823
f 1799/1823/1823 1800/1824/1824 1798/1822/1822
f 2097/1825/1825 1797/1821/1821 1798/1822/1822
f 1797/1821/1821 2097/1825/1825 1801/1826/1826
f 1763/1787/1787 1802/1827/1827 1762/1785/1785
f 1802/1827/1827 1763/1787/1787 1803/1828/1828
f 1803/1828/1828 1804/1829/1829 1802/1827/1827
f 1804/1829/1829 1805/1830/1830 1802/1827/1827
f 1761/1786/1786 1762/1785/1785 1802/1827/1827
f 1804/1829/1829 1803/1828/1828 1806/1831/1831
f 1806/1831/1831 1807/1832/1832 1804/1829/1829
f 1804/1829/1829 1807/1832/1832 1805/1830/1830
f 1808/1833/1833 1805/1830/1830 1807/1832/1832
f 1807/1832/1832 1809/1834/1834 1808/1833/1833
f 1809/1834/1834 1721/1746/1746 1730/1755/1755
f 1730/1755/1755 1808/1833/1833 1809/1834/1834
f 1731/1754/1754 1761/1786/1786 1802/1827/1827
f 1802/1827/1827 1808/1833/1833 1731/1754/1754
f 1808/1833/1833 1802/1827/1827 1805/1830/1830
f 1808/1833/1833 1730/1755/1755 1731/1754/1754
f 1724/1741/1741 1809/1834/1834 1807/1832/1832
f 1807/1832/1832 1810/1739/1739 1724/1741/1741
f 1724/1741/1741 1721/1746/1746 1809/1834/1834
f 1810/1739/1739 1807/1832/1832 1806/1831/1831
f 1714/1738/1738 1810/1739/1739 1806/1831/1831
f 1806/1831/1831 1717/1735/1735 1714/1738/1738
f 1716/1740/1740 1724/1741/1741 1810/1739/1739
f 1713/1736/1736 1813/1835/1835 1812/1836/1836
f 1814/1837/1837 1812/1836/1836 1813/1835/1835
f 1812/1836/1836 1814/1837/1837 1811/1838/1838
f 1813/1835/1835 1713/1736/1736 1717/1735/1735
f 1717/1735/1735 1806/1831/1831 1813/1835/1835
f 1796/1820/1820 1814/1837/1837 1795/1818/1818
f 1793/1817/1817 1795/1818/1818 1814/1837/1837
f 1814/1837/1837 1796/1820/1820 1811/1838/1838
f 1814/1837/1837 1813/1835/1835 1815/1839/1839
f 1803/1828/1828 1815/1839/1839 1813/1835/1835
f 1813/1835/1835 1806/1831/1831 1803/1828/1828
f 1792/1816/1816 1793/1817/1817 1814/1837/1837
f 1814/1837/1837 1815/1839/1839 1792/1816/1816
f 1763/1787/1787 1792/1816/1816 1815/1839/1839
f 1815/1839/1839 1803/1828/1828 1763/1787/1787
f 1816/1840/1840 1817/1841/1841 1818/1842/1842
f 1818/1842/1842 1819/1843/1843 1816/1840/1840
f 1820/1844/1844 1816/1840/1840 1819/1843/1843
f 1819/1843/1843 1818/1842/1842 921/944/944
f 921/944/944 1751/1775/1775 1819/1843/1843
f 1743/1767/1767 1819/1843/1843 1751/1775/1775
f 1751/1775/1775 1749/1773/1773 1743/1767/1767
f 1749/1773/1773 1751/1775/1775 1748/1772/1772
f 1749/1773/1773 1733/1756/1756 1732/1758/1758
f 1732/1758/1758 1743/1767/1767 1749/1773/1773
f 1821/1845/1845 1820/1844/1844 1819/1843/1843
f 1819/1843/1843 1743/1767/1767 1821/1845/1845
f 1821/1845/1845 1743/1767/1767 1728/1752/1752
f 1817/1841/1841 1816/1840/1840 1822/1846/1846
f 1822/1846/1846 1823/1847/1847 1817/1841/1841
f 1823/1847/1847 1822/1846/1846 1824/1848/1848
f 1824/1848/1848 1825/1849/1849 1823/1847/1847
f 1825/1849/1849 1826/1850/1850 1823/1847/1847
f 1827/1851/1851 1817/1841/1841 1823/1847/1847
f 1825/1849/1849 1824/1848/1848 1828/1852/1852
f 1828/1852/1852 1826/1850/1850 1825/1849/1849
f 1826/1850/1850 1828/1852/1852 1829/1853/1853
f 1830/1854/1854 1826/1850/1850 1829/1853/1853
f 1831/1855/1855 1826/1850/1850 1830/1854/1854
f 1830/1854/1854 1832/1856/1856 1831/1855/1855
f 1832/1856/1856 1834/1857/1857 1833/1858/1858
f 1833/1858/1858 1831/1855/1855 1832/1856/1856
f 1823/1847/1847 1831/1855/1855 1827/1851/1851
f 1831/1855/1855 1823/1847/1847 1826/1850/1850
f 1831/1855/1855 1833/1858/1858 1835/1859/1859
f 936/961/961 1827/1851/1851 1831/1855/1855
f 1831/1855/1855 1835/1859/1859 936/961/961
f 1836/1860/1860 1837/1861/1861 1829/1853/1853
f 1837/1861/1861 1836/1860/1860 1838/1862/1862
f 1838/1862/1862 1839/1863/1863 1837/1861/1861
f 1830/1854/1854 1829/1853/1853 1837/1861/1861
f 734/743/743 1840/1864/1864 1838/1862/1862
f 734/743/743 733/742/742 1840/1864/1864
f 733/742/742 732/741/741 1840/1864/1864
f 1839/1863/1863 1838/1862/1862 1840/1864/1864
f 1841/1865/1865 1839/1863/1863 1840/1864/1864
f 1840/1864/1864 1842/1866/1866 1841/1865/1865
f 1842/1866/1866 1840/1864/1864 732/741/741
f 732/741/741 730/739/739 1842/1866/1866
f 1843/1867/1867 1842/1866/1866 730/739/739
f 730/739/739 731/740/740 1843/1867/1867
f 1832/1856/1856 1830/1854/1854 1837/1861/1861
f 1837/1861/1861 1839/1863/1863 1832/1856/1856
f 1834/1857/1857 1832/1856/1856 1839/1863/1863
f 1839/1863/1863 1841/1865/1865 1834/1857/1857
f 937/959/959 936/961/961 1835/1859/1859
f 1833/1858/1858 1844/1868/1868 1835/1859/1859
f 1845/1869/1869 1835/1859/1859 1844/1868/1868
f 1835/1859/1859 1845/1869/1869 937/959/959
f 1833/1858/1858 1846/1870/1870 1844/1868/1868
f 1846/1870/1870 1833/1858/1858 1834/1857/1857
f 1834/1857/1857 1847/1871/1871 1846/1870/1870
f 765/776/776 1844/1868/1868 1846/1870/1870
f 1846/1870/1870 1848/1872/1872 765/776/776
f 1848/1872/1872 1846/1870/1870 1847/1871/1871
f 1848/1872/1872 753/763/763 758/768/768
f 758/768/768 765/776/776 1848/1872/1872
f 940/963/963 937/959/959 1845/1869/1869
f 940/963/963 1845/1869/1869 1844/1868/1868
f 1844/1868/1868 765/776/776 940/963/963
f 940/963/963 765/776/776 766/777/777
f 737/746/746 712/722/722 756/766/766
f 756/766/766 1849/1873/1873 737/746/746
f 1849/1873/1873 756/766/766 754/764/764
f 754/764/764 1850/1874/1874 1849/1873/1873
f 1851/1875/1875 1849/1873/1873 1850/1874/1874
f 1850/1874/1874 1852/1876/1876 1851/1875/1875
f 739/748/748 737/746/746 1849/1873/1873
f 1849/1873/1873 1851/1875/1875 739/748/748
f 1850/1874/1874 754/764/764 753/763/763
f 753/763/763 1848/1872/1872 1850/1874/1874
f 1852/1876/1876 1850/1874/1874 1848/1872/1872
f 1848/1872/1872 1847/1871/1871 1852/1876/1876
f 1841/1865/1865 1847/1871/1871 1834/1857/1857
f 1842/1866/1866 1852/1876/1876 1847/1871/1871
f 1847/1871/1871 1841/1865/1865 1842/1866/1866
f 1851/1875/1875 1843/1867/1867 739/748/748
f 1843/1867/1867 1851/1875/1875 1852/1876/1876
f 1852/1876/1876 1842/1866/1866 1843/1867/1867
f 731/740/740 739/748/748 1843/1867/1867
f 1854/1877/1877 1855/1878/1878 1853/1879/1879
f 1838/1862/1862 1836/1860/1860 1853/1879/1879
f 1854/1877/1877 1853/1879/1879 1856/1880/1880
f 1856/1880/1880 1857/1881/1881 1854/1877/1877
f 1857/1881/1881 1856/1880/1880 1858/1882/1882
f 1855/1878/1878 1854/1877/1877 1857/1881/1881
f 1857/1881/1881 1859/1883/1883 1855/1878/1878
f 1861/1884/1884 1855/1878/1878 1859/1883/1883
f 1859/1883/1883 1860/1885/1885 1861/1884/1884
f 734/743/743 1838/1862/1862 1853/1879/1879
f 1853/1879/1879 1862/1886/1886 734/743/743
f 1862/1886/1886 1853/1879/1879 1855/1878/1878
f 1855/1878/1878 1861/1884/1884 1862/1886/1886
f 1816/1840/1840 1824/1848/1848 1822/1846/1846
f 1824/1848/1848 1816/1840/1840 1820/1844/1844
f 1820/1844/1844 1863/1887/1887 1824/1848/1848
f 1863/1887/1887 1864/1888/1888 1824/1848/1848
f 1863/1887/1887 1820/1844/1844 1821/1845/1845
f 1863/1887/1887 1821/1845/1845 1728/1752/1752
f 1728/1752/1752 1865/1889/1889 1863/1887/1887
f 1864/1888/1888 1863/1887/1887 1865/1889/1889
f 1865/1889/1889 1866/1890/1890 1864/1888/1888
f 1856/1880/1880 1864/1888/1888 1866/1890/1890
f 1866/1890/1890 1858/1882/1882 1856/1880/1880
f 1853/1879/1879 1864/1888/1888 1856/1880/1880
f 1828/1852/1852 1824/1848/1848 1864/1888/1888
f 1836/1860/1860 1828/1852/1852 1864/1888/1888
f 1864/1888/1888 1853/1879/1879 1836/1860/1860
f 1828/1852/1852 1836/1860/1860 1829/1853/1853
f 1857/1881/1881 1858/1882/1882 1867/1891/1891
f 1868/1892/1892 1869/1893/1893 1867/1891/1891
f 1870/1894/1894 1867/1891/1891 1869/1893/1893
f 1859/1883/1883 1857/1881/1881 1867/1891/1891
f 1867/1891/1891 1870/1894/1894 1859/1883/1883
f 1868/1892/1892 1871/1895/1895 1869/1893/1893
f 1871/1895/1895 1868/1892/1892 1872/1896/1896
f 1872/1896/1896 1873/1897/1897 1871/1895/1895
f 1874/1898/1898 1869/1893/1893 1871/1895/1895
f 1875/1899/1899 1871/1895/1895 1873/1897/1897
f 1873/1897/1897 1914/1900/1900 1875/1899/1899
f 1871/1895/1895 1875/1899/1899 1874/1898/1898
f 1860/1885/1885 1859/1883/1883 1870/1894/1894
f 1869/1893/1893 1874/1898/1898 1870/1894/1894
f 1876/1901/1901 1870/1894/1894 1874/1898/1898
f 1870/1894/1894 1876/1901/1901 1860/1885/1885
f 1878/1902/1902 1879/1903/1903 1877/1904/1904
f 1881/1905/1905 1877/1904/1904 1879/1903/1903
f 1879/1903/1903 1878/1902/1902 1882/1906/1906
f 1882/1906/1906 1880/1907/1907 1879/1903/1903
f 1882/1906/1906 1883/1908/1908 1880/1907/1907
f 1884/1909/1909 1880/1907/1907 1883/1908/1908
f 1883/1908/1908 1885/1910/1910 1884/1909/1909
f 1885/1910/1910 1887/1911/1911 1886/1912/1912
f 1888/1913/1913 1884/1909/1909 1885/1910/1910
f 1885/1910/1910 1886/1912/1912 1888/1913/1913
f 1889/1914/1914 1881/1905/1905 1879/1903/1903
f 1889/1914/1914 1879/1903/1903 1880/1907/1907
f 1880/1907/1907 1884/1909/1909 1889/1914/1914
f 1890/1915/1915 1889/1914/1914 1884/1909/1909
f 1884/1909/1909 1888/1913/1913 1890/1915/1915
f 1889/1914/1914 1890/1915/1915 1891/1916/1916
f 924/947/947 923/946/946 926/949/949
f 1892/1917/1917 923/946/946 922/945/945
f 922/945/945 1893/1918/1918 1892/1917/1917
f 938/960/960 926/949/949 923/946/946
f 923/946/946 1892/1917/1917 938/960/960
f 1893/1918/1918 922/945/945 921/944/944
f 1894/1919/1919 1893/1918/1918 921/944/944
f 921/944/944 1818/1842/1842 1894/1919/1919
f 1895/1920/1920 1893/1918/1918 1894/1919/1919
f 1818/1842/1842 1817/1841/1841 1894/1919/1919
f 1827/1851/1851 1895/1920/1920 1894/1919/1919
f 1894/1919/1919 1817/1841/1841 1827/1851/1851
f 936/961/961 938/960/960 1892/1917/1917
f 1893/1918/1918 1895/1920/1920 1892/1917/1917
f 1827/1851/1851 1892/1917/1917 1895/1920/1920
f 1892/1917/1917 1827/1851/1851 936/961/961
f 1897/1921/1921 1898/1922/1922 1896/1923/1923
f 1898/1922/1922 1899/1924/1924 1896/1923/1923
f 1900/1925/1925 1901/1926/1926 1898/1922/1922
f 1899/1924/1924 1898/1922/1922 1901/1926/1926
f 1901/1926/1926 1882/1906/1906 1899/1924/1924
f 1899/1924/1924 1882/1906/1906 1878/1902/1902
f 1902/1927/1927 1896/1923/1923 1899/1924/1924
f 1878/1902/1902 1902/1927/1927 1899/1924/1924
f 1904/1928/1928 1905/1929/1929 1903/1930/1930
f 1905/1929/1929 1907/1931/1931 1906/1932/1932
f 1906/1932/1932 1903/1930/1930 1905/1929/1929
f 1905/1929/1929 1904/1928/1928 1908/1933/1933
f 1908/1933/1933 1909/1934/1934 1905/1929/1929
f 1909/1934/1934 1908/1933/1933 1910/1935/1935
f 1907/1931/1931 1905/1929/1929 1909/1934/1934
f 1909/1934/1934 1911/1936/1936 1907/1931/1931
f 1911/1936/1936 1912/1937/1937 1907/1931/1931
f 1873/1897/1897 1907/1931/1931 1912/1937/1937
f 1912/1937/1937 1914/1900/1900 1873/1897/1897
f 1872/1896/1896 1906/1932/1932 1907/1931/1931
f 1907/1931/1931 1873/1897/1897 1872/1896/1896
f 1912/1937/1937 1913/1938/1938 1914/1900/1900
f 1912/1937/1937 1915/1939/1939 1916/1940/1940
f 1912/1937/1937 1911/1936/1936 1915/1939/1939
f 1911/1936/1936 1909/1934/1934 1915/1939/1939
f 1910/1935/1935 1915/1939/1939 1909/1934/1934
f 1910/1935/1935 1916/1940/1940 1915/1939/1939
f 1914/1900/1900 1913/1938/1938 1917/1941/1941
f 1918/1942/1942 1919/1943/1943 1917/1941/1941
f 1919/1943/1943 1918/1942/1942 1920/1944/1944
f 1876/1901/1901 1920/1944/1944 1921/1945/1945
f 1921/1945/1945 1922/1946/1946 1876/1901/1901
f 1920/1944/1944 1876/1901/1901 1919/1943/1943
f 1922/1946/1946 1860/1885/1885 1876/1901/1901
f 1874/1898/1898 1919/1943/1943 1876/1901/1901
f 1917/1941/1941 1875/1899/1899 1914/1900/1900
f 1875/1899/1899 1917/1941/1941 1919/1943/1943
f 1919/1943/1943 1874/1898/1898 1875/1899/1899
f 724/735/735 1923/1947/1947 725/755/755
f 1923/1947/1947 724/735/735 727/734/734
f 727/734/734 1924/1948/1948 1923/1947/1947
f 1924/1948/1948 727/734/734 734/743/743
f 734/743/743 1862/1886/1886 1924/1948/1948
f 1861/1884/1884 1924/1948/1948 1862/1886/1886
f 1925/1949/1949 1924/1948/1948 1861/1884/1884
f 1861/1884/1884 1860/1885/1885 1925/1949/1949
f 1922/1946/1946 1925/1949/1949 1860/1885/1885
f 1926/1950/1950 725/755/755 1923/1947/1947
f 1923/1947/1947 1925/1949/1949 1926/1950/1950
f 1925/1949/1949 1923/1947/1947 1924/1948/1948
f 1925/1949/1949 1922/1946/1946 1921/1945/1945
f 1921/1945/1945 1926/1950/1950 1925/1949/1949
f 1927/1951/1951 1928/1952/1952 1929/1953/1953
f 1929/1953/1953 1930/1954/1954 1927/1951/1951
f 1926/1950/1950 1927/1951/1951 1930/1954/1954
f 1927/1951/1951 1926/1950/1950 1920/1944/1944
f 1930/1954/1954 1929/1953/1953 1931/1955/1955
f 743/751/751 742/753/753 1931/1955/1955
f 1932/1956/1956 1931/1955/1955 742/753/753
f 1931/1955/1955 1932/1956/1956 1930/1954/1954
f 742/753/753 745/754/754 1932/1956/1956
f 725/755/755 1932/1956/1956 745/754/754
f 1930/1954/1954 1932/1956/1956 1926/1950/1950
f 1932/1956/1956 725/755/755 1926/1950/1950
f 1921/1945/1945 1920/1944/1944 1926/1950/1950
f 1933/1957/1957 1934/1958/1958 648/657/657
f 1934/1958/1958 1933/1957/1957 1935/1959/1959
f 646/655/655 648/657/657 1934/1958/1958
f 1936/1960/1960 1937/1961/1961 1935/1959/1959
f 1937/1961/1961 1936/1960/1960 1928/1952/1952
f 1928/1952/1952 1938/1962/1962 1937/1961/1961
f 1939/1963/1963 1935/1959/1959 1937/1961/1961
f 1937/1961/1961 1940/1964/1964 1939/1963/1963
f 1940/1964/1964 1937/1961/1961 1938/1962/1962
f 1942/1965/1965 1939/1963/1963 1940/1964/1964
f 1940/1964/1964 1941/1966/1966 1942/1965/1965
f 643/652/652 646/655/655 1934/1958/1958
f 1934/1958/1958 1939/1963/1963 643/652/652
f 1939/1963/1963 1934/1958/1958 1935/1959/1959
f 1939/1963/1963 1942/1965/1965 1943/1967/1967
f 644/653/653 643/652/652 1939/1963/1963
f 1939/1963/1963 1943/1967/1967 644/653/653
f 1927/1951/1951 1920/1944/1944 1918/1942/1942
f 1918/1942/1942 1944/1968/1968 1927/1951/1951
f 1917/1941/1941 1944/1968/1968 1918/1942/1942
f 1944/1968/1968 1917/1941/1941 1913/1938/1938
f 1938/1962/1962 1944/1968/1968 1913/1938/1938
f 1913/1938/1938 1940/1964/1964 1938/1962/1962
f 1913/1938/1938 1941/1966/1966 1940/1964/1964
f 1928/1952/1952 1927/1951/1951 1944/1968/1968
f 1944/1968/1968 1938/1962/1962 1928/1952/1952
f 784/793/793 1945/1969/1969 654/663/663
f 1945/1969/1969 784/793/793 782/792/792
f 655/664/664 654/663/663 1945/1969/1969
f 743/751/751 1931/1955/1955 782/792/792
f 1947/1970/1970 782/792/792 1931/1955/1955
f 1931/1955/1955 1929/1953/1953 1947/1970/1970
f 1946/1971/1971 1945/1969/1969 782/792/792
f 782/792/792 1947/1970/1970 1946/1971/1971
f 1936/1960/1960 1947/1970/1970 1929/1953/1953
f 1929/1953/1953 1928/1952/1952 1936/1960/1960
f 1935/1959/1959 1946/1971/1971 1947/1970/1970
f 1947/1970/1970 1936/1960/1960 1935/1959/1959
f 1945/1969/1969 1946/1971/1971 655/664/664
f 1946/1971/1971 1935/1959/1959 1933/1957/1957
f 648/657/657 655/664/664 1946/1971/1971
f 1946/1971/1971 1933/1957/1957 648/657/657
f 1948/1972/1972 1941/1966/1966 1913/1938/1938
f 1913/1938/1938 1949/1973/1973 1948/1972/1972
f 1950/1974/1974 1948/1972/1972 1949/1973/1973
f 1948/1972/1972 1950/1974/1974 1951/1975/1975
f 1913/1938/1938 1912/1937/1937 1949/1973/1973
f 1916/1940/1940 1949/1973/1973 1912/1937/1937
f 1949/1973/1973 1916/1940/1940 1950/1974/1974
f 1916/1940/1940 1910/1935/1935 1952/1976/1976
f 1952/1976/1976 1950/1974/1974 1916/1940/1940
f 1952/1976/1976 1954/1977/1977 1953/1978/1978
f 1955/1979/1979 1953/1978/1978 1954/1977/1977
f 1954/1977/1977 1952/1976/1976 1910/1935/1935
f 1910/1935/1935 1956/1980/1980 1954/1977/1977
f 1957/1981/1981 1954/1977/1977 1956/1980/1980
f 1956/1980/1980 1958/1982/1982 1957/1981/1981
f 1959/1983/1983 1957/1981/1981 1958/1982/1982
f 1958/1982/1982 1960/1984/1984 1959/1983/1983
f 1961/1985/1985 1957/1981/1981 1959/1983/1983
f 1962/1986/1986 1953/1978/1978 1955/1979/1979
f 1954/1977/1977 1957/1981/1981 1955/1979/1979
f 1961/1985/1985 1955/1979/1979 1957/1981/1981
f 1955/1979/1979 1961/1985/1985 1962/1986/1986
f 1950/1974/1974 1952/1976/1976 1963/1987/1987
f 1963/1987/1987 1965/1988/1988 1951/1975/1975
f 1951/1975/1975 1950/1974/1974 1963/1987/1987
f 1963/1987/1987 1964/1989/1989 1966/1990/1990
f 1966/1990/1990 1967/1991/1991 1963/1987/1987
f 1967/1991/1991 1966/1990/1990 1968/1992/1992
f 1968/1992/1992 1969/1993/1993 1967/1991/1991
f 1970/1994/1994 1967/1991/1991 1969/1993/1993
f 1965/1988/1988 1963/1987/1987 1967/1991/1991
f 1967/1991/1991 1970/1994/1994 1965/1988/1988
f 1971/1995/1995 1965/1988/1988 1970/1994/1994
f 1970/1994/1994 1943/1967/1967 1971/1995/1995
f 1970/1994/1994 1972/1996/1996 1943/1967/1967
f 1972/1996/1996 644/653/653 1943/1967/1967
f 1942/1965/1965 1971/1995/1995 1943/1967/1967
f 1951/1975/1975 1973/1997/1997 1948/1972/1972
f 1973/1997/1997 1951/1975/1975 1965/1988/1988
f 1965/1988/1988 1971/1995/1995 1973/1997/1997
f 1941/1966/1966 1973/1997/1997 1971/1995/1995
f 1971/1995/1995 1942/1965/1965 1941/1966/1966
f 1941/1966/1966 1948/1972/1972 1973/1997/1997
f 1963/1987/1987 1952/1976/1976 1953/1978/1978
f 1953/1978/1978 1974/1998/1998 1963/1987/1987
f 1974/1998/1998 1975/1999/1999 1964/1989/1989
f 1964/1989/1989 1963/1987/1987 1974/1998/1998
f 1974/1998/1998 1953/1978/1978 1962/1986/1986
f 1962/1986/1986 1976/2000/2000 1974/1998/1998
f 1975/1999/1999 1974/1998/1998 1976/2000/2000
f 1976/2000/2000 1977/2001/2001 1975/1999/1999
f 1977/2001/2001 1978/2002/2002 1975/1999/1999
f 1977/2001/2001 2308/2003/2003 1978/2002/2002
f 2308/2003/2003 1979/2004/2004 1978/2002/2002
f 1980/2005/2005 1975/1999/1999 1978/2002/2002
f 1964/1989/1989 1981/2006/2006 1966/1990/1990
f 1981/2006/2006 1964/1989/1989 1975/1999/1999
f 1975/1999/1999 1980/2005/2005 1981/2006/2006
f 1968/1992/1992 1966/1990/1990 1981/2006/2006
f 1983/2007/2007 1984/2008/2008 1982/2009/2009
f 1983/2007/2007 1985/2010/2010 1984/2008/2008
f 1986/2011/2011 1982/2009/2009 1984/2008/2008
f 1985/2010/2010 1983/2007/2007 1987/2012/2012
f 1989/2013/2013 1987/2012/2012 1988/2014/2014
f 1987/2012/2012 1989/2013/2013 1985/2010/2010
f 1990/2015/2015 1985/2010/2010 1989/2013/2013
f 1989/2013/2013 1991/2016/2016 1990/2015/2015
f 1961/1985/1985 1990/2015/2015 1991/2016/2016
f 1991/2016/2016 1962/1986/1986 1961/1985/1985
f 1960/1984/1984 1986/2011/2011 1984/2008/2008
f 1984/2008/2008 1992/2017/2017 1960/1984/1984
f 1992/2017/2017 1984/2008/2008 1985/2010/2010
f 1985/2010/2010 1990/2015/2015 1992/2017/2017
f 1959/1983/1983 1992/2017/2017 1990/2015/2015
f 1990/2015/2015 1961/1985/1985 1959/1983/1983
f 1992/2017/2017 1959/1983/1983 1960/1984/1984
f 1993/2018/2018 1994/2019/2019 1960/1984/1984
f 1986/2011/2011 1960/1984/1984 1994/2019/2019
f 1994/2019/2019 1995/2020/2020 1986/2011/2011
f 1994/2019/2019 1993/2018/2018 1996/2021/2021
f 1996/2021/2021 1997/2022/2022 1994/2019/2019
f 1996/2021/2021 1998/2023/2023 1997/2022/2022
f 1995/2020/2020 1994/2019/2019 1997/2022/2022
f 1997/2022/2022 1998/2023/2023 1995/2020/2020
f 1999/2024/2024 1995/2020/2020 1998/2023/2023
f 1998/2023/2023 2000/2025/2025 1999/2024/2024
f 1998/2023/2023 2001/2026/2026 2000/2025/2025
f 2002/2027/2027 1999/2024/2024 2000/2025/2025
f 1982/2009/2009 1986/2011/2011 1995/2020/2020
f 1995/2020/2020 1999/2024/2024 1982/2009/2009
f 2003/2028/2028 1996/2021/2021 1993/2018/2018
f 2004/2029/2029 2003/2028/2028 1993/2018/2018
f 2003/2028/2028 2004/2029/2029 2005/2030/2030
f 1960/1984/1984 1958/1982/1982 1993/2018/2018
f 1993/2018/2018 1958/1982/1982 2004/2029/2029
f 2006/2031/2031 2004/2029/2029 1958/1982/1982
f 1958/1982/1982 1956/1980/1980 2006/2031/2031
f 1910/1935/1935 2006/2031/2031 1956/1980/1980
f 2006/2031/2031 2005/2030/2030 2004/2029/2029
f 2006/2031/2031 1910/1935/1935 1908/1933/1933
f 1904/1928/1928 2007/2032/2032 1908/1933/1933
f 2005/2030/2030 1908/1933/1933 2007/2032/2032
f 2007/2032/2032 2008/2033/2033 2005/2030/2030
f 2005/2030/2030 2006/2031/2031 1908/1933/1933
f 2007/2032/2032 1904/1928/1928 1903/1930/1930
f 1903/1930/1930 2009/2034/2034 2007/2032/2032
f 2010/2035/2035 2007/2032/2032 2009/2034/2034
f 2007/2032/2032 2010/2035/2035 2008/2033/2033
f 2012/2036/2036 2010/2035/2035 2011/2037/2037
f 2013/2038/2038 2008/2033/2033 2010/2035/2035
f 2010/2035/2035 2012/2036/2036 2013/2038/2038
f 2003/2028/2028 2005/2030/2030 2008/2033/2033
f 2013/2038/2038 2003/2028/2028 2008/2033/2033
f 2003/2028/2028 2013/2038/2038 1996/2021/2021
f 2014/2039/2039 2015/2040/2040 2016/2041/2041
f 2016/2041/2041 2017/2042/2042 2014/2039/2039
f 2018/2043/2043 2014/2039/2039 2017/2042/2042
f 2017/2042/2042 2020/2044/2044 2018/2043/2043
f 2020/2044/2044 2017/2042/2042 2021/2045/2045
f 2020/2044/2044 2023/2046/2046 2022/2047/2047
f 2019/2048/2048 2018/2043/2043 2020/2044/2044
f 2020/2044/2044 2022/2047/2047 2019/2048/2048
f 2023/2046/2046 1900/1925/1925 2022/2047/2047
f 1898/1922/1922 2022/2047/2047 1900/1925/1925
f 1898/1922/1922 2019/2048/2048 2022/2047/2047
f 2018/2043/2043 2019/2048/2048 1897/1921/1921
f 2019/2048/2048 1898/1922/1922 1897/1921/1921
f 1998/2023/2023 1996/2021/2021 2013/2038/2038
f 2013/2038/2038 2024/2049/2049 1998/2023/2023
f 2024/2049/2049 2026/2050/2050 2025/2051/2051
f 2024/2049/2049 2025/2051/2051 1998/2023/2023
f 2024/2049/2049 2013/2038/2038 2012/2036/2036
f 2011/2037/2037 2027/2052/2052 2012/2036/2036
f 2026/2050/2050 2012/2036/2036 2027/2052/2052
f 2026/2050/2050 2024/2049/2049 2012/2036/2036
f 2028/2053/2053 2026/2050/2050 2027/2052/2052
f 2027/2052/2052 2029/2054/2054 2028/2053/2053
f 2030/2055/2055 2028/2053/2053 2029/2054/2054
f 2028/2053/2053 2030/2055/2055 2031/2056/2056
f 2001/2026/2026 1998/2023/2023 2025/2051/2051
f 2026/2050/2050 2028/2053/2053 2025/2051/2051
f 2031/2056/2056 2025/2051/2051 2028/2053/2053
f 2025/2051/2051 2031/2056/2056 2001/2026/2026
f 2033/2057/2057 2034/2058/2058 2032/2059/2059
f 2034/2058/2058 2036/2060/2060 2035/2061/2061
f 2034/2058/2058 2035/2061/2061 2032/2059/2059
f 2034/2058/2058 2033/2057/2057 2037/2062/2062
f 2034/2058/2058 2037/2062/2062 2038/2063/2063
f 2036/2060/2060 2034/2058/2058 2038/2063/2063
f 2038/2063/2063 2039/2064/2064 2036/2060/2060
f 2040/2065/2065 2036/2060/2060 2039/2064/2064
f 2039/2064/2064 2041/2066/2066 2040/2065/2065
f 2031/2056/2056 2040/2065/2065 2041/2066/2066
f 2041/2066/2066 2001/2026/2026 2031/2056/2056
f 2042/2067/2067 2032/2059/2059 2035/2061/2061
f 2036/2060/2060 2040/2065/2065 2035/2061/2061
f 2030/2055/2055 2035/2061/2061 2040/2065/2065
f 2040/2065/2065 2031/2056/2056 2030/2055/2055
f 2030/2055/2055 2042/2067/2067 2035/2061/2061
f 2043/2068/2068 1465/1486/1486 2044/2069/2069
f 2043/2068/2068 2045/2070/2070 2046/2071/2071
f 2044/2069/2069 2037/2062/2062 2043/2068/2068
f 2037/2062/2062 2044/2069/2069 2038/2063/2063
f 2037/2062/2062 2033/2057/2057 2047/2072/2072
f 2045/2070/2070 2043/2068/2068 2037/2062/2062
f 2037/2062/2062 2047/2072/2072 2045/2070/2070
f 2048/2073/2073 2047/2072/2072 2033/2057/2057
f 2048/2073/2073 2045/2070/2070 2047/2072/2072
f 2045/2070/2070 2049/2074/2074 2046/2071/2071
f 2045/2070/2070 2048/2073/2073 2049/2074/2074
f 2050/2075/2075 2046/2071/2071 2049/2074/2074
f 2051/2076/2076 2052/2077/2077 2053/2078/2078
f 2053/2078/2078 2054/2079/2079 2051/2076/2076
f 2055/2080/2080 2051/2076/2076 2054/2079/2079
f 2054/2079/2079 2056/2081/2081 2055/2080/2080
f 2054/2079/2079 2053/2078/2078 2057/2082/2082
f 2054/2079/2079 2058/859/859 2056/2081/2081
f 2056/2081/2081 2058/859/859 2060/2083/2083
f 2059/2084/2084 2060/2083/2083 2058/859/859
f 2060/2083/2083 2055/2080/2080 2056/2081/2081
f 2060/2083/2083 2059/2084/2084 2061/2085/2085
f 2062/2086/2086 2063/2087/2087 2064/2088/2088
f 2067/2089/2089 2062/2086/2086 2064/2088/2088
f 2064/2088/2088 2065/2090/2090 2067/2089/2089
f 2066/2091/2091 2065/2090/2090 2068/2092/2092
f 2068/2092/2092 2069/2093/2093 2066/2091/2091
f 2069/2093/2093 2070/2094/2094 2066/2091/2091
f 2069/2093/2093 2057/2082/2082 2070/2094/2094
f 2053/2078/2078 2070/2094/2094 2057/2082/2082
f 2053/2078/2078 2066/2091/2091 2070/2094/2094
f 2065/2090/2090 2066/2091/2091 2067/2089/2089
f 2052/2077/2077 2067/2089/2089 2066/2091/2091
f 2066/2091/2091 2053/2078/2078 2052/2077/2077
f 2016/2041/2041 2071/2095/2095 2017/2042/2042
f 2016/2041/2041 2015/2040/2040 2068/2092/2092
f 2071/2095/2095 2016/2041/2041 2068/2092/2092
f 2068/2092/2092 2065/2090/2090 2071/2095/2095
f 2071/2095/2095 2073/2096/2096 2072/2097/2097
f 2073/2096/2096 2071/2095/2095 2065/2090/2090
f 2065/2090/2090 2064/2088/2088 2073/2096/2096
f 2074/2098/2098 2073/2096/2096 2064/2088/2088
f 2064/2088/2088 2063/2087/2087 2074/2098/2098
f 2074/2098/2098 2072/2097/2097 2073/2096/2096
f 2072/2097/2097 2017/2042/2042 2071/2095/2095
f 2072/2097/2097 2074/2098/2098 2021/2045/2045
f 2021/2045/2045 2017/2042/2042 2072/2097/2097
f 1713/1736/1736 1812/1836/1836 1711/1733/1733
f 2078/2099/2099 2075/2100/2100 2077/2101/2101
f 2078/2099/2099 2076/2102/2102 2075/2100/2100
f 2080/2103/2103 2079/852/852 2081/2104/2104
f 2081/2104/2104 2075/2100/2100 2082/2105/2105
f 2081/2104/2104 2079/852/852 857/873/873
f 857/873/873 2077/2101/2101 2081/2104/2104
f 2077/2101/2101 857/873/873 2083/2106/2106
f 2077/2101/2101 2075/2100/2100 2081/2104/2104
f 832/843/843 2080/2103/2103 2084/2107/2107
f 2080/2103/2103 832/843/843 840/850/850
f 840/850/850 2079/852/852 2080/2103/2103
f 832/843/843 2084/2107/2107 2095/2108/2108
f 2080/2103/2103 2081/2104/2104 2082/2105/2105
f 2082/2105/2105 2085/2109/2109 2080/2103/2103
f 2082/2105/2105 2086/2110/2110 2085/2109/2109
f 2080/2103/2103 2087/2111/2111 2084/2107/2107
f 2087/2111/2111 2080/2103/2103 2085/2109/2109
f 2085/2109/2109 2089/2112/2112 2087/2111/2111
f 2089/2112/2112 2085/2109/2109 2086/2110/2110
f 2086/2110/2110 1800/1824/1824 2089/2112/2112
f 2090/2113/2113 2084/2107/2107 2087/2111/2111
f 2084/2107/2107 2090/2113/2113 2088/2114/2114
f 2089/2112/2112 1800/1824/1824 1799/1823/1823
f 1799/1823/1823 2091/2115/2115 2089/2112/2112
f 2087/2111/2111 2089/2112/2112 2091/2115/2115
f 1799/1823/1823 2092/2116/2116 2091/2115/2115
f 2092/2116/2116 1799/1823/1823 1787/1811/1811
f 2090/2113/2113 2091/2115/2115 2092/2116/2116
f 2092/2116/2116 2093/2117/2117 2090/2113/2113
f 2088/2114/2114 2090/2113/2113 2093/2117/2117
f 2093/2117/2117 2094/2118/2118 2088/2114/2114
f 2090/2113/2113 2087/2111/2111 2091/2115/2115
f 2095/2108/2108 2084/2107/2107 2088/2114/2114
f 2088/2114/2114 2096/2119/2119 2095/2108/2108
f 986/1011/1011 2096/2119/2119 985/1010/1010
f 2096/2119/2119 986/1011/1011 2095/2108/2108
f 2096/2119/2119 2088/2114/2114 2094/2118/2118
f 2094/2118/2118 985/1010/1010 2096/2119/2119
f 1800/1824/1824 2097/1825/1825 1798/1822/1822
f 2086/2110/2110 2098/2120/2120 1800/1824/1824
f 2097/1825/1825 1800/1824/1824 2098/2120/2120
f 2097/1825/1825 2099/2121/2121 1801/1826/1826
f 2076/2102/2102 2078/2099/2099 2099/2121/2121
f 2099/2121/2121 2097/1825/1825 2076/2102/2102
f 2098/2120/2120 2076/2102/2102 2097/1825/1825
f 2098/2120/2120 2086/2110/2110 2082/2105/2105
f 2076/2102/2102 2098/2120/2120 2075/2100/2100
f 2082/2105/2105 2075/2100/2100 2098/2120/2120
f 832/843/843 2100/2122/2122 828/835/835
f 2100/2122/2122 832/843/843 2095/2108/2108
f 2445/841/841 828/835/835 2100/2122/2122
f 2101/2123/2123 2102/2124/2124 857/873/873
f 2102/2124/2124 2083/2106/2106 857/873/873
f 843/854/854 2103/2125/2125 842/872/872
f 842/872/872 2103/2125/2125 857/873/873
f 2103/2125/2125 843/854/854 847/857/857
f 2103/2125/2125 847/857/857 2058/859/859
f 2054/2079/2079 2103/2125/2125 2058/859/859
f 2101/2123/2123 857/873/873 2103/2125/2125
f 2103/2125/2125 2054/2079/2079 2101/2123/2123
f 2054/2079/2079 2057/2082/2082 2101/2123/2123
f 2104/2126/2126 2069/2093/2093 2015/2040/2040
f 2101/2123/2123 2057/2082/2082 2105/2127/2127
f 2069/2093/2093 2104/2126/2126 2105/2127/2127
f 2105/2127/2127 2057/2082/2082 2069/2093/2093
f 2068/2092/2092 2015/2040/2040 2069/2093/2093
f 1622/2128/2128 2106/2129/2129 1620/1649/1649
f 1620/1649/1649 2106/2129/2129 1624/1650/1650
f 1624/1650/1650 1665/1692/1692 1633/1661/1661
f 1624/1650/1650 2107/2130/2130 1665/1692/1692
f 2107/2130/2130 1624/1650/1650 2106/2129/2129
f 1665/1692/1692 2107/2130/2130 2151/2131/2131
f 2106/2129/2129 2151/2131/2131 2107/2130/2130
f 2151/2131/2131 2106/2129/2129 2108/2132/2132
f 2111/2133/2133 2110/2134/2134 2109/2135/2135
f 2148/2136/2136 2110/2134/2134 2112/2137/2137
f 2114/2138/2138 2109/2135/2135 2113/2139/2139
f 2110/2134/2134 2116/2140/2140 2109/2135/2135
f 2115/2141/2141 2116/2140/2140 2119/2142/2142
f 2117/2143/2143 2115/2141/2141 2120/2144/2144
f 2118/2145/2145 2120/2144/2144 2115/2141/2141
f 2119/2142/2142 2118/2145/2145 2115/2141/2141
f 2121/2146/2146 2120/2144/2144 2122/2147/2147
f 2120/2144/2144 2121/2146/2146 2123/2148/2148
f 2120/2144/2144 2124/2149/2149 2125/2150/2150
f 2117/2143/2143 2120/2144/2144 2125/2150/2150
f 2125/2150/2150 2115/2141/2141 2117/2143/2143
f 2115/2141/2141 2125/2150/2150 2126/2151/2151
f 2126/2151/2151 2109/2135/2135 2115/2141/2141
f 2126/2151/2151 2127/2152/2152 2109/2135/2135
f 2128/2153/2153 2126/2151/2151 2131/1707/1707
f 2126/2151/2151 2129/2154/2154 2131/1707/1707
f 2129/2154/2154 2126/2151/2151 2125/2150/2150
f 2124/2149/2149 2129/2154/2154 2125/2150/2150
f 1679/1704/1704 1678/1703/1703 2124/2149/2149
f 2124/2149/2149 1678/1703/1703 2131/1707/1707
f 2124/2149/2149 2123/2148/2148 2130/2155/2155
f 2124/2149/2149 2120/2144/2144 2123/2148/2148
f 1677/1702/1702 2131/1707/1707 1678/1703/1703
f 2131/1707/1707 2129/2154/2154 2124/2149/2149
f 2133/907/907 2134/2156/2156 2121/2146/2146
f 2134/2156/2156 2133/907/907 2135/2157/2157
f 2121/2146/2146 2134/2156/2156 2123/2148/2148
f 2122/2147/2147 2132/909/909 2121/2146/2146
f 2132/909/909 2133/907/907 2121/2146/2146
f 889/908/908 890/911/911 2136/2158/2158
f 2133/907/907 889/908/908 2135/2157/2157
f 889/908/908 2136/2158/2158 2135/2157/2157
f 2137/2159/2159 2130/2155/2155 2123/2148/2148
f 2443/2160/2160 2130/2155/2155 2137/2159/2159
f 2123/2148/2148 2135/2157/2157 2137/2159/2159
f 2123/2148/2148 2134/2156/2156 2135/2157/2157
f 2137/2159/2159 2138/2161/2161 2443/2160/2160
f 2137/2159/2159 2135/2157/2157 2136/2158/2158
f 2136/2158/2158 2138/2161/2161 2137/2159/2159
f 890/911/911 2139/2162/2162 2136/2158/2158
f 2138/2161/2161 2136/2158/2158 2139/2162/2162
f 2140/910/910 2143/2163/2163 2141/2164/2164
f 2142/2165/2165 2141/2164/2164 2143/2163/2163
f 2143/2163/2163 2140/910/910 2132/909/909
f 2132/909/909 2122/2147/2147 2143/2163/2163
f 2143/2163/2163 2118/2145/2145 2142/2165/2165
f 1619/2166/2166 1616/2167/2167 2144/2168/2168
f 2147/2169/2169 2144/2168/2168 2146/2170/2170
f 2147/2169/2169 1619/2166/2166 2144/2168/2168
f 2145/2171/2171 2146/2170/2170 2144/2168/2168
f 2142/2165/2165 2145/2171/2171 2141/2164/2164
f 2145/2171/2171 2142/2165/2165 2146/2170/2170
f 2118/2145/2145 2122/2147/2147 2120/2144/2144
f 2122/2147/2147 2118/2145/2145 2143/2163/2163
f 2119/2142/2142 2116/2140/2140 2149/2172/2172
f 2110/2134/2134 2148/2136/2136 2116/2140/2140
f 2148/2136/2136 2149/2172/2172 2116/2140/2140
f 2112/2137/2137 2146/2170/2170 2142/2165/2165
f 2142/2165/2165 2148/2136/2136 2112/2137/2137
f 2112/2137/2137 2147/2169/2169 2146/2170/2170
f 2142/2165/2165 2118/2145/2145 2149/2172/2172
f 2142/2165/2165 2149/2172/2172 2148/2136/2136
f 2118/2145/2145 2119/2142/2142 2149/2172/2172
f 2112/2137/2137 2150/2173/2173 2147/2169/2169
f 2112/2137/2137 2110/2134/2134 2150/2173/2173
f 2111/2133/2133 2150/2173/2173 2110/2134/2134
f 2115/2141/2141 2109/2135/2135 2116/2140/2140
f 2127/2152/2152 2113/2139/2139 2109/2135/2135
f 2151/2131/2131 1685/1712/1712 1665/1692/1692
f 1618/1645/1645 1619/2166/2166 2147/2169/2169
f 2147/2169/2169 2150/2173/2173 1618/1645/1645
f 2150/2173/2173 2111/2133/2133 2152/1646/1646
f 2152/1646/1646 1618/1645/1645 2150/2173/2173
f 2175/2174/2174 16/14/14 2153/18/18
f 2175/2174/2174 2155/2175/2175 16/14/14
f 2175/2174/2174 27/35/35 2154/2176/2176
f 2154/2176/2176 2155/2175/2175 2175/2174/2174
f 2156/2177/2177 2157/2178/2178 2154/2176/2176
f 2154/2176/2176 27/35/35 2156/2177/2177
f 2158/2179/2179 2154/2176/2176 2157/2178/2178
f 2154/2176/2176 2158/2179/2179 2155/2175/2175
f 2160/2180/2180 2167/2181/2181 2161/2182/2182
f 2161/2182/2182 2162/2183/2183 2160/2180/2180
f 2162/2183/2183 2161/2182/2182 2163/2184/2184
f 18/20/20 2163/2184/2184 29/32/32
f 2162/2183/2183 2163/2184/2184 18/20/20
f 13/12/12 2162/2183/2183 2164/2185/2185
f 2162/2183/2183 13/12/12 2165/2186/2186
f 18/20/20 11/9/9 2164/2185/2185
f 2164/2185/2185 2162/2183/2183 18/20/20
f 2162/2183/2183 2165/2186/2186 2160/2180/2180
f 2166/2187/2187 2160/2180/2180 2165/2186/2186
f 2168/2188/2188 2158/2179/2179 2159/2189/2189
f 2155/2175/2175 2158/2179/2179 2168/2188/2188
f 2240/2190/2190 2183/2191/2191 2170/2192/2192
f 2169/2193/2193 2170/2192/2192 2183/2191/2191
f 2168/2188/2188 2171/2194/2194 2155/2175/2175
f 2173/2195/2195 2172/2196/2196 2169/2193/2193
f 2174/2197/2197 2155/2175/2175 2171/2194/2194
f 27/35/35 2175/2174/2174 30/33/33
f 2153/18/18 30/33/33 2175/2174/2174
f 2155/2175/2175 2174/2197/2197 16/14/14
f 2186/15/15 16/14/14 2174/2197/2197
f 2186/15/15 2174/2197/2197 2176/2198/2198
f 2179/2199/2199 2178/2200/2200 2180/2201/2201
f 2180/2201/2201 2181/2202/2202 2179/2199/2199
f 2180/2201/2201 2182/2203/2203 2181/2202/2202
f 2173/2195/2195 2169/2193/2193 2184/2204/2204
f 2169/2193/2193 2183/2191/2191 2184/2204/2204
f 2165/2186/2186 2179/2199/2199 2181/2202/2202
f 2181/2202/2202 2166/2187/2187 2165/2186/2186
f 13/12/12 2179/2199/2199 2165/2186/2186
f 2178/2200/2200 13/12/12 12/13/13
f 2179/2199/2199 13/12/12 2178/2200/2200
f 2174/2197/2197 2185/2205/2205 2176/2198/2198
f 2177/2206/2206 2176/2198/2198 2185/2205/2205
f 14/17/17 2186/15/15 2176/2198/2198
f 30/33/33 2187/42/42 31/36/36
f 2187/42/42 30/33/33 23/30/30
f 2190/2207/2207 2191/2208/2208 2189/2209/2209
f 2191/2208/2208 2194/2210/2210 2195/2211/2211
f 2195/2211/2211 2189/2209/2209 2191/2208/2208
f 2198/2212/2212 2197/2213/2213 2196/2214/2214
f 2198/2212/2212 2199/2215/2215 2197/2213/2213
f 2192/2216/2216 2198/2212/2212 2196/2214/2214
f 2192/2216/2216 2193/2217/2217 2198/2212/2212
f 2201/2218/2218 2200/2219/2219 2202/2220/2220
f 2203/2221/2221 2202/2220/2220 2200/2219/2219
f 2200/2219/2219 2204/2222/2222 2203/2221/2221
f 2205/2223/2223 35/40/40 2203/2221/2221
f 2205/2223/2223 34/37/37 35/40/40
f 2205/2223/2223 2204/2222/2222 2206/2224/2224
f 2204/2222/2222 2205/2223/2223 2203/2221/2221
f 35/40/40 36/41/41 37/2225/2225
f 35/40/40 37/2225/2225 2203/2221/2221
f 2207/2226/2226 2203/2221/2221 37/2225/2225
f 2203/2221/2221 2207/2226/2226 2208/2227/2227
f 2210/2228/2228 2211/43/43 2189/2209/2209
f 2189/2209/2209 2209/2229/2229 2210/2228/2228
f 38/2230/2230 2211/43/43 2210/2228/2228
f 2188/44/44 2189/2209/2209 2211/43/43
f 2213/2231/2231 2205/2223/2223 2206/2224/2224
f 2217/2232/2232 2214/2233/2233 2215/2234/2234
f 2190/2207/2207 2189/2209/2209 2215/2234/2234
f 2218/2235/2235 2216/2236/2236 2217/2232/2232
f 2217/2232/2232 2215/2234/2234 2218/2235/2235
f 2218/2235/2235 2219/2237/2237 2216/2236/2236
f 2219/2237/2237 23/30/30 2223/2238/2238
f 2220/2239/2239 2216/2236/2236 2219/2237/2237
f 33/38/38 34/37/37 2205/2223/2223
f 2205/2223/2223 2213/2231/2231 2221/2240/2240
f 2221/2240/2240 33/38/38 2205/2223/2223
f 33/38/38 2221/2240/2240 2222/2241/2241
f 2188/44/44 2218/2235/2235 2215/2234/2234
f 2215/2234/2234 2189/2209/2209 2188/44/44
f 2193/2217/2217 2212/2242/2242 2198/2212/2212
f 2187/42/42 23/30/30 2219/2237/2237
f 2187/42/42 2219/2237/2237 2218/2235/2235
f 2218/2235/2235 2188/44/44 2187/42/42
f 2220/2239/2239 2219/2237/2237 2223/2238/2238
f 2223/2238/2238 21/29/29 2224/28/28
f 21/29/29 2223/2238/2238 23/30/30
f 42/51/51 2226/2243/2243 45/31/31
f 45/31/31 2226/2243/2243 21/29/29
f 42/51/51 2227/2244/2244 2226/2243/2243
f 2227/2244/2244 42/51/51 41/50/50
f 2227/2244/2244 41/50/50 2225/2245/2245
f 2226/2243/2243 2227/2244/2244 2238/2246/2246
f 2228/2247/2247 44/8/8 2230/2248/2248
f 7/23/23 2230/2248/2248 44/8/8
f 2234/2249/2249 7/23/23 2231/2250/2250
f 2232/2251/2251 22/27/27 21/29/29
f 21/29/29 2233/2252/2252 2232/2251/2251
f 7/23/23 24/26/26 2231/2250/2250
f 24/26/26 20/25/25 2231/2250/2250
f 2230/2248/2248 2572/2253/2253 2228/2247/2247
f 2229/2254/2254 2228/2247/2247 2572/2253/2253
f 2235/2255/2255 2572/2253/2253 2230/2248/2248
f 2238/2246/2246 2227/2244/2244 2236/2256/2256
f 2238/2246/2246 2558/2257/2257 2226/2243/2243
f 2580/2258/2258 2233/2252/2252 2226/2243/2243
f 2237/2259/2259 2233/2252/2252 2580/2258/2258
f 2226/2243/2243 2558/2257/2257 2580/2258/2258
f 2230/2248/2248 2574/2260/2260 2235/2255/2255
f 2234/2249/2249 2574/2260/2260 2230/2248/2248
f 7/23/23 2234/2249/2249 2230/2248/2248
f 2239/2261/2261 2234/2249/2249 2231/2250/2250
f 2239/2261/2261 2576/2262/2262 2575/2263/2263
f 2575/2263/2263 2234/2249/2249 2239/2261/2261
f 2226/2243/2243 2233/2252/2252 21/29/29
f 43/52/52 44/8/8 2228/2247/2247
f 11/9/9 13/12/12 2164/2185/2185
f 13/12/12 11/9/9 8/10/10
f 33/38/38 25/24/24 19/22/22
f 25/24/24 33/38/38 2222/2241/2241
f 199/211/211 200/212/212 431/440/440
f 431/440/440 432/441/441 199/211/211
f 202/214/214 199/211/211 432/441/441
f 432/441/441 2241/2264/2264 202/214/214
f 199/211/211 202/214/214 197/208/208
f 407/417/417 432/441/441 395/405/405
f 2241/2264/2264 432/441/441 407/417/417
f 407/417/417 408/418/418 2241/2264/2264
f 2242/2265/2265 2241/2264/2264 408/418/418
f 408/418/418 416/426/426 2242/2265/2265
f 416/426/426 417/427/427 2243/2266/2266
f 2244/2267/2267 2242/2265/2265 416/426/426
f 416/426/426 2243/2266/2266 2244/2267/2267
f 2244/2267/2267 2241/2264/2264 2242/2265/2265
f 191/203/203 202/214/214 2241/2264/2264
f 2241/2264/2264 2244/2267/2267 191/203/203
f 2245/2268/2268 1243/2269/2269 1242/1267/1267
f 1242/1267/1267 2246/2270/2270 2245/2268/2268
f 2246/2270/2270 1242/1267/1267 1246/1270/1270
f 1245/161/161 157/169/169 1246/1270/1270
f 157/169/169 156/168/168 1246/1270/1270
f 155/167/167 1246/1270/1270 156/168/168
f 192/204/204 2246/2270/2270 1246/1270/1270
f 1246/1270/1270 155/167/167 192/204/204
f 2247/2271/2271 2245/2268/2268 2246/2270/2270
f 192/204/204 2247/2271/2271 2246/2270/2270
f 2247/2271/2271 192/204/204 191/203/203
f 508/518/518 2248/2272/2272 452/460/460
f 2248/2272/2272 508/518/518 505/516/516
f 2248/2272/2272 2249/2273/2273 452/460/460
f 2248/2272/2272 505/516/516 504/514/514
f 504/514/514 2250/2274/2274 2248/2272/2272
f 2250/2274/2274 504/514/514 301/312/312
f 301/312/312 299/310/310 2250/2274/2274
f 2249/2273/2273 2248/2272/2272 2250/2274/2274
f 2251/2275/2275 2249/2273/2273 2250/2274/2274
f 2250/2274/2274 552/562/562 2251/2275/2275
f 552/562/562 2250/2274/2274 299/310/310
f 299/310/310 298/308/308 552/562/562
f 298/308/308 294/309/309 552/562/562
f 456/465/465 452/460/460 2249/2273/2273
f 2249/2273/2273 2251/2275/2275 456/465/465
f 551/561/561 456/465/465 2251/2275/2275
f 2251/2275/2275 552/562/562 551/561/561
f 456/465/465 551/561/561 457/466/466
f 2253/2276/2276 348/359/359 2252/2277/2277
f 2252/2277/2277 240/251/251 239/250/250
f 239/250/250 243/254/254 2252/2277/2277
f 2252/2277/2277 243/254/254 2253/2276/2276
f 349/358/358 348/359/359 2253/2276/2276
f 240/251/251 2252/2277/2277 348/359/359
f 231/242/242 240/251/251 348/359/359
f 348/359/359 232/244/244 231/242/242
f 230/243/243 240/251/251 231/242/242
f 335/346/346 2254/2278/2278 337/349/349
f 335/346/346 349/358/358 2254/2278/2278
f 1411/1434/1434 337/349/349 1416/1441/1441
f 337/349/349 2254/2278/2278 2255/2279/2279
f 2255/2279/2279 1416/1441/1441 337/349/349
f 2255/2279/2279 243/254/254 241/252/252
f 241/252/252 2256/2280/2280 2255/2279/2279
f 2256/2280/2280 241/252/252 242/253/253
f 177/189/189 2256/2280/2280 242/253/253
f 2256/2280/2280 177/189/189 2257/2281/2281
f 1415/1435/1435 1416/1441/1441 2258/2282/2282
f 2258/2282/2282 1416/1441/1441 2257/2281/2281
f 1416/1441/1441 2255/2279/2279 2256/2280/2280
f 2256/2280/2280 2257/2281/2281 1416/1441/1441
f 2253/2276/2276 2254/2278/2278 349/358/358
f 243/254/254 2255/2279/2279 2254/2278/2278
f 2254/2278/2278 2253/2276/2276 243/254/254
f 2259/2283/2283 330/341/341 329/340/340
f 329/340/340 2260/1056/1056 2259/2283/2283
f 2260/1056/1056 329/340/340 327/338/338
f 1339/2284/2284 2262/2285/2285 1338/1361/1361
f 2262/2285/2285 1339/2284/2284 2263/2286/2286
f 2263/2286/2286 2264/2287/2287 2262/2285/2285
f 1341/1362/1362 1338/1361/1361 2262/2285/2285
f 1471/1501/1501 1479/1500/1500 2264/2287/2287
f 2264/2287/2287 2263/2286/2286 1471/1501/1501
f 1299/1321/1321 1479/1500/1500 1290/1312/1312
f 1299/1321/1321 2264/2287/2287 1479/1500/1500
f 2262/2285/2285 1298/1320/1320 1341/1362/1362
f 1298/1320/1320 2262/2285/2285 2264/2287/2287
f 2264/2287/2287 1299/1321/1321 1298/1320/1320
f 1471/1501/1501 2267/2288/2288 1470/1491/1491
f 2267/2288/2288 1471/1501/1501 2263/2286/2286
f 1339/2284/2284 2265/2289/2289 2266/2290/2290
f 2266/2290/2290 2267/2288/2288 1339/2284/2284
f 2267/2288/2288 2263/2286/2286 1339/2284/2284
f 1187/1212/1212 2268/1211/1211 2269/2291/2291
f 2269/2291/2291 163/176/176 1187/1212/1212
f 163/176/176 2269/2291/2291 162/172/172
f 1412/1438/1438 1413/1439/1439 2268/1211/1211
f 2270/2292/2292 2268/1211/1211 1413/1439/1439
f 2269/2291/2291 2268/1211/1211 2270/2292/2292
f 2270/2292/2292 177/189/189 176/190/190
f 178/170/170 162/172/172 2270/2292/2292
f 2270/2292/2292 176/190/190 178/170/170
f 2270/2292/2292 162/172/172 2269/2291/2291
f 1413/1439/1439 1414/1440/1440 2270/2292/2292
f 2258/2282/2282 1414/1440/1440 1415/1435/1435
f 1414/1440/1440 2258/2282/2282 2270/2292/2292
f 2257/2281/2281 2270/2292/2292 2258/2282/2282
f 2270/2292/2292 2257/2281/2281 177/189/189
f 2061/2085/2085 2272/858/858 2271/2293/2293
f 2272/858/858 2061/2085/2085 2059/2084/2084
f 2274/2294/2294 2271/2293/2293 2272/858/858
f 2272/858/858 2273/2295/2295 2274/2294/2294
f 2272/858/858 2059/2084/2084 2058/859/859
f 2272/858/858 845/856/856 2273/2295/2295
f 845/856/856 846/855/855 2273/2295/2295
f 853/866/866 2273/2295/2295 846/855/855
f 2275/2296/2296 2274/2294/2294 2273/2295/2295
f 852/865/865 2275/2296/2296 2273/2295/2295
f 2273/2295/2295 853/866/866 852/865/865
f 1428/1447/1447 1434/1454/1454 1458/1479/1479
f 1458/1479/1479 2276/2297/2297 1428/1447/1447
f 1429/1449/1449 1428/1447/1447 2276/2297/2297
f 2276/2297/2297 2277/2298/2298 1429/1449/1449
f 2276/2297/2297 1458/1479/1479 1463/1484/1484
f 2276/2297/2297 1463/1484/1484 1465/1486/1486
f 1465/1486/1486 2043/2068/2068 2276/2297/2297
f 2278/2299/2299 2276/2297/2297 2043/2068/2068
f 2043/2068/2068 2046/2071/2071 2278/2299/2299
f 2276/2297/2297 2278/2299/2299 2277/2298/2298
f 2050/2075/2075 2278/2299/2299 2046/2071/2071
f 2279/2300/2300 2277/2298/2298 2278/2299/2299
f 2278/2299/2299 2050/2075/2075 2279/2300/2300
f 2280/2301/2301 1429/1449/1449 2277/2298/2298
f 2277/2298/2298 2279/2300/2300 2280/2301/2301
f 1426/2302/2302 1425/1448/1448 1429/1449/1449
f 1429/1449/1449 2280/2301/2301 1426/2302/2302
f 1464/1485/1485 2281/2303/2303 1465/1486/1486
f 2281/2303/2303 1464/1485/1485 1460/1481/1481
f 1460/1481/1481 2282/2304/2304 2281/2303/2303
f 2044/2069/2069 1465/1486/1486 2281/2303/2303
f 2282/2304/2304 1460/1481/1481 1462/1483/1483
f 1449/1468/1468 2283/2305/2305 1462/1483/1483
f 2284/2306/2306 1462/1483/1483 2283/2305/2305
f 1462/1483/1483 2284/2306/2306 2282/2304/2304
f 2285/2307/2307 2284/2306/2306 2283/2305/2305
f 2283/2305/2305 2286/2308/2308 2285/2307/2307
f 2286/2308/2308 2287/2309/2309 2285/2307/2307
f 2288/2310/2310 2284/2306/2306 2285/2307/2307
f 2281/2303/2303 2289/2311/2311 2044/2069/2069
f 2289/2311/2311 2281/2303/2303 2282/2304/2304
f 2282/2304/2304 2284/2306/2306 2289/2311/2311
f 2284/2306/2306 2288/2310/2310 2289/2311/2311
f 2038/2063/2063 2044/2069/2069 2289/2311/2311
f 1443/1462/1462 1442/1461/1461 2319/2312/2312
f 2319/2312/2312 2290/2313/2313 1443/1462/1462
f 2290/2313/2313 2319/2312/2312 2318/2314/2314
f 1444/1463/1463 1443/1462/1462 2290/2313/2313
f 2290/2313/2313 2291/2315/2315 1444/1463/1463
f 2290/2313/2313 2318/2314/2314 2292/2316/2316
f 2292/2316/2316 2293/2317/2317 2290/2313/2313
f 2293/2317/2317 2292/2316/2316 2294/2318/2318
f 2294/2318/2318 2295/2319/2319 2293/2317/2317
f 2295/2319/2319 2296/2320/2320 2293/2317/2317
f 2291/2315/2315 2290/2313/2313 2293/2317/2317
f 2297/2321/2321 2291/2315/2315 2293/2317/2317
f 2293/2317/2317 2298/2322/2322 2297/2321/2321
f 2298/2322/2322 2293/2317/2317 2296/2320/2320
f 2298/2322/2322 2287/2309/2309 2286/2308/2308
f 2283/2305/2305 2297/2321/2321 2298/2322/2322
f 2298/2322/2322 2286/2308/2308 2283/2305/2305
f 1448/1467/1467 1444/1463/1463 2291/2315/2315
f 2283/2305/2305 2291/2315/2315 2297/2321/2321
f 1449/1468/1468 1448/1467/1467 2291/2315/2315
f 2291/2315/2315 2283/2305/2305 1449/1468/1468
f 1987/2012/2012 2299/2323/2323 1988/2014/2014
f 2299/2323/2323 1987/2012/2012 1983/2007/2007
f 2300/2324/2324 2299/2323/2323 1983/2007/2007
f 1982/2009/2009 2301/2325/2325 1983/2007/2007
f 2302/2326/2326 1983/2007/2007 2301/2325/2325
f 1983/2007/2007 2302/2326/2326 2300/2324/2324
f 2296/2320/2320 2302/2326/2326 2301/2325/2325
f 2301/2325/2325 2287/2309/2309 2296/2320/2320
f 2298/2322/2322 2296/2320/2320 2287/2309/2309
f 2294/2318/2318 2299/2323/2323 2300/2324/2324
f 2300/2324/2324 2295/2319/2319 2294/2318/2318
f 2300/2324/2324 2302/2326/2326 2295/2319/2319
f 2302/2326/2326 2296/2320/2320 2295/2319/2319
f 2303/2327/2327 1988/2014/2014 2299/2323/2323
f 1989/2013/2013 1988/2014/2014 2303/2327/2327
f 2303/2327/2327 2304/2328/2328 1989/2013/2013
f 2303/2327/2327 2299/2323/2323 2294/2318/2318
f 2294/2318/2318 2305/2329/2329 2303/2327/2327
f 2294/2318/2318 2306/2330/2330 2305/2329/2329
f 2307/2331/2331 2305/2329/2329 2306/2330/2330
f 2304/2328/2328 2303/2327/2327 2305/2329/2329
f 2305/2329/2329 2307/2331/2331 2304/2328/2328
f 2308/2003/2003 2304/2328/2328 2307/2331/2331
f 2307/2331/2331 2309/2332/2332 2308/2003/2003
f 2309/2332/2332 1979/2004/2004 2308/2003/2003
f 1991/2016/2016 1989/2013/2013 2304/2328/2328
f 2304/2328/2328 2308/2003/2003 1991/2016/2016
f 1976/2000/2000 1991/2016/2016 2308/2003/2003
f 2308/2003/2003 1977/2001/2001 1976/2000/2000
f 1991/2016/2016 1976/2000/2000 1962/1986/1986
f 2310/2333/2333 2311/2334/2334 2312/2335/2335
f 2312/2335/2335 2313/2336/2336 2310/2333/2333
f 2313/2336/2336 2312/2335/2335 2314/2337/2337
f 2314/2337/2337 2315/2338/2338 2313/2336/2336
f 2316/2339/2339 2313/2336/2336 2315/2338/2338
f 2316/2339/2339 2310/2333/2333 2313/2336/2336
f 2315/2338/2338 2314/2337/2337 2317/2340/2340
f 2317/2340/2340 1979/2004/2004 2315/2338/2338
f 2318/2314/2314 1979/2004/2004 2309/2332/2332
f 2309/2332/2332 2307/2331/2331 2318/2314/2314
f 1979/2004/2004 2318/2314/2314 2315/2338/2338
f 2292/2316/2316 2318/2314/2314 2307/2331/2331
f 2307/2331/2331 2306/2330/2330 2292/2316/2316
f 2306/2330/2330 2294/2318/2318 2292/2316/2316
f 2319/2312/2312 2316/2339/2339 2315/2338/2338
f 2315/2338/2338 2318/2314/2314 2319/2312/2312
f 2320/2341/2341 2321/2342/2342 2329/2343/2343
f 2321/2342/2342 2320/2341/2341 2322/2344/2344
f 2324/1472/1472 2329/2343/2343 2321/2342/2342
f 2321/2342/2342 2323/2345/2345 2324/1472/1472
f 2321/2342/2342 2322/2344/2344 2325/2346/2346
f 2325/2346/2346 2326/2347/2347 2321/2342/2342
f 2326/2347/2347 2325/2346/2346 2311/2334/2334
f 2311/2334/2334 2310/2333/2333 2326/2347/2347
f 2323/2345/2345 2321/2342/2342 2326/2347/2347
f 2326/2347/2347 2310/2333/2333 2323/2345/2345
f 1447/1466/1466 2323/2345/2345 2310/2333/2333
f 1447/1466/1466 2310/2333/2333 2316/2339/2339
f 2316/2339/2339 2319/2312/2312 1447/1466/1466
f 1441/1460/1460 1447/1466/1466 2319/2312/2312
f 2319/2312/2312 1442/1461/1461 1441/1460/1460
f 2323/2345/2345 1445/1464/1464 2324/1472/1472
f 2323/2345/2345 1447/1466/1466 1445/1464/1464
f 2330/2348/2348 663/672/672 2327/2349/2349
f 663/672/672 2330/2348/2348 659/668/668
f 2327/2349/2349 663/672/672 2328/2350/2350
f 2328/2350/2350 2329/2343/2343 2327/2349/2349
f 2329/2343/2343 2331/2351/2351 2327/2349/2349
f 1346/1368/1368 2333/2352/2352 1333/1356/1356
f 2333/2352/2352 1346/1368/1368 619/627/627
f 619/627/627 618/629/629 2333/2352/2352
f 2334/2353/2353 2333/2352/2352 618/629/629
f 2335/2354/2354 2332/2355/2355 1333/1356/1356
f 1333/1356/1356 2336/2356/2356 2335/2354/2354
f 2336/2356/2356 1333/1356/1356 2333/2352/2352
f 2333/2352/2352 2334/2353/2353 2336/2356/2356
f 1334/1357/1357 1333/1356/1356 2332/2355/2355
f 1335/1359/1359 1334/1357/1357 2332/2355/2355
f 2335/2354/2354 2337/2357/2357 2332/2355/2355
f 1335/1359/1359 2332/2355/2355 2337/2357/2357
f 2337/2357/2357 2338/2358/2358 1335/1359/1359
f 1339/2284/2284 1335/1359/1359 2338/2358/2358
f 2338/2358/2358 2265/2289/2289 1339/2284/2284
f 1339/2284/2284 1338/1361/1361 1335/1359/1359
f 2339/2359/2359 2331/2351/2351 2329/2343/2343
f 1455/1474/1474 2339/2359/2359 2329/2343/2343
f 2329/2343/2343 2340/2360/2360 1455/1474/1474
f 2329/2343/2343 2328/2350/2350 2320/2341/2341
f 2329/2343/2343 2324/1472/1472 2340/2360/2360
f 2340/2360/2360 2324/1472/1472 1455/1474/1474
f 669/677/677 2341/2361/2361 663/672/672
f 669/677/677 2342/2362/2362 2341/2361/2361
f 668/678/678 2342/2362/2362 669/677/677
f 668/678/678 2343/2363/2363 2342/2362/2362
f 2344/2364/2364 2342/2362/2362 2343/2363/2363
f 2322/2344/2344 2342/2362/2362 2344/2364/2364
f 2343/2363/2363 2311/2334/2334 2344/2364/2364
f 2325/2346/2346 2344/2364/2364 2311/2334/2334
f 2344/2364/2364 2325/2346/2346 2322/2344/2344
f 2328/2350/2350 663/672/672 2341/2361/2361
f 2342/2362/2362 2322/2344/2344 2341/2361/2361
f 2320/2341/2341 2341/2361/2361 2322/2344/2344
f 2320/2341/2341 2328/2350/2350 2341/2361/2361
f 668/678/678 2345/2365/2365 2343/2363/2363
f 2345/2365/2365 668/678/678 2346/2366/2366
f 2346/2366/2366 2347/2367/2367 2345/2365/2365
f 1980/2005/2005 1968/1992/1992 1981/2006/2006
f 2347/2367/2367 2346/2366/2366 1968/1992/1992
f 1968/1992/1992 1980/2005/2005 2347/2367/2367
f 1980/2005/2005 2317/2340/2340 2347/2367/2367
f 1980/2005/2005 1978/2002/2002 2317/2340/2340
f 1978/2002/2002 1979/2004/2004 2317/2340/2340
f 2314/2337/2337 2347/2367/2367 2317/2340/2340
f 2311/2334/2334 2343/2363/2363 2345/2365/2365
f 2345/2365/2365 2348/2368/2368 2311/2334/2334
f 2348/2368/2368 2345/2365/2365 2347/2367/2367
f 2312/2335/2335 2348/2368/2368 2347/2367/2367
f 2347/2367/2367 2314/2337/2337 2312/2335/2335
f 2348/2368/2368 2312/2335/2335 2311/2334/2334
f 2288/2310/2310 2349/2369/2369 2289/2311/2311
f 2039/2064/2064 2289/2311/2311 2349/2369/2369
f 2039/2064/2064 2038/2063/2063 2289/2311/2311
f 2349/2369/2369 2288/2310/2310 2285/2307/2307
f 2285/2307/2307 2350/2370/2370 2349/2369/2369
f 2350/2370/2370 2285/2307/2307 2287/2309/2309
f 2287/2309/2309 2301/2325/2325 2350/2370/2370
f 2351/2371/2371 2349/2369/2369 2350/2370/2370
f 2350/2370/2370 2352/2372/2372 2351/2371/2371
f 2352/2372/2372 2350/2370/2370 2301/2325/2325
f 1999/2024/2024 2352/2372/2372 2301/2325/2325
f 2301/2325/2325 1982/2009/2009 1999/2024/2024
f 2002/2027/2027 2351/2371/2371 2352/2372/2372
f 2352/2372/2372 1999/2024/2024 2002/2027/2027
f 2041/2066/2066 2039/2064/2064 2349/2369/2369
f 2349/2369/2369 2351/2371/2371 2041/2066/2066
f 2000/2025/2025 2041/2066/2066 2351/2371/2371
f 2351/2371/2371 2002/2027/2027 2000/2025/2025
f 2041/2066/2066 2000/2025/2025 2001/2026/2026
f 1402/1426/1426 2353/2373/2373 880/897/897
f 881/898/898 880/897/897 2353/2373/2373
f 2353/2373/2373 2354/2374/2374 881/898/898
f 2363/2375/2375 2356/2376/2376 2355/2377/2377
f 2355/2377/2377 2356/2376/2376 2357/2378/2378
f 2358/2379/2379 2359/2380/2380 2360/2381/2381
f 2360/2381/2381 2361/2382/2382 2358/2379/2379
f 2361/2382/2382 2360/2381/2381 2362/2383/2383
f 2362/2383/2383 2363/2375/2375 2361/2382/2382
f 2361/2382/2382 2363/2375/2375 2358/2379/2379
f 2355/2377/2377 2358/2379/2379 2363/2375/2375
f 867/884/884 2359/2380/2380 2358/2379/2379
f 2358/2379/2379 2355/2377/2377 867/884/884
f 865/882/882 867/884/884 2355/2377/2377
f 2359/2380/2380 2364/2384/2384 2360/2381/2381
f 2362/2383/2383 2360/2381/2381 2364/2384/2384
f 2364/2384/2384 2365/902/902 2362/2383/2383
f 2365/902/902 2364/2384/2384 2359/2380/2380
f 2359/2380/2380 2366/883/883 2365/902/902
f 868/885/885 2365/902/902 2366/883/883
f 2367/2385/2385 2365/902/902 879/896/896
f 2365/902/902 2367/2385/2385 2362/2383/2383
f 2367/2385/2385 879/896/896 881/898/898
f 881/898/898 2368/2386/2386 2367/2385/2385
f 2363/2375/2375 2367/2385/2385 2368/2386/2386
f 2367/2385/2385 2363/2375/2375 2362/2383/2383
f 2359/2380/2380 867/884/884 2366/883/883
f 2369/2387/2387 865/882/882 2355/2377/2377
f 2355/2377/2377 2357/2378/2378 2369/2387/2387
f 865/882/882 2369/2387/2387 864/880/880
f 864/880/880 2369/2387/2387 1418/1442/1442
f 670/679/679 578/589/589 614/624/624
f 611/621/621 2370/2388/2388 614/624/624
f 2371/2389/2389 614/624/624 2370/2388/2388
f 671/680/680 670/679/679 614/624/624
f 614/624/624 2371/2389/2389 671/680/680
f 2370/2388/2388 611/621/621 494/504/504
f 494/504/504 493/503/503 2370/2388/2388
f 499/509/509 2370/2388/2388 493/503/503
f 2370/2388/2388 499/509/509 2371/2389/2389
f 471/479/479 2371/2389/2389 499/509/509
f 499/509/509 503/513/513 471/479/479
f 503/513/513 443/452/452 471/479/479
f 673/683/683 671/680/680 2371/2389/2389
f 2371/2389/2389 471/479/479 673/683/683
f 470/481/481 673/683/683 471/479/479
f 144/154/154 2372/2390/2390 145/153/153
f 2372/2390/2390 144/154/154 146/156/156
f 146/156/156 1180/1205/1205 2372/2390/2390
f 1180/1205/1205 1179/1202/1202 2372/2390/2390
f 164/177/177 145/153/153 2372/2390/2390
f 164/177/177 2372/2390/2390 1179/1202/1202
f 2373/2391/2391 164/177/177 1179/1202/1202
f 1179/1202/1202 1178/1201/1201 2373/2391/2391
f 164/177/177 2373/2391/2391 165/178/178
f 2375/2392/2392 2374/1616/1616 1044/1610/1610
f 1044/1610/1610 1043/1073/1073 2375/2392/2392
f 2376/1072/1072 2375/2392/2392 1043/1073/1073
f 2376/1072/1072 326/337/337 2261/901/901
f 2375/2392/2392 2376/1072/1072 2410/2393/2393
f 883/900/900 2410/2393/2393 2376/1072/1072
f 2376/1072/1072 2261/901/901 883/900/900
f 2377/2394/2394 1588/1614/1614 1587/1617/1617
f 2378/2395/2395 1587/1617/1617 2374/1616/1616
f 1587/1617/1617 2378/2395/2395 2377/2394/2394
f 2377/2394/2394 2378/2395/2395 2379/2396/2396
f 2378/2395/2395 2380/2397/2397 2379/2396/2396
f 2379/2396/2396 2380/2397/2397 2382/2398/2398
f 2380/2397/2397 893/914/914 2381/2399/2399
f 2382/2398/2398 2380/2397/2397 2381/2399/2399
f 2383/2400/2400 2379/2396/2396 2382/2398/2398
f 2382/2398/2398 2384/2401/2401 2383/2400/2400
f 2385/2402/2402 2386/2403/2403 2382/2398/2398
f 2385/2402/2402 2388/2404/2404 2386/2403/2403
f 2384/2401/2401 2382/2398/2398 2386/2403/2403
f 2387/2405/2405 2384/2401/2401 2386/2403/2403
f 2140/910/910 2141/2164/2164 2388/2404/2404
f 2389/2406/2406 2388/2404/2404 2385/2402/2402
f 2140/910/910 2388/2404/2404 2389/2406/2406
f 2389/2406/2406 886/913/913 885/906/906
f 885/906/906 2140/910/910 2389/2406/2406
f 893/914/914 2390/2407/2407 2381/2399/2399
f 2390/2407/2407 893/914/914 886/913/913
f 886/913/913 2389/2406/2406 2390/2407/2407
f 2385/2402/2402 2390/2407/2407 2389/2406/2406
f 2382/2398/2398 2381/2399/2399 2390/2407/2407
f 2390/2407/2407 2385/2402/2402 2382/2398/2398
f 1615/2408/2408 2391/2409/2409 1616/2167/2167
f 2144/2168/2168 1616/2167/2167 2391/2409/2409
f 2391/2409/2409 2145/2171/2171 2144/2168/2168
f 2386/2403/2403 2391/2409/2409 2387/2405/2405
f 2391/2409/2409 2386/2403/2403 2145/2171/2171
f 2388/2404/2404 2145/2171/2171 2386/2403/2403
f 2145/2171/2171 2388/2404/2404 2141/2164/2164
f 1613/1644/1644 2401/2410/2410 2392/2411/2411
f 2392/2411/2411 2387/2405/2405 1613/1644/1644
f 2387/2405/2405 2392/2411/2411 2384/2401/2401
f 2384/2401/2401 2393/2412/2412 2383/2400/2400
f 2383/2400/2400 2393/2412/2412 2395/2413/2413
f 2384/2401/2401 2392/2411/2411 2393/2412/2412
f 2392/2411/2411 2401/2410/2410 2394/2414/2414
f 2394/2414/2414 2393/2412/2412 2392/2411/2411
f 2393/2412/2412 2394/2414/2414 2395/2413/2413
f 2396/2415/2415 2377/2394/2394 2379/2396/2396
f 2396/2415/2415 1588/1614/1614 2377/2394/2394
f 2379/2396/2396 2383/2400/2400 2396/2415/2415
f 1585/1613/1613 1588/1614/1614 2396/2415/2415
f 1586/1615/1615 1585/1613/1613 2396/2415/2415
f 2396/2415/2415 2397/2416/2416 1586/1615/1615
f 2397/2416/2416 2396/2415/2415 2383/2400/2400
f 2383/2400/2400 2395/2413/2413 2397/2416/2416
f 1589/1618/1618 1586/1615/1615 2397/2416/2416
f 1577/1604/1604 1589/1618/1618 2397/2416/2416
f 2397/2416/2416 2398/2417/2417 1577/1604/1604
f 1577/1604/1604 2398/2417/2417 2399/2418/2418
f 2395/2413/2413 2398/2417/2417 2397/2416/2416
f 2398/2417/2417 2395/2413/2413 2400/2419/2419
f 2400/2419/2419 2399/2418/2418 2398/2417/2417
f 2394/2414/2414 2402/2420/2420 2400/2419/2419
f 2395/2413/2413 2394/2414/2414 2400/2419/2419
f 2402/2420/2420 2394/2414/2414 2401/2410/2410
f 2402/2420/2420 2403/2421/2421 2400/2419/2419
f 2403/2421/2421 2402/2420/2420 2404/2422/2422
f 2401/2410/2410 2404/2422/2422 2402/2420/2420
f 2404/2422/2422 2401/2410/2410 2423/2423/2423
f 2405/2424/2424 2423/2423/2423 2401/2410/2410
f 2405/2424/2424 2406/2425/2425 2425/2426/2426
f 2401/2410/2410 2406/2425/2425 2405/2424/2424
f 2406/2425/2425 1605/1636/1636 2425/2426/2426
f 1604/1635/1635 2425/2426/2426 1605/1636/1636
f 2425/2426/2426 1604/1635/1635 2426/1634/1634
f 1613/1644/1644 2406/2425/2425 2401/2410/2410
f 2406/2425/2425 1613/1644/1644 1605/1636/1636
f 2403/2421/2421 2399/2418/2418 2400/2419/2419
f 1575/1603/1603 1577/1604/1604 2399/2418/2418
f 2391/2409/2409 2407/2427/2427 2387/2405/2405
f 2407/2427/2427 2391/2409/2409 1615/2408/2408
f 1615/2408/2408 1614/1648/1648 2407/2427/2427
f 1614/1648/1648 1599/1643/1643 2407/2427/2427
f 1613/1644/1644 2387/2405/2405 2407/2427/2427
f 2407/2427/2427 1599/1643/1643 1613/1644/1644
f 871/888/888 2409/915/915 2408/2428/2428
f 2409/915/915 871/888/888 873/890/890
f 2409/915/915 873/890/890 870/887/887
f 892/912/912 893/914/914 2409/915/915
f 2380/2397/2397 2409/915/915 893/914/914
f 2378/2395/2395 2408/2428/2428 2409/915/915
f 2409/915/915 2380/2397/2397 2378/2395/2395
f 2410/2393/2393 2374/1616/1616 2375/2392/2392
f 883/900/900 884/903/903 2410/2393/2393
f 2408/2428/2428 2410/2393/2393 884/903/903
f 884/903/903 871/888/888 2408/2428/2428
f 2378/2395/2395 2374/1616/1616 2410/2393/2393
f 2410/2393/2393 2408/2428/2428 2378/2395/2395
f 1689/1716/1716 1698/1061/1061 1031/1060/1060
f 1058/1087/1087 1032/1059/1059 1698/1061/1061
f 2412/2429/2429 2413/2430/2430 2411/2431/2431
f 2411/2431/2431 1507/1533/1533 2412/2429/2429
f 1514/1531/1531 1513/1535/1535 1512/1532/1532
f 2412/2429/2429 1507/1533/1533 1512/1532/1532
f 2412/2429/2429 1524/1546/1546 2413/2430/2430
f 1049/1080/1080 1054/1075/1075 1055/1085/1085
f 1680/1705/1705 1675/1701/1701 1674/1700/1700
f 1675/1701/1701 1680/1705/1705 1056/1084/1084
f 1056/1084/1084 1055/1085/1085 1675/1701/1701
f 2414/2432/2432 2139/2162/2162 1057/1082/1082
f 1052/1083/1083 1057/1082/1082 2139/2162/2162
f 2139/2162/2162 1063/1090/1090 1052/1083/1083
f 2139/2162/2162 890/911/911 1063/1090/1090
f 1052/1083/1083 1063/1090/1090 1051/1028/1028
f 1057/1082/1082 1056/1084/1084 2414/2432/2432
f 2138/2161/2161 2139/2162/2162 2414/2432/2432
f 2414/2432/2432 2444/2433/2433 2138/2161/2161
f 2412/2429/2429 1515/1537/1537 1524/1546/1546
f 1515/1537/1537 2412/2429/2429 1512/1532/1532
f 1511/1523/1523 1515/1537/1537 1512/1532/1532
f 1575/1603/1603 2415/2434/2434 2416/2435/2435
f 2417/1602/1602 2416/2435/2435 1569/1599/1599
f 1572/1600/1600 1569/1599/1599 1570/1596/1596
f 1570/1596/1596 1573/1598/1598 1572/1600/1600
f 1569/1599/1599 1572/1600/1600 2417/1602/1602
f 1575/1603/1603 2416/2435/2435 2417/1602/1602
f 2416/2435/2435 2415/2434/2434 2418/2436/2436
f 1569/1599/1599 2416/2435/2435 2418/2436/2436
f 2418/2436/2436 1568/1594/1594 1569/1599/1599
f 2419/2437/2437 2422/2438/2438 2418/2436/2436
f 2418/2436/2436 2429/2439/2439 2419/2437/2437
f 2422/2438/2438 2419/2437/2437 2421/2440/2440
f 2421/2440/2440 2420/2441/2441 2422/2438/2438
f 2423/2423/2423 2420/2441/2441 2421/2440/2440
f 2424/2442/2442 2423/2423/2423 2421/2440/2440
f 2425/2426/2426 2423/2423/2423 2405/2424/2424
f 2420/2441/2441 2423/2423/2423 2425/2426/2426
f 2425/2426/2426 2426/1634/1634 2420/2441/2441
f 2424/2442/2442 2419/2437/2437 2427/2443/2443
f 2427/2443/2443 2428/2444/2444 2424/2442/2442
f 2421/2440/2440 2419/2437/2437 2424/2442/2442
f 2415/2434/2434 2429/2439/2439 2418/2436/2436
f 2429/2439/2439 2415/2434/2434 2427/2443/2443
f 2427/2443/2443 2419/2437/2437 2429/2439/2439
f 2403/2421/2421 2404/2422/2422 2428/2444/2444
f 2428/2444/2444 2427/2443/2443 2403/2421/2421
f 2423/2423/2423 2428/2444/2444 2404/2422/2422
f 2423/2423/2423 2424/2442/2442 2428/2444/2444
f 2427/2443/2443 2415/2434/2434 2403/2421/2421
f 1575/1603/1603 2399/2418/2418 2415/2434/2434
f 2399/2418/2418 2403/2421/2421 2415/2434/2434
f 2431/2445/2445 2432/2446/2446 2430/2447/2447
f 2433/2448/2448 2431/2445/2445 2422/2438/2438
f 2431/2445/2445 2433/2448/2448 2432/2446/2446
f 2422/2438/2438 2434/2449/2449 2436/2450/2450
f 2422/2438/2438 2436/2450/2450 2441/1588/1588
f 2435/2451/2451 1564/1591/1591 2441/1588/1588
f 2441/1588/1588 2436/2450/2450 2435/2451/2451
f 2436/2450/2450 2437/2452/2452 2435/2451/2451
f 2436/2450/2450 2439/2453/2453 2437/2452/2452
f 1601/1631/1631 2433/2448/2448 2426/1634/1634
f 2433/2448/2448 1601/1631/1631 1603/1633/1633
f 1603/1633/1633 2432/2446/2446 2433/2448/2448
f 1603/1633/1633 2430/2447/2447 2432/2446/2446
f 2426/1634/1634 2422/2438/2438 2420/2441/2441
f 2422/2438/2438 2426/1634/1634 2433/2448/2448
f 1608/1637/1637 2438/2454/2454 1611/1641/1641
f 1610/1639/1639 2435/2451/2451 2438/2454/2454
f 2438/2454/2454 1608/1637/1637 1610/1639/1639
f 2438/2454/2454 2435/2451/2451 2437/2452/2452
f 1611/1641/1641 2438/2454/2454 2439/2453/2453
f 2438/2454/2454 2437/2452/2452 2439/2453/2453
f 2440/2455/2455 1564/1591/1591 2435/2451/2451
f 2435/2451/2451 1610/1639/1639 1609/1638/1638
f 1609/1638/1638 1563/1590/1590 2440/2455/2455
f 2440/2455/2455 1563/1590/1590 1564/1591/1591
f 1609/1638/1638 2440/2455/2455 2435/2451/2451
f 2422/2438/2438 2441/1588/1588 1566/1593/1593
f 1566/1593/1593 2418/2436/2436 2422/2438/2438
f 1566/1593/1593 1568/1594/1594 2418/2436/2436
f 1566/1593/1593 1561/1592/1592 1568/1594/1594
f 1565/1580/1580 1563/1590/1590 1552/1579/1579
f 1563/1590/1590 1609/1638/1638 1553/1578/1578
f 1553/1578/1578 1552/1579/1579 1563/1590/1590
f 1562/1589/1589 2441/1588/1588 1564/1591/1591
f 2126/2151/2151 2128/2153/2153 2127/2152/2152
f 2442/2456/2456 2128/2153/2153 2131/1707/1707
f 2131/1707/1707 1676/1706/1706 2442/2456/2456
f 1679/1704/1704 2443/2160/2160 1680/1705/1705
f 2443/2160/2160 2444/2433/2433 1680/1705/1705
f 2443/2160/2160 1679/1704/1704 2124/2149/2149
f 2443/2160/2160 2124/2149/2149 2130/2155/2155
f 2443/2160/2160 2138/2161/2161 2444/2433/2433
f 1680/1705/1705 2414/2432/2432 1056/1084/1084
f 2414/2432/2432 1680/1705/1705 2444/2433/2433
f 830/840/840 2445/841/841 831/842/842
f 2446/2457/2457 993/1016/1016 2445/841/841
f 831/842/842 991/1015/1015 839/849/849
f 991/1015/1015 831/842/842 2445/841/841
f 2100/2122/2122 2095/2108/2108 986/1011/1011
f 2100/2122/2122 2446/2457/2457 2445/841/841
f 986/1011/1011 984/1009/1009 2100/2122/2122
f 984/1009/1009 983/1008/1008 2446/2457/2457
f 983/1008/1008 980/1004/1004 993/1016/1016
f 993/1016/1016 2446/2457/2457 983/1008/1008
f 2446/2457/2457 2100/2122/2122 984/1009/1009
f 985/1010/1010 2094/2118/2118 982/1007/1007
f 2094/2118/2118 963/985/985 2447/1006/1006
f 2094/2118/2118 2447/1006/1006 982/1007/1007
f 1780/1804/1804 1755/1779/1779 1753/1777/1777
f 1783/1808/1808 1780/1804/1804 1753/1777/1777
f 1753/1777/1777 2448/2458/2458 1783/1808/1808
f 1780/1804/1804 1783/1808/1808 1781/1805/1805
f 1752/1776/1776 2448/2458/2458 1753/1777/1777
f 2448/2458/2458 1752/1776/1776 921/944/944
f 921/944/944 920/943/943 2448/2458/2458
f 2449/2459/2459 2448/2458/2458 920/943/943
f 920/943/943 2450/2460/2460 2449/2459/2459
f 920/943/943 928/951/951 2450/2460/2460
f 928/951/951 916/939/939 2450/2460/2460
f 2448/2458/2458 2449/2459/2459 1783/1808/1808
f 1783/1808/1808 2449/2459/2459 1784/1807/1807
f 964/2461/2461 963/985/985 2094/2118/2118
f 2094/2118/2118 2093/2117/2117 964/2461/2461
f 1786/1810/1810 964/2461/2461 2093/2117/2117
f 1786/1810/1810 2093/2117/2117 2092/2116/2116
f 1787/1811/1811 1786/1810/1810 2092/2116/2116
f 955/977/977 963/985/985 964/2461/2461
f 964/2461/2461 1786/1810/1810 955/977/977
f 1619/2166/2166 1614/1648/1648 1616/2167/2167
f 1618/1645/1645 1614/1648/1648 1619/2166/2166
f 1615/2408/2408 1616/2167/2167 1614/1648/1648
f 2233/2252/2252 2237/2259/2259 2232/2251/2251
f 404/414/414 388/398/398 480/489/489
f 480/489/489 2451/2462/2462 404/414/414
f 402/412/412 404/414/414 2451/2462/2462
f 2451/2462/2462 2452/2463/2463 402/412/412
f 2451/2462/2462 480/489/489 479/488/488
f 478/487/487 487/497/497 479/488/488
f 484/494/494 479/488/488 487/497/497
f 2452/2463/2463 2451/2462/2462 479/488/488
f 479/488/488 484/494/494 2452/2463/2463
f 2453/2464/2464 2452/2463/2463 484/494/494
f 484/494/494 482/492/492 2453/2464/2464
f 482/492/492 481/491/491 2454/2465/2465
f 2454/2465/2465 2453/2464/2464 482/492/492
f 399/409/409 402/412/412 2452/2463/2463
f 400/410/410 2452/2463/2463 2453/2464/2464
f 2453/2464/2464 2454/2465/2465 400/410/410
f 400/410/410 399/409/409 2452/2463/2463
f 481/491/491 2455/2466/2466 2454/2465/2465
f 481/491/491 2456/2467/2467 2455/2466/2466
f 481/491/491 1372/1396/1396 2456/2467/2467
f 1372/1396/1396 481/491/491 1363/1388/1388
f 1372/1396/1396 1374/1397/1397 2457/2468/2468
f 1372/1396/1396 2457/2468/2468 2456/2467/2467
f 420/430/430 2456/2467/2467 2457/2468/2468
f 422/432/432 2457/2468/2468 1374/1397/1397
f 1374/1397/1397 423/434/434 422/432/432
f 2457/2468/2468 422/432/432 420/430/430
f 400/410/410 2454/2465/2465 2455/2466/2466
f 2455/2466/2466 418/428/428 400/410/410
f 418/428/428 2455/2466/2466 2456/2467/2467
f 2456/2467/2467 420/430/430 418/428/428
f 602/613/613 603/612/612 1368/1391/1391
f 1364/1386/1386 2458/2469/2469 1368/1391/1391
f 2459/2470/2470 1368/1391/1391 2458/2469/2469
f 1368/1391/1391 2459/2470/2470 602/613/613
f 1363/1388/1388 481/491/491 1364/1386/1386
f 2460/490/490 1364/1386/1386 481/491/491
f 1364/1386/1386 2460/490/490 2458/2469/2469
f 2461/2471/2471 2458/2469/2469 2460/490/490
f 485/496/496 2461/2471/2471 2460/490/490
f 492/502/502 602/613/613 2459/2470/2470
f 2458/2469/2469 2461/2471/2471 2459/2470/2470
f 490/500/500 2459/2470/2470 2461/2471/2471
f 2461/2471/2471 485/496/496 490/500/500
f 2459/2470/2470 490/500/500 492/502/502
f 1377/1399/1399 1219/1244/1244 1218/1243/1243
f 1218/1243/1243 2462/2472/2472 1377/1399/1399
f 2462/2472/2472 1218/1243/1243 1216/1239/1239
f 1215/1241/1241 2463/2473/2473 1216/1239/1239
f 2463/2473/2473 1215/1241/1241 414/424/424
f 414/424/424 425/435/435 2463/2473/2473
f 1371/1393/1393 1216/1239/1239 2463/2473/2473
f 1371/1393/1393 2463/2473/2473 425/435/435
f 425/435/435 423/434/434 1371/1393/1393
f 1373/1395/1395 1371/1393/1393 423/434/434
f 1362/1385/1385 1377/1399/1399 2462/2472/2472
f 1216/1239/1239 1371/1393/1393 2462/2472/2472
f 1362/1385/1385 2462/2472/2472 1371/1393/1393
f 645/654/654 644/653/653 1972/1996/1996
f 1970/1994/1994 2464/2474/2474 1972/1996/1996
f 2464/2474/2474 1970/1994/1994 1969/1993/1993
f 2464/2474/2474 1969/1993/1993 1968/1992/1992
f 1968/1992/1992 2346/2366/2366 2464/2474/2474
f 2464/2474/2474 667/675/675 665/674/674
f 667/675/675 2464/2474/2474 2346/2366/2366
f 2346/2366/2366 668/678/678 667/675/675
f 641/650/650 645/654/654 1972/1996/1996
f 2464/2474/2474 665/674/674 1972/1996/1996
f 641/650/650 1972/1996/1996 665/674/674
f 59/68/68 2475/2475/2475 2465/66/66
f 49/56/56 58/65/65 2466/63/63
f 2466/63/63 2470/2476/2476 2467/64/64
f 2474/2477/2477 2465/66/66 2475/2475/2475
f 58/65/65 2465/66/66 2474/2477/2477
f 2472/2478/2478 66/69/69 2473/2479/2479
f 63/72/72 2468/74/74 2480/2480/2480
f 2468/74/74 65/73/73 2469/2481/2481
f 2470/2476/2476 2471/2482/2482 2467/64/64
f 2478/2483/2483 63/72/72 2480/2480/2480
f 63/72/72 2478/2483/2483 64/70/70
f 58/65/65 2482/2484/2484 2466/63/63
f 64/70/70 2473/2479/2479 66/69/69
f 64/70/70 2478/2483/2483 2473/2479/2479
f 2470/2476/2476 2466/63/63 2482/2484/2484
f 2481/2485/2485 58/65/65 2474/2477/2477
f 2482/2484/2484 58/65/65 2481/2485/2485
f 65/73/73 2486/2486/2486 2469/2481/2481
f 2469/2481/2481 2476/2487/2487 2468/74/74
f 2476/2487/2487 2469/2481/2481 2486/2486/2486
f 2481/2485/2485 2474/2477/2477 2475/2475/2475
f 2482/2484/2484 2497/2488/2488 2470/2476/2476
f 2468/74/74 2476/2487/2487 2480/2480/2480
f 2471/2482/2482 2470/2476/2476 2484/2489/2489
f 2473/2479/2479 2477/2490/2490 2472/2478/2478
f 2473/2479/2479 2478/2483/2483 2477/2490/2490
f 2475/2475/2475 2483/2491/2491 2481/2485/2485
f 2492/2492/2492 2482/2484/2484 2481/2485/2485
f 2484/2489/2489 2470/2476/2476 2497/2488/2488
f 2485/2493/2493 2480/2480/2480 2476/2487/2487
f 2477/2490/2490 2478/2483/2483 2479/2494/2494
f 2479/2494/2494 2490/2495/2495 2477/2490/2490
f 2492/2492/2492 2481/2485/2485 2491/2496/2496
f 2479/2494/2494 2478/2483/2483 2480/2480/2480
f 2479/2494/2494 2480/2480/2480 2493/2497/2497
f 2490/2495/2495 2479/2494/2494 2489/2498/2498
f 2497/2488/2488 2487/2499/2499 2484/2489/2489
f 2481/2485/2485 2500/2500/2500 2491/2496/2496
f 2500/2500/2500 2481/2485/2485 2483/2491/2491
f 2482/2484/2484 2514/2501/2501 2497/2488/2488
f 2514/2501/2501 2482/2484/2484 2492/2492/2492
f 2485/2493/2493 2476/2487/2487 2488/2502/2502
f 2489/2498/2498 2479/2494/2494 2493/2497/2497
f 2493/2497/2497 2480/2480/2480 2485/2493/2493
f 2495/2503/2503 2490/2495/2495 2489/2498/2498
f 2485/2493/2493 2488/2502/2502 2494/2504/2504
f 2489/2498/2498 2496/2505/2505 2495/2503/2503
f 2492/2492/2492 2515/2506/2506 2514/2501/2501
f 2491/2496/2496 2499/2507/2507 2492/2492/2492
f 2499/2507/2507 2491/2496/2496 2500/2500/2500
f 2497/2488/2488 2514/2501/2501 2501/2508/2508
f 2501/2508/2508 2487/2499/2499 2497/2488/2488
f 2476/2487/2487 2486/2486/2486 2488/2502/2502
f 2496/2505/2505 2489/2498/2498 2493/2497/2497
f 2495/2503/2503 2496/2505/2505 2503/2509/2509
f 2485/2493/2493 2502/2510/2510 2493/2497/2497
f 2503/2509/2509 2496/2505/2505 2504/2511/2511
f 2493/2497/2497 2504/2511/2511 2496/2505/2505
f 2503/2509/2509 2504/2511/2511 2511/2512/2512
f 2502/2510/2510 2505/2513/2513 2506/2514/2514
f 2506/2514/2514 2493/2497/2497 2502/2510/2510
f 2504/2511/2511 2493/2497/2497 2506/2514/2514
f 2505/2513/2513 2502/2510/2510 2507/2515/2515
f 2508/2516/2516 2528/2517/2517 2509/2518/2518
f 2498/2519/2519 2516/2520/2520 2512/2521/2521
f 2512/2521/2521 2515/2506/2506 2499/2507/2507
f 2512/2521/2521 2499/2507/2507 2498/2519/2519
f 2514/2501/2501 2515/2506/2506 2508/2516/2516
f 2509/2518/2518 2514/2501/2501 2508/2516/2516
f 2498/2519/2519 2499/2507/2507 2500/2500/2500
f 2499/2507/2507 2515/2506/2506 2492/2492/2492
f 2494/2504/2504 2507/2515/2515 2502/2510/2510
f 2502/2510/2510 2485/2493/2493 2494/2504/2504
f 2514/2501/2501 2509/2518/2518 2501/2508/2508
f 2515/2506/2506 2510/2522/2522 2508/2516/2516
f 2512/2521/2521 2513/2523/2523 2515/2506/2506
f 2529/2524/2524 2515/2506/2506 2513/2523/2523
f 2515/2506/2506 2529/2524/2524 2510/2522/2522
f 2513/2523/2523 2512/2521/2521 2516/2520/2520
f 2518/2525/2525 2519/2526/2526 2506/2514/2514
f 2518/2525/2525 2505/2513/2513 2517/2527/2527
f 2518/2525/2525 2517/2527/2527 2521/2528/2528
f 2519/2526/2526 2521/2528/2528 2539/2529/2529
f 2521/2528/2528 2519/2526/2526 2518/2525/2525
f 2521/2528/2528 2517/2527/2527 2522/2530/2530
f 2525/2531/2531 2527/2532/2532 2524/2533/2533
f 2528/2517/2517 2524/2533/2533 2527/2532/2532
f 2511/2512/2512 2504/2511/2511 2538/2534/2534
f 2513/2523/2523 2535/2535/2535 2529/2524/2524
f 2535/2535/2535 2513/2523/2523 2526/2536/2536
f 2526/2536/2536 2513/2523/2523 2516/2520/2520
f 2504/2511/2511 2506/2514/2514 2519/2526/2526
f 2519/2526/2526 2538/2534/2534 2504/2511/2511
f 2523/2537/2537 2511/2512/2512 2538/2534/2534
f 2510/2522/2522 2524/2533/2533 2528/2517/2517
f 2507/2515/2515 2517/2527/2527 2505/2513/2513
f 2518/2525/2525 2506/2514/2514 2505/2513/2513
f 2528/2517/2517 2508/2516/2516 2510/2522/2522
f 2529/2524/2524 2530/2538/2538 2524/2533/2533
f 2524/2533/2533 2531/2539/2539 2525/2531/2531
f 2525/2531/2531 2531/2539/2539 2532/2540/2540
f 2533/2541/2541 2532/2540/2540 2531/2539/2539
f 2522/2530/2530 2534/2542/2542 2521/2528/2528
f 2538/2534/2534 2537/2543/2543 2544/2544/2544
f 2529/2524/2524 2543/2545/2545 2530/2538/2538
f 2535/2535/2535 2526/2536/2536 2536/2546/2546
f 2543/2545/2545 2529/2524/2524 2535/2535/2535
f 2535/2535/2535 2536/2546/2546 2543/2545/2545
f 2544/2544/2544 2523/2537/2537 2538/2534/2534
f 2538/2534/2534 2519/2526/2526 2520/2547/2547
f 2520/2547/2547 2537/2543/2543 2538/2534/2534
f 2539/2529/2529 2534/2542/2542 2541/2548/2548
f 2520/2547/2547 2546/2549/2549 2537/2543/2543
f 2520/2547/2547 2519/2526/2526 2539/2529/2529
f 2539/2529/2529 2521/2528/2528 2534/2542/2542
f 2531/2539/2539 2530/2538/2538 2540/2550/2550
f 2550/2551/2551 2533/2541/2541 2531/2539/2539
f 2531/2539/2539 2540/2550/2550 2550/2551/2551
f 2542/2552/2552 2520/2547/2547 2539/2529/2529
f 2543/2545/2545 2552/2553/2553 2540/2550/2550
f 2552/2553/2553 2543/2545/2545 2554/2554/2554
f 2554/2554/2554 2543/2545/2545 2536/2546/2546
f 2536/2546/2546 2553/2555/2555 2554/2554/2554
f 2530/2538/2538 2543/2545/2545 2540/2550/2550
f 2531/2539/2539 2524/2533/2533 2530/2538/2538
f 2529/2524/2524 2524/2533/2533 2510/2522/2522
f 2544/2544/2544 2537/2543/2543 2545/2556/2556
f 2545/2556/2556 2556/2557/2557 2544/2544/2544
f 2545/2556/2556 2546/2549/2549 2557/2558/2558
f 2550/2551/2551 2540/2550/2550 2548/2559/2559
f 2555/2560/2560 2546/2549/2549 2542/2552/2552
f 2548/2559/2559 2602/2561/2561 2550/2551/2551
f 2540/2550/2550 2552/2553/2553 2548/2559/2559
f 2554/2554/2554 2551/2562/2562 2552/2553/2553
f 2553/2555/2555 2607/2563/2563 2551/2562/2562
f 2549/2564/2564 2555/2560/2560 2542/2552/2552
f 2549/2564/2564 2604/2565/2565 2555/2560/2560
f 2548/2559/2559 2603/2566/2566 2602/2561/2561
f 2557/2558/2558 2593/2567/2567 2606/2568/2568
f 2593/2567/2567 2557/2558/2558 2546/2549/2549
f 2604/2565/2565 2605/2569/2569 2555/2560/2560
f 2601/2570/2570 2556/2557/2557 2557/2558/2558
f 2547/2571/2571 2549/2564/2564 2542/2552/2552
f 2539/2529/2529 2547/2571/2571 2542/2552/2552
f 2547/2571/2571 2539/2529/2529 2541/2548/2548
f 2556/2557/2557 2545/2556/2556 2557/2558/2558
f 2551/2562/2562 2554/2554/2554 2553/2555/2555
f 2546/2549/2549 2520/2547/2547 2542/2552/2552
f 2546/2549/2549 2545/2556/2556 2537/2543/2543
f 2238/2246/2246 2236/2256/2256 2581/2572/2572
f 2581/2572/2572 2236/2256/2256 2573/2573/2573
f 2586/2574/2574 2563/2575/2575 2562/2576/2576
f 2564/2577/2577 2565/2578/2578 2583/2579/2579
f 2564/2577/2577 2583/2579/2579 2595/2580/2580
f 2565/2578/2578 2564/2577/2577 2569/2581/2581
f 2565/2578/2578 2569/2581/2581 2568/2582/2582
f 2595/2580/2580 2562/2576/2576 2564/2577/2577
f 2570/2583/2583 2571/2584/2584 2572/2253/2253
f 2572/2253/2253 2235/2255/2255 2570/2583/2583
f 2235/2255/2255 2574/2260/2260 2570/2583/2583
f 2575/2263/2263 2574/2260/2260 2234/2249/2249
f 2560/2585/2585 2577/2586/2586 2578/2587/2587
f 2577/2586/2586 2584/2588/2588 2578/2587/2587
f 2567/2589/2589 2559/2590/2590 2566/2591/2591
f 2559/2590/2590 2560/2585/2585 2578/2587/2587
f 2558/2257/2257 2579/2592/2592 2580/2258/2258
f 2580/2258/2258 2579/2592/2592 2237/2259/2259
f 2581/2572/2572 2558/2257/2257 2238/2246/2246
f 2575/2263/2263 2576/2262/2262 2574/2260/2260
f 2566/2591/2591 2561/2593/2593 2582/2594/2594
f 2582/2594/2594 2597/2595/2595 2566/2591/2591
f 2567/2589/2589 2566/2591/2591 2597/2595/2595
f 2595/2580/2580 2587/2596/2596 2562/2576/2576
f 2562/2576/2576 2587/2596/2596 2586/2574/2574
f 2568/2582/2582 2588/2597/2597 2565/2578/2578
f 2560/2585/2585 2559/2590/2590 2589/2598/2598
f 2597/2595/2595 2582/2594/2594 2585/2599/2599
f 2596/2600/2600 2587/2596/2596 2595/2580/2580
f 2595/2580/2580 2583/2579/2579 2598/2601/2601
f 2567/2589/2589 2589/2598/2598 2559/2590/2590
f 2560/2585/2585 2591/2602/2602 2577/2586/2586
f 2591/2602/2602 2560/2585/2585 2589/2598/2598
f 2565/2578/2578 2588/2597/2597 2590/2603/2603
f 2583/2579/2579 2565/2578/2578 2590/2603/2603
f 2592/2604/2604 2584/2588/2588 2577/2586/2586
f 2592/2604/2604 2577/2586/2586 2591/2602/2602
f 2590/2603/2603 2588/2597/2597 2594/2605/2605
f 2567/2589/2589 2593/2567/2567 2589/2598/2598
f 2605/2569/2569 2592/2604/2604 2591/2602/2602
f 2605/2569/2569 2591/2602/2602 2589/2598/2598
f 2598/2601/2601 2583/2579/2579 2603/2566/2566
f 2590/2603/2603 2603/2566/2566 2583/2579/2579
f 2595/2580/2580 2598/2601/2601 2596/2600/2600
f 2596/2600/2600 2599/2606/2606 2586/2574/2574
f 2585/2599/2599 2600/2607/2607 2597/2595/2595
f 2593/2567/2567 2567/2589/2589 2600/2607/2607
f 2597/2595/2595 2600/2607/2607 2567/2589/2589
f 2587/2596/2596 2596/2600/2600 2586/2574/2574
f 2599/2606/2606 2596/2600/2600 2607/2563/2563
f 2598/2601/2601 2607/2563/2563 2596/2600/2600
f 2606/2568/2568 2585/2599/2599 2601/2570/2570
f 2555/2560/2560 2605/2569/2569 2593/2567/2567
f 2593/2567/2567 2546/2549/2549 2555/2560/2560
f 2593/2567/2567 2605/2569/2569 2589/2598/2598
f 2585/2599/2599 2606/2568/2568 2600/2607/2607
f 2603/2566/2566 2590/2603/2603 2602/2561/2561
f 2605/2569/2569 2604/2565/2565 2592/2604/2604
f 2602/2561/2561 2590/2603/2603 2594/2605/2605
f 2603/2566/2566 2552/2553/2553 2598/2601/2601
f 2606/2568/2568 2593/2567/2567 2600/2607/2607
f 2548/2559/2559 2552/2553/2553 2603/2566/2566
f 2598/2601/2601 2551/2562/2562 2607/2563/2563
f 2551/2562/2562 2598/2601/2601 2552/2553/2553
f 2557/2558/2558 2606/2568/2568 2601/2570/2570
‰PNG

   IHDR         +ƒ   sRGB ®Îé    IDATxœìİ¿n*IÓøñbõ»°Ä ,m@bd<²äp†t‚%Y:<!:	¬Dæ@²^g !X‰hå@N|ì›à@‹¦{¦f û|?’ul˜?=³Ï+½U]]]à„4Î®—iß/~>TBç-~>T²ÎO»    |eB8³ëe­zzÌÛûkjàæ¢yŸñü©´$€/AÂ   @–år¹©T*¥Å&8	6ø{7`?ó%b‚ÿñüIô˜¢“ øß\´åê²!""“é"¹—)à&$HF    §‰ ~	¾àÿíıuãıÌ—ğÿtû>/:	à.?Ğ$ÀdºØşõ¸}ï—5û·åûı£´êÍ£&#    „"ğÿÊº0~-6ğL+ÑO;Æşm n¿ËZ&0?É°ß‘Ş`´q­2ØgqïssÑ>HĞm“ÖìåYd*Òª7×•	ã   ğkùíØÀç§3øÃ~WjÕsï:øĞ1î±nğow«ÜsÇó§­àvØïÊ°ßM¾³yY®.ÒŒ’¥ eÓ
íŸ½<'?­zSdınzƒQòbš%   øZ(Æ^4°×@SÖ³Î¾şĞ1:³oƒ~·TßıNÏÑÒzìíÌè÷²û è½ô~¾~Eİ×.ĞRË¾c÷3a)    p2ò.Ğã³ØëQ€½,~>TŞŞ_W¥æë ´UonœüëŒ¸ÿ|j@3c®Ç¸	Mhã=ŸÉtQzÀÍE[zƒ‘L¦‹$Ù`gÛóÌ¼7Î®—±ÇÏ^e2]H«Ş”»Û÷˜»ÛÜİv2—P    8m±Á¿‹Ù?Â­pgøİÏm?÷Z¡õú¾Àİ6ß³çºÉ·#¿”0ûmgã}UbzÄÜ[Ÿ+íØ´{Úûûİ¤‚ı
    à4ÄV Øà?öX=&€(œä‹\/g"K Ò¤²>6™ğq\øüC½Ã~w£Aÿ<ËòŒsöò,µê¹·Ï.IĞÓª$    |Ô‡ª|É (Ìİm'3¸¼»í$³Ï.»Nßğ»ı-_CÀ²·ãÓêİ
P•µü@{"ÈºÚB—c¸ü  €ÏÏöiK|ß‘ @a´İæì¿Îd¯ª f÷şàT×ïÛF~.]SïÒ³ëeZrÀú8NJMØÆƒe²U±çè;ÎzW    NWÖR  (ù(]}ÿñ{;ùgL`zÊk×uüš°ğ-i(š}šq“¶    €ÓÛı?ö¼J¥Rq“ 'Dá×’w_zßÖzûœ_»¡»=aæEŒÃ÷¹¯ñâ)'R   €_IŞm %çn •J¥B NVÚN‡8¿H‡
ş%"¨'è   ~n  Pwf™v          Å¬$NJV¹~h&]·ö‹)÷Ïš/{›@    8‚œŒÆÙõR÷³q·tÏé¶Ÿ¶ßÿuş^Šˆüxü3úÿN|	ˆc&ÜñØ    N‡»•_ÖÖ~û"ÀI°ÁÿÛû«¸‰ û™/	üÛíø|I€´kØ$€¯B@í›‹¶\]6DDd2]$÷’ßnÀ¯ãù~ÿ(­zó c    ~9¾àÿíıuãıÌ—ğîèú>%tÆß•Uà.?Ğ {2]lÜe.-°÷¶f/ÏÒª7ED6ÆD    8îö»l‹m %6xÕ@44Cv7ø·ºı.k™Àxş$Ã~WDDzƒÑÆµò>ÛÇ?+61à«°çº÷¹¹h—>ën :Û¯4øÏŸd<·cú    ¿˜ß= œ´z±Áÿ°ß•Zõ|ãZ:Ã?ìw·îáşíÿöw·*À=wä>m3ìweØï&ßÙ€Ü}6w¦_ÿÖãíyiïêê²!½Á(Y
àŠiTØ8»^ÚŸ´ãBÁ¿˜wR«'?ú1ã    P®ÊZèo×Ò‘ç^T  ±ÏŒ°ù“éBZõ¦ÌDDd`ÖªçÒª7e2]¬gï7gÜufßın©¾ûo™€¬~YÏü‡~i¨Á¿Îş»eó¡w5?ÉÕe7¹Ÿ›l(+è½<‹LW3ş¾D€ˆÈİmGDD¾ß?zß   €¯
 bñó¡òöş*³—çU0êĞÏ}ü4Í˜[zŒÀj’@ïùL¦o€¯’@i"àæ¢-³ëe¨O€º¹hKo0’Ét‘$ôÜØ]
ÄI0Ä$flƒ?MÂhù¿¬ƒÿŞ`$½Á(I    ø|Üj\ç–2"|JE4©Ó Wƒ}1 ¡Îûî5BA²¸‹i®çë&Üübkwë?_Ó¿¿:/µò@DäßÿşÙ:ÆønÕ‚”´€}ß²NŒ¸I­FPnsÂ¢Æ   à0vmÈ $|ñ.4ÕkÔªß–¾ª€´à9kÜÇ…Ï÷=Û¿[jP¯³ü6ğãñÏJlùşÕeC®.WA·­HğUÁ&&jÕso†;    Ÿ_L ›$ €-ûÎ
ßİv¶Ö k	z»Nß(»ı­´2~ß±n‰ıâçê÷VşøıÛRÖI1[.~>TjÕDAÛw LÏß[@wIÈúï   àó[.—KM @´ØÊ ·ÉÜÛû«·)¥ë÷í~.»¦ŞíÈŸ–°>óoƒg+Ä47¬U?’Yt:^_ECÑì³èûp“úÎ‘˜    P¾¬% Z! I  ˆü¯Ùaw?Û¾f;™Á™™.kíú¿ÿıS±I ­Ğ
ƒØûº½	Ä³“@™lÂIÖÉCŒ   @¹ònH0d*¢9`Ì=ÜÏìÚşĞwiç§‰y¼Ï­ù4Ğ·ÇŞ    ²äü×•$ˆrˆ$Àgg“n ï   À±” “ÿE'şoğ¸ü_¿“k&?íş1U 1Ïá^‡à   ÀW@`ƒ“¡÷ÒhG~ß¹1ö²Öá»×±[Æ$@b–+    €˜R~·™_èó}˜ JÙK b‚å&bƒÓŒï¯ÎßKüëg¡õüøß\´åê²!""“é"¹ŸïœC š   8]$ prN)øWšÈü+7	`¯cÿ¿:{;ùÛwb—HˆIè¶†¹ô nÀ¯cù~ÿ(­z“†„   À	9t€m %k¼˜†w§ÜÏ&4èÿñøgE“n"`ØïJo ËÕ6Ïâ&#µ€M>X³—g‘©H«Ş\W&|Œ   Àáù:ø‡ºúÛÏ‹H À_³î½V=—»Û|¿‘í™îĞ1y·ïu¡ëØûVg×Küÿ×ïÇ~uÙŞ`$Ã~7Y°ï˜bûèl¿jÕ›"ëÊ…ñ|õÙ*)!ìê    üb à[®®½š²u~{İ8.í˜¼åÿJÏßw	€>«åwgş<şYù¿Áã²7ÉÍE[Üş b‚öa¿›|ÖŒ¼ıvÙÍ «ù¡ü‹yGöÛÿ6$   €ãÙg	@¨jÀe¯A ¼bÃÕq×Ë™˜2ó©ÈÌ	>õ»Ét‘ÿûV Ôªç[‰†n	¼å·Ÿ»eÿiÁ¿º¹h'ÇçO[³íEU-¸ÜR7 "rwÛ‘ï÷;½7    §!6ø×c5	ğ[©£Â§³K€ºøùPy{•ÙËsjÉ»üï;V½÷ª¼ı)jm{èöÿêü½t{¯VşøıÛ2í=Ùà_ÿnœ]/cúŞMÖû²ş&Ó…´êÍŠ‹»Ûô#éFI"    ÀçãöHãC 6˜oùEÒYl;»®A°hÛÀß÷Œ³—ç­ûİ¿[ê3ıûß?™ïÈ]ÿ¯I˜-Åì¯oŒµê¹©:øx^]’ ÿîÚ—    ÀşŠjÓ°R©Tì5¨ @abf–}ÇìRîãÎÈÛª wÖß7{¯b–Ì^“dÆÛû«Ôªç’5û/ëµøö_•·W»Ã@ˆ}¾Zõ<y×dº ø   ~1¶€
 F×»%ş¶OÀìŞœú’ ¡Æu®îü£¨qÚ-üìçÿş÷Oåßÿ>®j ”ë. e³U±çŒçO’ç}   (¯4—&€;İ»È‹ákÊ³#€¤”¬§}ï›UOkòçë¬Ÿ5¾´ó}ãûã÷oKY'$²{¿[~ïöˆ]°›qw$³À·C   €ÃÙ%¶, ëX* *6ø—ˆµêyƒÍCwªw·ü÷¿6v)È3~ß‡ş•ûv–_ïİH);    (Ÿ]×Ÿg7 a	 bäiFW¤}·ÎÛõüíåû;dğ_t"   Àiq›ûe›ü^ê¨ğ©+Ğÿ*Üj]«     8ª]gâ    ÇÇ¬$¢äé°ï}Ò¾ÏjÂ—u}™Ïsfï   ”É6ı+k ¡ b2ø·[îùùÇ¢ø³ŒçÛÛÿù®óãñÏÊ_¿—?ÿÌõÜ¾$Ä1$3   €Óä[Ão?s¿/"!@0€L‡XËü¯¼½¿nŒ#6øW¡†|¡ëh2@Ï•”mo.ÚruÙ‘Ét!iç”Áøu<ßï¥Uot,    üòvï (Ë¡›×å	ş•&òÿÊMÄW<É°ß•Ş`´µm ›˜LwJŠ¼3÷öŞÖìåYZõ¦ˆÈÆ˜H     ÇaƒêÓ– ¹$à·}/€¯gñó¡²k€Ø8»^úÊàCŸŸüÇ–üû]ï®	n nÿŞ5ø}æ_³—çäGƒÿñüIzƒ‘ŒçOrsÑ¦¡#   ğIÙ€ ¼vY÷ß8»^û]©UÏ7Lá·A³ınŸ1îznŒñü)ùgö¿7Ï»ºlHo0J–¸²‚ù<ßÙä…–úû¡V=O~ôyH    ‡gúåšı;ëœXK‡ €Ï®Á­z.“éBZõf’ĞÏ[õ¦L¦‹­ä€ˆHŞòÿ]Ï‰a×úë¬úÍE{#ø×€Û÷4¸ö»«²‚îÙËsòîïn;Şcîn;rwÛ)íİ   ˆĞ»É"° ¼|åíiVÇ]/gïg/Ï"~û¨UÏåíı5÷ynPîûŞWÊÿ¿~§""òãñ!Èß\´“$½Îx.Éı´ûÛ^¾ïBçiƒ¿›‹v’¯ßÏİm'©ZĞD   €ãq+Äé`¿Û¥À×O€ ¶Øævyš¸¹h'¿Ò µèæs‹Ÿ®Å³ßå¾Wcjg^Ã6+LK<¸Á¿ı,æø’ YçÌ^“ò~7É Õú¯îN    àtÙ ~×$€‹ ‚l" Ïyüëùµê·¥›(‚ávœøºA¼ˆ}Á´m˜çûÎú÷¿‚³ô²^‹u¹lgÍş[6	üëYWE„Ş5?   p|yºúû*ÜëäA ©vépwÛÙjFgKĞ]oï¯¹×¥»3ğn@hûéíıUfëJ7€Ö{Ù1f½“Ş`”Ì¸ï*¾êBD$>Icû    8]gõ÷é@@íü‹ˆ|¿ÜĞßŞ_·®·÷×­Ÿ´ïİqæ	¶}»èsÎ^·î¥İóÿıïŸJLÏ¬õßØYÿ}èÖúnÙ¿˜öML    (FÚ. YM +¶Î)é9ğØ 9O"À—8ÈJ&øJêÓšüù®;>ßùâi|øÇïß’kÆ4/Ô-ùt¿ıÛ~gœ»Èj"¸ëW    ûÛeß×0p—óY€„îúÎÛåZtj¿z7@.rÇ‚Cÿñ®	ú  €ãñÍÌûv-Hëyï]NÂ×¶kéÿ¯ÎM 0Ó   à”” Ê¡“¡Y», 4kV)|ì½	Ş   |,@¦Cÿ|§í
Ö@Ìì»» Ï%ø<¾óÆs‰É÷%H     8$ %vOú"îáÿy¶	Ôk„‚ıÎ—%ìgš5!¼¹hËÕeCDD&ÓEê9‡@5   ğ¹íº] 	 xkızVğŸVşŸ6ë¯tK¾ØàßgØïJoğ‘@°KV×ÿHØûÅVR¸É–<É7à×„Ä÷ûGiÕ›GMF    ø`ùe5,ê$ àåÛ2.MLÂ oRÁükşãñ!fXÆó'ö»""[|lğ¯lÀ>‹{İşOvàİwŸ–@U>Ì^E¦"­zs”ø   €ãÚ§£ÿ.H  (ÏŒu­z.w·ù~ÿ("ÛçÅãc×úçÒÅÌÀË:hßõ\äWÿ(õ¼«Ë†ô#ö»É2€1Éß›ÀĞÙ~Õª7“gÏí³„û     8_ğ_ÆÌ¿" ¯¼Á«Ş”Ét!­zSf""²Ì†	UØÙ~k<ŠNè±Z/"I`{®ı[ƒMøŞÏxş$W—İä¾ãŠlª˜ü‹IbØJ
ıŒí  €ã)#ÀÏòÛ¡oˆÏ£qv½Ìš•^ü|¨¼½¿®JÍ×Ah«ŞÜ85ø×@|öò,oï¯[±{Üó²|Yx÷\usÑN‚}V=n2]$Ç§•õeöòœ$Wîn;Şcîn;rwÛ‰n¨   àp–k•µØã³ØsH `o6	lO¦‹`ğïz{•Ş`´µ^=möñó¡b_•½?%÷LQ³ÿi÷Hşíù6‰ I€¬^1³ñ¡cVş>µUo&åÿ²ş{ƒ‘ô£`‚    Àç§o€=– ¼ÜævyØ ß­ˆU«'3ÕyšÖÙ$ÀÍE{£	Ÿ˜D€oÌiÏ“wün¢AÿĞÒ;ş]¾›½<K­z<«M~èX†ınî¾    ÊµËÌ¿ş^ÉàC å]#~wÛÉ.u&:–®»ÏÓI_Ñ-ïÄ“D°×Yı~½œ­gÒİ`_jB"«‚A—.\]66Ş‡›ŒH¿»T í~ãùS2¶Zõ<˜¬ ğ   >‡¬-}ÇÅ  ¯]Äi:7@¶öì>~&]›ÚÙôÿõã¶ÿkœ]/?¶üûH8d=“V/XîV„1ï%¶Ù`ˆMÄUÄ÷ˆİÍ    @y²ºı—±E 	 Å JƒüĞñYß»ŞŞ_EÖkØ¨ÚñùšäiR 6ø×İ~ ùÇ”ÿXM~¸IwI    €Ó•üï²‹ [€!aËÎ±=œ{ÿPÇüØ±éùygğ}÷İÑnhÿNÛ:°hYïíØÿ  €_®ùßõÜ]Î«T** ğˆÇ¸¿ı{Ÿ±èùnIŞqáPÁ¿DŒŸ    8®]ƒÙsi  6ì²ö+i¼S    ÀÉ;VE      8ÌJ"Ó1f²CI‡Zõ<³!ŸV1ìÚC Ï|EØ¥ê‚J   às•ñï³< ‚øû:ñ[YÍü´ŸOÚz|ßyÚ=_vHÄœã;Ï=g×¤Ä¡“    ²•Ñá?M tè¦€¡àÿíı53!à^#mÛ½UG~ÙšA%ìgã¹x·2´÷½ºlˆˆÈdºH='ë9vyÿî±:ï÷Òª7w   €r¸ş®Íıb‘ @ªC—šgÿiåÿi³şJgócƒŸa¿+½lèºä`uı$€½_è]†ü´Àß½V(ñ1{y™Š´êÍõ˜Ú    Nƒÿe. € ]×¦KÊyëù‚p<>ä–È:ö»""[|lğ¯lÀ>“{Uµ?éP;~íW­zSdıìã¹Óv   €ã({æ_‘ @ª<{ãìz9ìw×èf	{­z.w·À;†ÎøKFYˆíÖà—s5_ş£Ôó®.ÒŒdØï&Ë ¬"«*Ò‚û6‘¢ŸÑH   8J¥RY®¹ŸÇ^#OÒ@¯K [viş§AşdºV½)3ùXÓßª7e2]¬ÑíÀÓ-w·³ıÖxşĞcµ_D’À<ö\û·ÿšğ½›ñüI®.»É=Ürû²ú)¸¥şn"@Däî¶#""ßï7+    O“ öïØsóV,—Ëe¥R©ü–wøúÜ²öØsŞŞ_eöò¼
FúyZ÷~;K]«oîyÙ Ş7{®º¹h'Á¿ïùÜã&ÓErüÍE[g×ËĞRƒ]fáİsVşVÉMÂhù¿¬ƒÿŞ`$½Á(I    87ˆ·¾ê ŸJ{<	 xíR®I xªV½™¹uŸõöş*½Áhk=möñó¡b_­{ÿŠ'ÓEÔìÚ=Ò‚{¾›DĞßC•yŞµïØÙË³ÔªçÉóÚg×gö»Áe	    ÃÔ‹î`¯O [ö]®A²­$ˆ	œ­Zõ<©ÈÓµŞ&töİ¯‰€Ğ˜}BU!W—ö»[YKbŞyhÙªUÏƒc=;   €Ãòuüwgëc–,3¸ÇÓ ^»tíWw·­5èZ‚—®»ÏÓI_Ñ=ïÅ“D°×Yı~½œ­+Ü Z×ËkB"¦’!¶×€Ò¤‹n˜ö\6Aó1øŞ±Í   /v†_×íyo HìÒüÏÇm2÷öşêmJ—EÚ@úı¸íÿtGYã*ë¹´OånEüë¿¾å ¾±º		7	àû~;‰±ùìnÂ]    àxÜàŞm¨³øiI€¼	 HØæı®áNó-+x{Y÷°ü¾ËBçëÅ	ø7Æ“#1ââcÖÿû*ÒgşılÂ½Oo Ùc   @X¨@ƒzw— ßyy«H `C{ÃïÒäÎà’¬åß=P]ü|¨ätÓÊé÷}'¡àßJ›Õ—ÀÌ¿Ï¾ß   (ìnpïä‹^@ €DÁÿ¯Ì]BQÔ’
    (A	2•ÈêõkÕó­õ÷yî›Ö</Or#mı}ÑöIº°   K êP³ØºîŞ·ş~%}W‚ÆÙõ2Ôho<—\Á¿{»!¦Œßı,íœ¼É	{‚   àkp –uD)3àlœ]/İÀÿíıu+jÄ—ü«˜m÷¹ş7m¹ºlˆˆÈdºˆ¾·d$[vMÄ²š   Àn• ø­¬ãë({¶yñó¡òöşºQşï[ªX5|JmŸ›‹¶Ü\´ƒËb‚5ìw7®cßÏxş”şâÿi»+¸ß¹×O;ÖıÎşÜ\´eØïJ­z<ÿ>»<    (^™A¿Å ¤Šşcf¨ÓÑà{<ÚXà«ğ]W÷¶ïFÈÛóó3ìw¥7dË>÷9ìßY iI‰´1»Ûúî?{y™Š´êÍueB;5Q   àë"€Lî~ô¾ïkÕs¹»íÈ÷ûGÙNÄ#NÀ¼‹U`>Ú¸Ş®ì8t\îõ}®.ÒŒdØïnT”Å&0®.ë÷»Òª7EÖÏ2¯>[=K|_    å;D  6ä]k®½š²uö•ïûÑ{üÕù{9?yv[àë  t«Ét!î5Çó§¨¾óôš­Ó·cèFŞã|³÷yé²‚Pğ/æ}Ù*
ûß†$    ğ9Ù¾Y4¹@ lpKÚc{]•š¯ƒĞV½¹pjğ¯ÍñÜà?ÍÕecëZ1tæ}—Š_"âæ¢ÿú¬>zÜdºHO[Ï_”ÙË³L¦iÕ›rwÛñswÛ‘»ÛNô;   pšòÿöx– `KŞ¦«c¯—3‘iø¸Ét‘üûfáµl=&huKîİÀß7kï“¶l -ø·çÛ$‚–ÜK !‘Õ ĞÇ}V½™ÜS""ãõlÿİm'Yº³Œ   ÀiÊ»c€= 6Ññ;È_%ì€,$çñ·çÛÆ‚YÁÿìå98¾˜ ßå&#4ğ#OÀwşìåYjÕóä¹m’A—$è¿‡èK     |y+H `KVÓ¿»ÛNfpig¢­VÄ)‘ö»[kÚ}VÛ ÊÖÿğ³ºïÛóm’ÂøİuôYËt©ÃÕeÃ›HGVÀw_wç„PÂ‚À   øü*•J%oà¯H  ‘· Kƒu7@¶öì>}6İmâçÈ}ô~nAD’íúb!ÔÀPÅö.pÆJK„*V¿Å/!ˆİÍ    ÀiÊ³c K àå¢ó®Èú^ù¶ğ{{-½qŸï^¾İBôìi}Üe¾$@ÖN1»"hõÁ.‰	    §Aú]¶d0l(¢À>÷ö}îÄ¡ñé–„*OĞ5Ø-íöï´­Ó'íŞ¡s³*ö­ô    p<»–ÿW*•
 H3øÑñÄË-ßßåyÊxiÍÿô÷´Y}ß1¡qÆõ<    ğíÒ@«`fx?îûËó>ó$_N1Q    øg×Kı9öX¾š}Ş)ÿ=    äÁ,"¢•5ó¬l­z¾UÂ¯b×à‡ÎÍ;Ã÷ŞEH« :   øúöiğƒ@QÊ,;w›÷ùd5ôÓ†{>¡õ÷±×Ñîùi÷·ç»Ÿíš¼HÛ•áÔ“    ò±ëúI àhÊ^sîK ø¶ş%Ò‚¥A|Úsìs´o.ÚruÙ‘Étk­Q¿    IDATuï]Kùcv Ğñ|¿”V½õ    Ö!‚v@”¬-éö±ºæÇ2 1Ël ´D`ñó¡2K€ûèçã¹·ÎË
şÕ°ß•Şàã:š iœ]/WöGÀÜeWQˆçùg/Ï"S‘V½¹S{£¢   Àq*ø °BëÌó­¡DAVá#@JM„î9ìwED¤7“ içç=Ç&ì3¹×¹¹h—>ënÇ¯³ıªUoŠ¬ßëxnÇäO„    8²ƒ‘ßÊ¾>7˜ÍKñZõ|#™ %şÃ~7³Üıæ¢-oï¯ÉO^Ã~wì>í=Óí^g<Zş#éFÁó®.ÒŒ’* W‘İûÓ‚ûµêyò£ÏÃ.   ÀqíÒôoéÈs? Ø°k™ºù“éBZõf’ĞÏ[õ¦L¦‹­ä€¥éÍE{ãÇM„Î× |ØïÊ°ßİ˜}Ïk<Úƒş5àö½'½ŸV$¸÷ß§¡_Ú9³—çäİßİv¼çÜİväî¶“YQ   àk"€Ä>kÔ?*oï¯2{y^­;wèçoï¯¹Ş«ËÆV€Ú€o—$€ÿÖÍE;	ş}Ïç7™.’ão.ÚI2$´Ô Ï;ñküi"@ËÿeükåB(A    àôÙj¼Ëè€û4ûÓf~¾ YÔ´ëú¶ßÓuë1ÿ°ßMñÌ¾Çn˜Ö -ø·ç»Iı,mÚ(0íÚ¡sg/ÏIy¿›ôĞjı×¾#    ŸWÌ ›$ €Âi¬Áj­úm8[Àæñ·çÛÆ‚YÁÿìåycÆÜı.«Ë†\]nÛ1ÕiI€ĞøİÆ‰¡ñø   §¥R©Tt-YM íµI  a·µÛç:w·­ftZ‚òãñÏ­{ûİ­ë„Æ­Û Z±İ÷µra¶®TphíA AvÌ2†Ş`”Ì¸çåK¤U¬~‹ÿofû    8»$²w+H `C{Õ¿ÜhÜ÷öşÈ‹)S³–=fŞ—¼øØ0~Ë;íS`Ù*„Øà_Ì–„¾1Ï“g9†=Fwcp“nƒB    Ç§U ‡¸	 $Šşu6İ^Ç÷YèşvVZƒæ·÷×¨¥ ûT.è%°ì@“±ïÇ7‹ï[†öÎcŞWè›„p¯×lWK    8»@2föm² t¼›PĞê‚RÖàs²ë¾‰€}ïo¹Áthly×ÎçGÌ5´Ë¿úöï]Æ   à×’7 ² z	2;1ğY¸ï)Ï{ËS}QD¥   €_A¢*èÜu<_Ì2€˜`<ÏñEIK„   °/	d:dğŸµÖ?­	Ÿ–ÜgIÛĞw»u_ŞäAÌ9YçízM    ŸCLé"êÁ¿¯éŸıÌ—ˆ	şm7şPC¾˜kHÊıÍE[®."ë]ÒÎqÏÍk—Ä‰   àôØ5ûe&~+ëÂø:g×Ë}:ìÇ\ßşßŞ_7~ô3Ywé·ã	ÍÚÛ™{YçúÙÍE;ó!Ã~wë\¬Çó§$ğ'ø/óÚ±ØŸ›‹¶û]©UÏ“g>Ä8    Ä³A™[² 6¸kÍó4¦³çírŒèÛÙzû]Ö2ñü)Ùë^·ÁKîóÿjØïJo K÷¹×9Ô. ¶Áš½<‹LEZõæº2¡½•   p|º ˜mûŠ¾	 lH[w¢3øw·ù~ÿ("ÛËBÇ¸÷qƒ1A´~g¯iïãl}‰ » ½·
üG©ç]]6¤7É°ßİ¨(‹M`\]6Öïw¥UoŠ$«ÏVÏ"ì$    œ›(	 lÉ»%]­z.­zS&Ó…´êM™‰ˆÈf`ŸvŒÎìÛ Ü]¯ï~g+,ğ‡~şİ{jğ¯É ß;ÏŸäê²›Ü/ÔkÀ~¶Ëò ›¨	ÿb’¶jB?c;A   àôh o@L#Az `CŞ pñó¡òöşº*5_¡­zs#àÔà_›ãÍ^7ùi ¯ß§ÑcÜà_ö´÷Ét±Q’â«¸¹h'Á¿>«7™.’ãİ~¾óò¾s÷³ÙËs’\¹»íxÏ»»íÈİm's	   €¯‰Ù?lØu¿y[	 &È“ OğïˆC3ô¾Àİ=·³á–Û‘_³èi´ò@"v"ğUˆYJ°ë yîiïk—.Øß©     NOYÛ² ‰]ƒ—ä‹\/gf=z–´@ÖÇòÇ…ÏÍ ‡Æ—6ãâ®ÿ×À?-ø—Œå içÍ^¥V=OŞ}^] ÿ¢/   €ÃŠI @b—€Öİm'3¸¼»í›èÙuú1ı,wÌi	ß|›¤p~[É ÙK«®.Ş$@_ í~¶2¡V=&,ü  €ÓWÖì¿ €kŸÆpÚ€Îm€=»÷§º~ßnáçÒ5õn İ8»^¦%¬ãü]ğíÒe×Ìgÿv¬¡çˆa“ Y«ßâ“6±»    8¬2w  °ö	ş5È—@Àúşã÷vò?ô˜À´èµëv|¾&yšˆşÅ$,b·ô)ÿ±šq“¶    €ÓUÆì¿ĞVQ= ö½w_3¼}ÎÏºVÌûĞ†|ºÎßşÕü¯HY=ùß   À6;ó¿ËÖ!îµ¨ @"¦3ı!Æ}{ìz~Ïx¨à_"ÆOĞ   œ¦²fş“ë—yq|-û,ø¸‰fÚ   œ‚¤"è?œ´„É    û"@Ğ1‚ÿ¬rı´e
¾íóò\#4†c­ÛO[Â@    @^:ô¬sãìzéëÀo¥mÃ§M÷²¤­Ç÷]Ãn9˜7y°ë91bæ=   Àáh#?]ÿïş]$š bË1ÊÍmğÿöşºµŸ~¶ú|»2!&ø×nü«ü}ûÙx.Ş­õİ\´åê²!""“é"õœ2¸¿çûı£´êÍƒ   ÀiùíØÀéYü|¨2@ôÿoï¯?ú™ˆH­z¾è†fííÌ½¬ƒaıìæ¢ya¿»u®¾¯ñü)	üÅTÄ.OØUãìz©Ï`f/Ï2™.¤UoÊÕeCbŸ   ÀaTÖ–kúw÷¢ ^»®ÿ× 74CvM7Ğ×`u<Úø.k™Àxş$Ã~WDDzƒÑÆµBcÎû]éVUö™ÜëØ¤CYI;~íW­zS$IˆØ1mW@    øÚ¨ À–}‚ÿa¿ë¡¯UÏ·fÎÅS²îÿöwı.t®oÖØïÊ°ßM¾³y=G×ÄBo0J>W—éFÉR WëòmƒÀPğoŸA—OÔªçÉó”Y‘     ;ó¯}}¡ !13öîñµêyRn>‘Õ5jÕsiÕ›2™.¼køufs­ıÓF€û­°ìÌè÷ØFî=5ø×$‚ïİŒçOruÙMîç&BAw%¾ûÎ^E¦’”ú»‰ ‘»Ûˆˆ|¿ô¾;    _ Hè:rÙ¡ÀâçCåíıUf/Ï«`Ô¡Ÿûºøk0š1·ô7€Õ€İ®¿wM¦‹¨
 7ø—u‚ÿ¾çs›LÉñÚo k©AÌû³jğ÷”<g«ŞLÊÿeükå‚&    Ÿ»æ¿è öz¬Æ–]— ˆ)I×`_L€oÖÜ7ë
’}»;snËá­üÛ[úåÙ>Ğ6+LÛEÀ—DˆíV%à;Ö&%´’Â>§V#¨ÉtQz_    §Án+È lØ'øWŒêujÕoË´YsW(x¶Áµeùï¶Ïö»ru¹*ãwŸqöò¼1cî{XW—¹º\İ¶"!¶ÿ€o9@Ú›˜¨UÏƒãM«    ğõ‘ @¢ˆà_Öåæît-AOc×éÇ6êÉsşê™¯—³u)½@ÛJ	Ìş»lß]Ø$@Ú½>¾‹oègû    øu À†¼Íÿ|Ü&soï¯Ş¦t.HCó¾«Ÿölvé‚²ÛÆÿbú*bäíÁ ¿ënnB“"û$&    —-é=V±ş™l9zLPê«$ˆ©.È³-]h=|çÛ€_iR ít=¾ö:°§íP´¬yÿ{   8»l¨É* É8ÆŸõÙ©I+§ßwü‡
ş%b¬Ÿá¿   €blì0pÜ¡à³(ª?À®÷v?Ë3–}Ïßå>n#?‚n    ÇFP‚ cıYU¡ñèXcªò.E x   ğ° ™•hœ]/}ëï7ùÇb×ÜgÏ%ø<¾kŒç=“¿OµAZÅ Õ    öE ¯CÏşÛàÿíıu«ŸıÌ×‰?&ø·İø}kòc¯!)úÍE[®.""2™.RÏño¥õ^Ø%©ç<    _ÏoÇ NÓ±ƒÿ·÷×ıLÖ]úm`ëŸµJo¥øõ÷¬k„ûİ­sõ}çOIà/NğZöù®çèÏÍE[†ı®ÔªçÉ3çÙ-   Àa,×Ê¼K Pˆ˜õ¬cÜ@ßÎÖÛï²–	ŒçOÉ^÷½ÁhãZ¡qÅÿjØïJo°ZJ`ŸÅ½M:”™T±ÖìåYd*Òª7×•	í­Ä   €_	 xåY 3øw·ù~ÿè]§:Ævƒ1A´~£/°õ%ìR€4özzŞ*ğ¥wuÙŞ`$Ã~w£ ,6quÙX¿ß•V½)’TD¬>[=K¸   €¯‰ ‚48ÏZ»^«K«Ş”Ét!­zSf""²Ø§£3û6(w×ë»ßÙJËü¡ßcƒ÷ük2À÷^Æó'¹ºì&÷õ(*øNşÅ$1lÕ„~vÌ­   ìÆ.¨T*©ÿÿ¼«ÇÑ 	ø50tËÛ}?*oï¯«RóuÚª77Nşµ9Şìåy£‘Ÿòú}=Æş5`O›qŸL%ù!¾
›‹vüë³úèq“é"9Şíà³Kî3{yN’+w·ï9w·¹»íd.¡    P¾¥#ëó]®ï~Æì
a+Äùb â	ş}qh†Ş¸»Ëìl¸åvä§Ë~lU@ìN¾
1K	|Als>{nÚ=í}íÒû;    ÀqÄ÷¾Y~wf?íÚö– `Ceán/r½œ™õèYÒYÈ>ß÷|³—çàøÒfüCÜõÿø‡‚ÉØ) mì:ÆZõ<ywöyu9‚ş{ˆ¾    Ò¹Á{VPï“•Dp¯E ‰}ƒÿ»ÛNfpywÛ	6Ñ³ëôcúYnàœ–0pŸsõûG’Âøm%ƒfÿ-­>¸ºlx“ iÒ’ ¡{ÚÊ„Zõ<˜° ğ   ~-nR 6Ä4şÑtn€lìÙ½?8Õõûv?—®©wéÆÙõ2-9`}çï‚o—.(»f>+ø·c=G_ ­j`õ[Üòq   ø¼b– èß•J¥B ‰P©3æiä‡®úşã÷vò?Ğ˜À´èµëv|¾&yšˆşÅ$,b·tÇ“'ãöĞ ß&!l?     _—Mlô8Úˆ #¶ò5àÛçü¬kÅáÚO×ùÛ¿Óšÿ-k	ı&€   Àç’g@q–P€(ÇØ3>m§€2Ï/ã9üKÄø	ú  €_ 2#øÿŒÜ™ufÚ    ŸÆ®³ï    €ÓÂ¬$NJVÂ!¦QaÖ=b×óç9¾i÷¤š    À¾$p2g×K_~+m>mº—%m=¾ïvËÁ¬à{Ÿ‚¡óv½¦ï\’   À¯‹` 'Áÿoï¯[[ñÙÏ|I€˜àßnÇçKØküxü³òWçï­À[“¡ú›‹¶\]6DDd2]¤ã›—ïzîµt<ßï¥Uof   À×õÛ± ø‚ÿ·÷×ıLD¤V=ßtC³övæ^ÖÁ°~vsÑN½†/øWÃ~wküPçOIà/Nğ_f?…ÆÙõRŸÁşÌ^e2]H«Ş”«Ë†ÄTH    øšØ©4hÍ[rš!O»èÛÙzû]Ö2ñü)	Ò{ƒÑÆµBcŞ%0ÖÀß>“{›t(kÖİ_gûU«ŞI"vLÂÎ   À/†
 $tÙ~æ¸Yçû]ï}­z.Ã~w«DİıÛşíïú]è\ß¬ÿ°ß•a¿›|gò,z¯‰…Ş`”Z¶uÙŞ`”,pY	üÛg¨UÏ“}vx    >Ÿ¥#Ï¹T  ±ÏŒ°ùZn>‘U€Y«K«Ş”Ét±½¿Ş˜}Ö™}ô»ëõİïl¥€egşC¿Ç6
tï©Á¿&|ïk<’«Ënr?7Ùjè—7wï={y™JRêï&DDîn;""òışÑûî    |mT  ‹Ÿ•·÷W™½<¯‚Q‡~îkà§ÁhhÆÜÒcÜ Vv»şŞ5™.¢* |ÁıÍE;	ş}Ïç7™.’ãµß@ÚRƒ<Éß±¶ÁŸ&a´ü_ÖÁo0’Ş`”$    |>•J¥âû=êÜRF„_–¹ì‹© uŞw¯
’}»;{nËá-·#¿8ÛìÅVÄîDàVHÄn Q–º§&%´’Â>§Û´p2]°    p‚lIZp¯ÇåM ° …Ó`TƒËZõÛ2mÖ\ÅÏ>šØlü>ßôÎ^7fÌ}ÏãŞ34«Ë†\]®Æb+bªÒ–„îiµêy°B!­:   À×G …»»íl­A×ôX¾@ÙíìŸ÷|e·í“$°¾^ÎÖ¥ô³—gù÷¿*üşm)f¹ıÏbûäåK„‚ÿÏã{Ø~    NG¥R©ämì—ÅV @áÜ&soï¯Ş¦t.ÚCsZÀºøùPédçÿCYív òïeønà/"òïÿd–Øè8mÃÀ¼ÛÚ$@L™¾=F«!Ü$DÖû   ğµ‘ @¡t6İ7Ãîdí:|ı,ff:¦—À®jÕsYü\ıûïÿTjÕoË¼]ó}³ø¡Ò®‘ë¦†MB¸×Û'Q    <1³ÿö¶DáÜ’ù,i~ö½VÖù:Ëÿöş*³ë¥¯á_^yƒÿ}dİ‡Æ   ÀiËÛÜ/	 œ¬²ı2Îw{Ğm   @¬˜ÀŸä A	NJŞmğòœ+¦4?ÏuŞ   |T àd4Î®—¶áŸ?xoœ]/cíç’ü»×ùñø|—•ğ%!böÜ´$$    ì‚@'!.ø_q×äÇÿ*´?tfşß‰è7m¹ºlˆˆÈdºHî';T/ø$ºßÅ+ïy    ¾‚]à_i oğ¯Ü$@Ìul"ÀVèïn`2]lÿ¡
‚]w0ˆ¹–åûı£´êMz    ¿0–  1%ê§ZÆîÿèÿÕù{é~¦†ı®ô«åöYÜ$ÂÍEû A·M>X³—g‘©H«Ş\W&´·   ø5üvìàóÓüa¿+µê¹wF;tÌ®³ßû›FÿVÆó'ÏŸä¯ÎßK;æŞ`<ÿê²!½Á(Y
P6M`èlÿìå9ùiÕ›"ëŠ‡Ş`$ãù“Ü\´K{w    g¹û9 Ø‹ö­zS&Ó…´êM™‰ˆÈf€™vLŞò=çíıµ §ø 3ınU€.ĞÏC}Æó'¹ºìÊ°ßİ8ÏÓL0–§–ú»ãçëgE   ÀaÙ ßìëçvÛ@* °—ÅÏ‡ÊÛûëªÔ|„¶êÍ€SƒŸ½<o5òÛÅ.‰1°ÎôûJùeı¼?ÿ¬„fĞo.ÚÒŒd2]Ho0Úšmß§¡_Ú9³—ç$¹rwÛñswÛ‘»ÛÎÎï   @q–‘Bçêï6À÷}f%€½Ù$€v¾÷™L…ÿöŞZ¦³¶=æ˜´ş?~ÿ¶”Œ ]×ıkÒ@“ ió¼ß±¶ÁŸ&´ü_ÖÁo0’Ş`L    ø\4Ğ·¿ï3Å n;È¿^ÎÖAj‘t	€íÆ¯A°hÛÀß@ëzy_à¯Õêß¿-³’Ã~w#¢IĞ„bv
H{æĞ¹³—g©UÏ“Äƒ}^] ÿ¦%i    †/@/	 æî¶“\êL´õöşš»,=kıN÷«Nş"ÿş·ú[gùm? ûyVğ¯Kt+@åæ¡±„’ ¡{çOÉû«UÏ·ŠÀ   øµ‘ @a´ ¯~_UÌîıÁ©/ ·I2ş¹B¾ş^«fÏü«Ş`”Ì¸çåK¤U¬~‹ïê??­·1ïd    àë¡ 
¡} BrèûÕì{8 Ös|×³çåÙÖ.tì¿ÿıSù÷¿*6ñğÇïß–üşmÙ8»ÎüÛóT#(_"ëxûNÜ²‡ÿ    ~=T  0YjŞÆ‡˜õ÷ù÷¿*ö÷]¶ËóÍâ§­ÿ]#Ï=-7	a¯×Ht²   Àiq·ÿ5ıóG 'Ë6÷;Æùîuö‘7øßGÑ‰    _ P›hp+ º         ”YIœ”¬rı´™ô˜R™¹³ö    ¾z àd4Î®—¶¿Ÿ?xoœ]/o.Ú™÷Ï%3ø¿¹hËÇ?+""uş^êï1Í }IˆØDBÚ’]—Än'   àë#ÀIˆşWÜíøbƒ•ÖÏü1ŸÛ1ˆˆÜ\´åê²!""“é"¹ŸìP½ÖÄ0t-÷XÏ÷ûGiÕ›Qc   ğ5Q€£Ëü‹ˆ¬]ÍÆçşe»• ¡Ùı¿:/ED²‚Ë*ÀşHØ€;tĞÒ…´%îµlÂš½<‹LEZõæzLídL    ~-$ P¨ĞúùS^WÿQöÿ|fÿ¿:/Óö™Ü |•l(wÖİ&At¶_µêM‘u"b<·cJ_
   àëùíØÀ×Ñ8»^û]©UÏ7f¯u†ØïnÍjÇ4îK»ß¾c–u`®½ğÇó'iœ]/<şYÑŸ˜ë]]6¤7%U e[2‚Iÿ'©UÏ“MH9    ‡³ÌÁG …Ğ 2]H«ŞL’ úy«Ş”Ét±•¤¤?Ÿ]ÎI»ÎğËzö<’›‹¶,~>Tşêü½Ô1»Çº4¸ö»Û{6pcöòœ¼û»Û÷˜»ÛÜİv
}w    N›M° …X•“_/gïg/Ï"~û¨UÏåíı5÷y¾5ğîÌÿjŒí²w‡ Ÿ›‹¶ô£¤ô_gçÇsIÖè»÷×ş yÁ}‡Úàïæ¢$DDÆë÷swÛ‘Ş`$²NNèï    >¯J¥’[Q€Ò,~>TŞŞ_“àÓjÕ›…ÿöZæÓÜ.íÙ·ëøílÿâçCEi»üÛk†v Èó^|ÇÎ^7ÊûíûĞj„a¿+Ã~7Ù    À¯…
 NƒdTkÕoKı¬H:ûo·ËÓ ×mÆgÿ¬`[ÿéßüşmiï÷Çïß–ÿş÷OğW—¹º\İ6ØöÍş[1• ¾±ëYWE„Ş5?   ğk#€Âİİv¶šÑÙt×ÛûkîuéY¥ÿi¶»…ş®ÿìåYf/Ïbƒ|=gñ3n|½Á(™yÏ#-	^9¿„`<b    ğ"€Â}¿ÜĞßŞ_·._@o“»¬õßÅÇ?+6A MEDòÿú¯o9@_ «jÁ~¯»1¸IwI    €Ób×ìg­ïß	 J›nÏ°_{÷·¶ïz¡Àß½Vİõ?fùW×ÖRÿØÀßŸ;¦Ğúÿ¬ówé›`“öš«Ï„íÿ   €OÊ&	–Ëå2O¢€ 
·o“;üç:ßı<m^y‚ÿĞxŠ:¯èFŒ    > 8Yeúer{èßİ    ²ÄÌæç™ñw%(ÁIÙ¥~ì¹bJëcòØã    à3 ¸ÁÉ°÷BŞŞ_½I€ÆÙõ2¦ÑŞ.¥øb’Yçú’$    ìJ×üÑÀ'!&øWn 6øW¡$€ÎøÿÕù{ùãñÏÔJƒPÂ›‹¶\]6DDd2]$÷“œÉƒ´&‡y
yw    pZŠL üVÈˆ€=ä	şe½= ¶yƒYé±3õuş^êOè8›ÏŸ’À_œà?m‰‚ûı;í;ßuìÏÍE[†ı®ÔªçÉs±c   €r-×*kE\“&€(DÌõ®³Ø‡fgÿİJ ßì¿ıÛMFÜ\´3+ ByV ïVAøî?{y™Š´êÍueB{«Q!   €_ Ø›ÎàëL³/p³ÏltÙ3Ù»®ç¿ºlHo0J–”MgúuùÁìå9ùiÕ›"ëJ„Ş`$ãùS°   Àñ•1ó¯H `/Ø·êM™LÒª7“ ßş„‘uI^»œ“Å–ùË:Øw?ógéìú°ßMşN[Ï¿/»âê²!ßï·Æ3?I­züèI    Ÿ×2’=‡ ö²øùPy{]•š¯ƒPğ•ÿ:#>{yvóÏc×$@¨Ş×ø/ö3usÑ–Ş`$“éBzƒÑÖl{YA÷ìå9I®Üİv¼ÇÜİväî¶SJò   À~£&    IDATòÌü»}ì±$ °7›°ğ\“é¢°àßŞ[g¹cÖ¶g“wÆßG×ıëÌ¼m¾çkX¸Ë»pÏiÕ›É³i"@Ëÿeü÷#éFÁ   €ÓgúJ÷œ“mÄ†ÏÅ–ù»A~Ìw»ğm¨¿»¶ü‹H>„¶´åøn2d×f€.ßˆZñöşºÑxPÌr5™.¢·&   P®¼Ûüís< (LÌÌ²ï˜·÷×Ü÷Ê:ÇV”Ñõ>-pÖ¥nÀ¬í
c‚qß1öùjÕó$àšL©    ¾w© Û ¢0Ú€Î™_ı~½œ‰ÈìŞœúz[°K’ ¾™ş½Áhkæ=ÆâçC%T	àÇÇgñ½Æó'ö»ÒŒr   @1òÎäïz}{* PíZßú~ñó¡’`ë9¾ë…Êÿ³¤«ßıñû·¥xÊíc®¯µş›·!=ĞŸcß‰&lB«!vIL    8-i }Á¿P€"Å©y®wŒYã¿ÿı³øg%*|×q¾-cÎßµÁşk¯ÓÛÿ   G²ïÌ¥R©è5²vpïA 'Ë6
<Æùîuö‘'øß÷¾E'b    œ›H;fë³RGüBl¢Á­  è         P:f%qR²ÊõÓfÒcJıufy    Ç¶Kÿ>è€“Ñ8»^Ú­ÿüüÁ{ãìzysÑÎ¼Çx.¥ÿ¾$Ä1“îxH|    §!+ø×cŠLà$Äÿ+îV‚±Á¿Ú¥!_´o.ÚruÙ‘Ét‘ÜO|»¿çûı£´êÍƒ   @XÖn ûîàC .Oğ/"²:vU	7ø—uP\d%€.)hœ]/WöGÀÜ1KB[ÿem	hÖìåYd*Òª7×cj'c   p|EÏò§!€BíÀ~fö™Ü |•lˆ›u·³÷6YúÜ~¦÷ÕÙ~Õª7EÖ‰ˆñÜ©Ü¥    NÏoÇ ¾ÆÙõrØïJ­z¾´Öªç2ìw·JÔc÷¥İoß1—áê²!½Á(©pùÆú,ëØ´à_’ÀÿIjÕóäG§úş   €_I¥R©,×b_î@Ï%€Bh?™.¤Uo&I ı¼UoÊdºØJHRÒŸÏ.ç‚×Ã~wãoUVĞ={yNŞıİmÇ{ÌİmGîn;'ûî    ”C“ ,@!Våä×ËYàûÙË³ˆ§ß>jÕsy{Í}^™kào.ÚÒŒ’ÒÏ%Y£_ÆıµÁßÍE;IˆˆŒ×ïçî¶#½ÁHdœĞß   Ÿö ˆiü§YÇ)* PŠÅÏ‡ÊÛûk|Z­z³ĞàßŞSËÜcëC4Àsƒ1½B;äy/¾cg/Ïåıö}h5Â°ß•a¿›ìN    à×B 
§³ı¨Öªß–úY‘töß6ËÓ ×mÆgÿ²›ß]]6äêrtÛ`;kö_w
H»¶oìºÆ_ÖU¡wMà   œ6· KìqŠ
 Î·=´.]L Ÿ‡{8Ûª€cl{·k‰}Zr"T9 •ö'Íxş”T    øú4±@ …û~ÿ¸„¾½¿nu§w¹¬Äæ	pMƒı7ob—%šĞãlÙ¿ÒdÁ?   pÚbÖöëq1ôx–  PÚĞ¬¾Ï6¿wÇûû”ñ7Îüc)’¯œ?´ş?ëü]Æê&!ìuzaû?   àDä-ã·Ç/—Ëel²@H  »Î`»s™ş˜õóÇ”'øW»&)bŞõ.×   PÛÍ?í˜BïYäÅ€2øû<Aì¾çïr7!AĞ   àØJp’B³ùµêùV÷ß¹iã    ~EB8)´ë¶v!oï¯©|ãìzén¨v)Çu¨j    _ƒ» è²‹ 8¡àÿíı53!à^#üëwã¹ÚĞŞ÷ê²!""“éBDDÆsÙ¹™_QãR$#   €_	 œ”¬à?­ü?mÖ_é–|Eÿºä`uı$€½ß!vp~MH|¿”V½yÔd   €m:ãŸw7€] @!bŞåmŠçş5Àÿñø{Œãù“û]‘õVxEÁö:nbUmP|ÒÁª|˜½<‹LEZõæ:)ñ1    ¿ Ø[ãìzY«ËİmG¾ß?ŠÈöLwÌ1>v+À¬Ù}ìjğ_¶«Ë†ô#ö»É2€2ÙÊíW­zSdıÆóÕge,    púH `/Ø·êM™LÒª7e&""›¥è¡c4uK×íl¿5?E'ôX-Ç‘$0/Ëxş$W—İä¾†ƒE.HşÅ$@l%…~vˆ%	    Š—w¹€.3ø­´á—°øùPy{]•š¯ƒĞV½¹pjğ¯øìåÙÛÅß=ÇîyÙDÁ!fáÕÍE[zƒ‘L¦éFrsÑŞHn„¶&Ü×ìå9I®Üİv¼ÇÜİväî¶İP   ÀéÙ¥W€C {³I€´`{2]ƒ×Ûû«ô£­õêi³ÿ‹Ÿ{üªìı)¹÷dº8È2 ]÷¯cÕ$@L“BY'	Ü¤AVâ`ÕàïãY[õfRş/ëà¿7Io0
&    |•î9,@á¶ƒüëåÌ¬G¡³Ôoï¯¹ÊşWI ÙhˆwŒj wı¿&|K¬´j´’ıÙË³ÔªçÉ³úzè¿‡¬ˆ    p<•J¥b+H  0w·ÌàRg¢cûİJ€˜5ëzŒ&Äi{]éÒ…«Ë†7	P´ñü)I˜ÔªçÉr?   ğuì²€ 
£èÜÿÕï«*€Ù½?8õÑ¦¶lÿı¸íÿg×Ë-ÿ>‡jzWv³Ae«,bÏÑíó$b    œwV? („ù²³¾w½½¿Š¬—|¶@UÇ«M ó.a­÷O{oö;M~¸I­>8Ôvˆ    ²¹Á¼şí[Ã¯Ò¾K»>[€ádØÀw×@Øw=Ûõ>¦á®´ÉŸ®ó·ÛÏóŒ]åsÖ{sßsìu   /4›Ÿ'È¹~¥R©P€“á£iI€Øë5Î®—oï¯…Œoy‚q=ou<A?   ğkp“@AÒ*º         ”YIœ¤Pé­z.ZÒšUoœ]/‹è!     e+»ÀÆ5‹¾ °_ã>Ÿ¬f~Ú€Ï'ïzü<|I‡c&öi&    \YÛù 	 NF(ø{ÍL¸×HÛvoÕ‘_–EÃö¾W—™L""2ËNÍüö‡Òñ|¿”V½yĞ±    KÛîO¿[.—Ë"“ $ pR²‚ÿ´òÿ´Y5?Ïß•]r°ºşGÀŞO+ê¾îÄ“ø˜½<‹LEZõæzLídL    NS¥R©dUì‚ 
Úºn—-í|Á¿¸?rm<’a¿+""½Aq ö:n ¾ª6(>é`ÙÄ‡Îö«V½)²~öñÜ©Ø
    ù”±Æ?Ëo‡¾!¾®ÆÙõrØïJ­z¾QŠŞ8»^Öªç2ìwƒÍıBŞŞ_“Ÿ¬Ù}ŸUàû´ü—íê²!½Á(©på}iÒ‚1Ï_«'?š(r    c¹#¡ EÑ 2]H«Ş”™ˆˆ|¬éoÕ›2™.Ö3úÛ¥ğn0
øÇó§èD€kñŞ`Tj"`<’«Ënr·Ü¾¬ Û-õw""w·ù~ÿ˜,¥    pzÊ(ÿ (Ê* ¿^ÎßÏ^E2º÷ÛrÿZõ\®.I#½¼l¢`2]gã‹vsÑ–Ş`””şë´ù]P¤Uƒ¿Õı4	#"2^úw·éF""2ìw“ß   œ7ğ÷-°ıb–Øk² …Yü|¨¼½¿&Á§Õª73·î³ŞŞ_¥7mËi³ÿ‹Ÿ{¼–¿Ë:	0™.²ÀşÅŒ»¬-g/ÏåıöÙõ™‡ıUeÂ®I    å±ze­ˆëÚk‘ @át¶ñó¡¢Á®~K×«‹§Œ>MÜ\´·fÜ5P¦«Ë†ûİ­ªƒ]zÄ°ÏW«ßõ!   @~nğ_Ö}X€Âİİv¶Ö Ûô,ZA0{yNÊÕc;ék#BY¯÷Wn¡ìøe÷PÏß[@"²    8¾CÿB ep›Ì½½¿z›ÒÅpéÿõóoÿgbë;¬}½ ÊbŸK“ î»s—    8˜õşEcp®qæïòŸ|ë.*Ô¥^ñõˆ¹FÚùûÒ-ùt¿ıÛ~^ä=Cãğ}®÷¶ßb<    ¶Åvúwû$¨ @á|AeV ©»¤]¯qv½ÌÚ¾ÎıŞ?Ööw‡
ş%ú]   øÕ qgÖ™i   pJJp’Beìµêy2Ë
ªu¹AV)<    üJ„pR4h·kù}²Öğëú{Ÿ2Ëñ}I    BB½ Êh
H œŒPğÿöşš™p¯‘ÖuÕOR›æeï{uÙ‘Ét!""ã¹,åH‰ 7!A2   8i —Ëå²è$ 	 œ”¬à?­ü?mÖ_éVxEÿºä`uı$€½_ÖNEÅş­	‰ï÷Òª7šŒ    ğÁÿYş‹B …ˆix—·)/ø× ÿÇãCî1çO2ìwED¤7(®À^ÇM@èöîqEU>Ì^E¦"­zs”ø   €ãóÍòW*•Êr­È*  Ø[ãìzY«ËİmG¾ß?ŠÈöLwÌ1>vÛ¾¬Ù}ìjğ_¶«Ë†ô#ö»É2€2ÙÊíW­zSdıÆóÕge,    Okü³ À^4°oÕ›2™.¤UoÊLDD6KÑCÇhê–®ÛÙ~k<ŠNè±Z/"I`^–ñüI®.»É=|‹\
ü‹I€ØJ
ıìK    ”#Ï2M6üVêˆğå-~>TŞŞ_W¥æë ´Uonœük >{yövñwÏ±{^6QpˆYxusÑ–Ş`$“éBzƒ‘Ü\´7’¡­	÷5{yN’+w·ï1w·¹»íD7T   pKI©ÈÛ#@'€½Ù$@Z°=™.‚Á¿ëíıUzƒÑÖzõ´ÙÿÅÏ‡Š=~Uöş”Ü{2]d€®û×±j ¦Iá®Vş>µUo&åÿ²ş{ƒ‘ô£`‚    ÀiñúnóÀ,ö\–  pÛAşõrfÖ£ÇĞYê·÷×\eÿ«$€l4Ä;F5€»ş_“¾%E˜½<K­z<«¯÷ş{ÈŠ    Ù|3ıY³ü±=ìq$ P˜»ÛNfp©3Ñ±†ıîF%@Lğ¬Çh"@œf€±×Ù•.]¸ºlx“ EÏŸ’„I­z,Çpø   ŸŸİ! öxı 
£èÜÿÕï«*€Ù½?8õÑ¦¶lÿı¸íÿg×Ë-ÿ>‡jzWv³Ae«,bÏÑíó$b    |Nv+A („ù²³¾w½½¿Š¬—|¶@UÇ«M ó,aØ•}§šüp“Z}p¨í   „e5úK{ŞC“ l†“a;ä/~>TBócgñõ|Ûõ>¦á®´ÉŸ®ó·ÛÏË¸·;ßç¾-Ù   8]Jøóœç» 8n0š–ˆ½^ãìzùöşZÈøöq¨à_"‚z‚~   àøt-Ö1EİKD„@ (HZA7         €Ò1+‰“*ı¯UÏEKúC³ê³ëe=    àĞöi˜… 8)¾Æ}.›ğ±ø|ÆsY–ÙĞ72îÃÉ   àtíÚà/	 œŒPğÿöşššğ]#mÛ½UGşb“ ö¾W—™L"ë„ƒ(øv~Ï÷ûGiÕ›   €xeÿB §&+øO+ÿO›õWãùSğü]Ù%«ë$ìıô¸¢îëA<‰ÙË³ÈT¤Uo®ÇÔNÆ   à4"ø (š¢n ú</ø× ÷ÇãCî±çO2ìwED¤7(®À^ÇÀWÕÅ',›øĞÙ~Õª7EÖÏ>Û1•·   @<üÇl¸ßÊº0~=³ëå°ß•Zõ|£½qv½¬UÏeØï›û…¼½¿&?Y³û>«À÷i#ø/ÛÕeCzƒQRàÊûÒ¤ÿb¿V=O~4!Qä8    äçÿE]3”D  …Ğ 2]H«Ş”™ˆˆ|¬éoÕ›2™.Ö3úÛ¥ğn0
øÇó§èD€kñŞ`Tj"`<’«Ënr·Ü¾¬ Û-õw""w·ù~ÿ˜ÚD   @ùÊş³ @!Vıõrø~öò,²ìC¥ç¶Ü¿V=—«ËFÒH//›(˜LÁÙø¢İ\´¥7%¥ÿ:m¾g—iÕàou?MÂˆˆŒ×şİmGzƒ‘ˆˆûİäw    Ç•7ø]"àW©T*,@a?*oï¯IğiµêÍÔàßõöş*½Áh+XN›ı_ü|¨Øãµü]ÖI€Étqe nğ/fÜãùS)½ f/ÏåıöÙõ™‡ıUeÂ®I    Å[:ÜÏ‹¼ (œÎök [«~[êg±´àíı5WÙÿ*	 ñİj€²]]6äê²»u¿²fÿu¿¬ß[è]ø   _CZÕ€&ì1ú (œ®5Ïú,†o-ıÇ?SgĞ?*Z`gÄWy£´YxëP%öú¬¶YbÖúşC6D   àW	p¿÷·Ë½„ Êà6™{{õ6¥‹¡Mû>SÀªÁ¿ş[Æ¬¿KšØ°eÿêĞ»!    8-ìÂ5Îü]şÓfİušÅ¶K|÷ÈºFÚùûÒ-ù´ÂÀşm?/ò¡qø>×{Ûï1    Ù|ëıcgûC½Üóé€Âù‚Ê¬@SwH»^ãìz™UŞî~oïs~YüKô»   ğ«! 
âÎ¬3Ó   à””àè4P®UÏƒ¥ÿ1tZé{Ö    øêX€“`·±ó[÷¡ ^×ÛûŒçr°àß—„ ñ    ÀZ·ïÚ¥ëğZE]Ø•Û¼OÖkù}Ÿ‰' Nş•vâ/+×Àÿæ¢-W—™L¹wÌ¸É   à4 À/Ë.P¡$€/ˆµxš2šñéò7	0™.6‚ÿC,Cp~Ë÷ûGiÕ›GMF    ø 	€"ü,,@!bŞ¥£ûxş´±À—ğ]W÷¶ïF™I€¢Ùgqï­Ûÿ¹Ç-” ™½<‹LEZõæº2ác<    ~-¿{ øü´„ØïJ­zî]sŒ¬Ø·÷×ä'¯a¿+ãùSòsW—éFÉR€²éíŸ½<'?­zSdXéF2?ÉÍE;øş   ÖÒ£¬{QŒ½h`¯¦¬gİà=tŒÎŠÿÕù{©Á©ËVøú h@o0­õ|÷še,°ãuBõ#oÏ‚¢Æ`ûh©¿¥ïË]Z¡X
    GL ï[àZBà;
 ìeñó¡òöşº*5_¡­zs#àÔà_gÄİà?ÍÕecëZ1´Ÿ-Á?„›‹¶ô#™LÉr;Û^ÖÌûìåY&Ó…´êM¹»íx¹»íÈİm'ú   8ŒŠC?/º€ ØÛ*¿^ÎDD¦áã&ÓEjğïÎş¯ÊøW¿Ç­Ã~7	üÅtß·bÆ[“ú<«¿e)%&$´ÁßÍE;IˆˆŒ×³ıw·éF"ë÷¤¿   8´æ•J¥
şíw±×ĞãH  pÛAş*9`— dÑ 9ïŒ¿=ß6<Tğ¯Üd„şecöò,µêyòÜ6É Kô_÷]  üÿöîX'exµÅ3ØÇ	âĞFH8€Ì+K<€3¤’+B‡'D'á+‘@²ÖIV"ZùŒ_b6`jnQtO÷@u÷@ÿ~’uì™†{“ï__}Lƒ €b¾|şØZ\¦+Ñ©¿¿ıY…¬EşôøğÑö:7¿¾Vq…=5Ö‘wq«C<
0êkõ??9!nÇÈ)ü `Ú ‹õ¼Å?İ"põO}qåCü>ln7´©ø}y€BG'¡ØĞ½®ò„}I»,º~æüúÂ6   ˜  EÄ"?4¬¸·½¥Eilá¿û}û¢×ÅŸ!l:İ ¤.§"Äîƒ!‚	  `¹.ûø»Ü£ë) A @Im«ìmïçò¶ğÿ÷½¦ûÄ#	£XˆqÔİÍ¯¯UİÏ3Ô³¤!DúLaŞ1Ä3   í2é?ğ·Êç ¬µX´v-œÓ3îWù\ß†,şŸÄ   ı[6é?½æ9Ÿô™U.š¥+şy€¢      èUIFWÊß½}ÿ¨…?ê²‚ï¹O?»õÇ§ÁO   h³¬ÿ9ë˜ÀZHÏ±¯·ü­?>Íš&íŸ_w`]1fğ?  ÖGÛşeSşŸB ÀZÊş‹İu+ùËŠÿ0?Nğü:´Aø±Ğ>ØÙ{»[!„¾_Ş„0 úüîºçˆâóüõÏ·ğas{Ğg  š¥Å]‘ÿ”ÓÚ(Xé6€(âkuÅkZ€/ÓÇ4şJä!À÷Ë›Gö¹¡éç¿úù#|ØÜ!„Ï$   €qÅ¿t›ÿ2: (*¢u«ôu¯G±p=¿¾x° .¨ûÎÓãÃæçŞ·… ¥¥?Sşİ÷İ®+)í€ˆ«ıQ,şÏ¯/ÂùuúLÃm‹   ÖÃ›±€×#âïŞ¾ĞŠ¾õÇ§Ù»·ïÃéñaã ¾è`g?Üı¾]üYÕéñá¼Ø½XŞCÛÛİ
G'g‹­ ¹¶ßÁ*–ÿaQøß‡*ñOü½”|  `³Ì*×	 ("ùß/oÂ‡ÍíE_ÿ°¹¾_Ş<
R±0=ØÙğ'š>trÂ<8=>|°ú>”ø}±#!ÿş¾Šî«Ÿ?¿û/Ÿ?Ö^óåóÇğåóÇÖ
  `Xy±ŞVÜ?• €"n~}­î~ß†«Ÿ?ÂÕÏŞ¯7íáo²·»õh`q ßĞ!ÀÁÎ~8:9ß/oÛvöaH_Ûîüİÿœ1ˆíÿa^üœ…£“³Æ€   ^Û*~şZ:3`Ùü€ºëÌ  ˜ûÂş¾ÈÍC€X .+şóâ8İ·Ş¥ğ?=>\ş¡fõ}¨áw1tHøZ_ÏpõóÇ¢½?=b7Büoú;  Æ7Ô)  Š‹Å,tß½ı×¬®+`™XÀ®ºâŸ~>,8ääû½İ­°·û¸Øî«!œØô»Vø ÀúyÊ) UUUq›@ÓçëN PÜ—Ï£‹-èMşşög²=ò§Ç‡‹óëC,än~}­âùö©|?şÑÉp“ïNÎßÛ§ÿş<İgœ__„ÓãÃ¥ÿ{   ¯ €âşúçÛƒÁ}w¿oMÒ¢ùèä¬s@,„×a²},¬ã€|;@Ò`#Æ‡y   Œ¯n¿Kûÿ².€ºÕÿBp8ÅmıñéÑJ{İké{±Ğo:ú/òA‚mŸ_öÙ’â¿¸İ ıwúzß?Gİëu!ÉP  Àcm…~Ûö€U?¯€âêŠÊ¶B3-Üë
Õº÷Û>ïÑ*iÈmß£è €õWñ›ŞëòùP4}V! …ä+ëVÚ €u¢(at±P~÷ö}ã€.ô²Ö÷e[   ¦À ÖBzŒ]½ûâ~Ù¦A{ç×ÃMÿ¯!  @®Ë ¿ğÄcïUêFğTé¿èî÷í£0 vÔl›²'à÷9 0„vöÃŞîV!„ï—7ƒ|w—çŠ„  ° LVº j
êŠØ´ _¦a|q{A|¿¼yPü±!/øã³üõÏ·ğas{Ô0  ø¯¦£úº¾ÿ¶ PD—wË®‰…ûùõÅƒí u!@İ}ãÙöG'g­!@iéÏ’w<ş/¿®´¦ äêç.Cø°¹=ïLøïó   Óòfìàå‹-ü§Ç‡áİÛ÷µûà»\æìİïÛÅŸU†óë‹ÅŸ1ìín…£“³ÅV€¾Å-qµÿêçÅŸ›Û!Ìƒ•£“³p~}vöÿ  ÀpJ®îwú¾!¿Œ×'ö±ĞóUç¼xoº&®Šÿûãf±8Í¥]us bÀÑÉYˆ a¾?¿g[ Òçó"::9«YPêÒù±Õ?_ùÖŠÈV   X?é|€<$Èg´m!H¯ÓÀ³ÜüúZİı¾½o5Ÿ¡6·œ±ø+âyñ¿ÌŞîÖ£{uğ¥-øC8ØÙG'gáûåÍb;BºÚŞ×ÊûÕÏáûåMø°¹¾|şX{Í—ÏÃ—Ï;ÿ €q•î0€g»/ä?Í®Bá²ùºï—7K‹ÿ|õÿ¾ÿşï]ŠÖÓãÃEá’éûé¿‡Xñ¡Cüyîÿf¡Ç@"ø;ØÙ_!„p>_íÿòùc8:9aş{Š  ^–ªªªºùku×	 (îq‘¤[ ÚÄ"yÕÿôóé`Á¡Šÿ(#báß×s\ıüŞ½}¿ø¹Ó!nIˆÿÍW  Àúèz<àS (æËç­ÅDÒ‡Y    IDATeºúûÛŸUÈZäOíi¯sóëkWØScy·:Ä£ £¾Vÿó“âvŒœÂ  ^>
 (&ëy‹ºEàêŸúâ4Ê‡ø}ØÜn,hSñûò !„NB±¡{]å	û’vYtıÌùõ…m   °†ú\ı J‰E~hXqo{?J‹ÒØÂ÷ûöE®‹?CØtºAI]NEˆİC  ÀÓµ­şÇıı³Ùl–îõó!mñ¹¾VÕ4!ÿæ××*}¯)@ˆGFuGö)É÷ù§ÿN_â9ê^¯ë’p   ŒkÙªÿ²  k·@z ¬µX v-TÓ3îWù\ß†BØö=ëò;  ®é4€Ps"Àâ3?#¼ZùÊº•v      `PV%]\)÷öı£ş¨Ë
zÛ«ğ  À:iÛÇ_ú(@3 Xé9öõ–Ÿ îÕ9¿îÀºbÌà!!  ¬‡.CüâDÿRß) `-åGÿÅî€º•üeÅ˜'x~Z |Xhìì‡½İ­Bß/oB˜}~wİsDñyşúç[ø°¹=è³   íš
ü®SşWú®Ò7„§H·Dy_«+^Ó|™>¦ñÇP"¾_Ş„óë‹Ø†Ğôó_ıü>ln‡Âƒg   À¸š&õw}ÿ)t PT,DëVéë^báz~}ñ`;@]P÷§Ç‡!„NÎZC€ÒÒŸ)ÿîûîƒ‹G×•”v@ÄÕş(ÿç×áü:}¦á¶E   ëáÍØÀëñwoß?hEßúãÓìİÛ÷áôø°qP_t°³î~ß.ş¬êôøp^ì^,
ï¡íín…£“³ÅV€\Ûï`ËŠÿ°(üïC•ø'ş^J>  ğ4³«\ßõ EÄ"ÿûåMø°¹½âë6·Ã÷Ë›Gá@*¦;ûşäA@ÓçNÎB˜‡ §Ç‡Vß‡¿/v$äßßWÑ}õóÇâwÿåóÇÚk¾|ş¾|şØÚQ  ô¯Kk¿S XK÷íäŸfWï_ıüÂ’=üMöv·ÂÕÏÇÃ ÛÄ|1j[ÀÁÎşbBú½qø^_¡Äı€¿ûï‹A@!œÏW_>|Ä¿  ãËıe ñÚe3ªªªêŞ PLvöÔeÅ^¤§ûÖ»¬ZŸ.
ÿP³ú>Ôğ»ºĞ!¾Ö×3\ıü±hïÏC†Øÿ›ş  €qt)à»XwMS€   ¸XüÇB÷İÛÍò@ M,`»¶«çEíÃÕ÷ş
ï:{»[ao÷q±İ×ê>8±éw­ğ €×#]åo*øó`À Š«ÛƒŞ´/=úûÛŸ‹ÿcæûèÛÜüúZ__Ìï­ÅçÓÂè‰÷CµØÇŸ-œØ¶Eâüú¢óï  X_ËºêŞ PÜ_ÿ|{P„Şı¾}4~™8Äï¥îSÏÿ;Ä ÂÄ #oûI ¢ø €—/î_eò÷#ç€SÜÖŸ1_÷Zú^laoZ½N·äƒÛ>¿ì³%Å#ùb×Aúïôõ>¾;º×ãw§ïİ  Ü[6è/Õ¶¿¿© î:3 (®®¨l+4ÓÂ½®P­{¿íóñ]NèÛ3Ú¾GÑ  ãK÷ğ/»¦í>«T@!ùÊº•v      `PV%  `%¶ ¬B     {êÀç0   FÒuŠ	oJß   X?    ˜ [    `M´µşçïwİBPUU%    €‘ô±×¿‰-    0°j®é½eŸ{êu:    `$%ùk#    €hÕí¶    ÀòÔ®    0°¸z_WÌwYÙïä÷    ÀH–û]øëÊ    ØPÃÿ†2                       ëa6×çw8    F”ş}İ·ÑÇM  €òÚ%PUUõ¦üã    ]¥+ş}­ş    0¾Uÿe×7u	˜    #‹Eûs: Úf	    `DÏØõó¶    À´jp     F¶Ê€®…z]ÕçtA    ,Ç               ÀË0›«{Ï1€   ğÂu(    €WÂi   ğJ-kûO9   FÖµˆ    Œ(-üû    ğB­    #‹…ü*CüÒâ¿Ëç    ğB­    `DyÿªGùuí0    F´jÁÿT    ÙP!    0²ç8›[v    x%º           À¨Ì    €W®Ë¾    ¬‰>‡ø	    `6Æ~    ˜º¸ê_UUÕ×wè    €	Ğ    #bå?Ò         FWşÍ     ŠĞ    #¢@    L€    XCœ    ¼Pqë            °–fs]®5\    ^¨¼ø7D   ^±U:   €¬-Øöq   €Îûö¶ô¿)u#   `}    ¯@ÚUP×9     €WbY     €õ1 ­À    xEšB§    ÀÀJN÷ïJ        ¬»ÙÜ²kl   €ªë0A                    ãÿŞôı       À  :        `HOéH?Óôù’	   '/ô—    X±x¯ªªZõ³UUUÏù<   0¡   F0Táï                    ˆ³  `$Ë¦ÿWUU´f    ÀºıW2Ø(u#   `uuE~—p`U    Aéÿ6o†ü2   `¹>Vÿƒ    °òÂß@   xeÒâ¿¯­¶    Àšès.€             m6×çw   #ê{úd        ômˆ-                Àzp    ¬ëÀ¿’G
    `@«Nû/    ` iñßVØ¯rmÏ½   °šXĞ7uTs«v,ó¦Ô   €î–÷%ÿH    Œ(oïï£ø    GÉ	ÿ]    `$}­ö×1    ÖPép@    ŒÈ    ˜€¶‚¿Ô¬ [    ``]Wù‡       ¬;­   0’¦­ }´ş    `Cÿ[Ü¯äÍ   €viñ¿ìÀ’!€     Ô¥Àï#p    Œ`YaßÇ     L€     &`cì   €)j; 4    0:    `mƒşJwè    €	    À?W   ¨—·õ7mèzİ*t            À‹`    d•£ıJìûO™    kh•°    X3³¹ç^³*    0    ˜     L€S    `@«îí/u€        (i•	ÿ%OĞ         €	    À8    ò”ıüN           €I1    FĞu@©     ØªÃ K„ Ï½   Ğ]Zü·öO95 ‰S    ` «ÿ¥	    ``CÿÁ    X_%ƒ    0    ˜     L€     &@     kj6Wâ^    ˜ Ç   ÀÀJ­ê¯¢Øy‚   @»U‹ÿªªÔî       Àœ6   È*íÿ¥[ÿ    0§ÿ3    ^ Ù\©ëºzSêF   @9qå¿T     €	    À    `    0    ˜     L€     &@     kh6›ÍB¡ªªªÄıŠÜ   h‹úU”
 6JÜ   («Tá       ¼&Ú	   ` O™
mp
        ”4›+}m§    Àš*y€-    0    X3%[ÿ#[    `¥ü6:    `t    À–øë£;@     k¦äôÿÈ    XS%‡
    `Š·    õºš_bK€            xÌ    €˜        ¯Ål®ôµm6JÜ   (¯Dëd    L€     ÖHÉ¶ÿ”-    0‚>Šüet    Àè    €4øë«3@     k¤ääÿ”-    0    ˜€^Ú
   €Çêö÷÷ÕòŸÓ            /‚    0°ºY uJÎ    À€ºÿQ©`£ÄM   €vyñ¿¬¸_5(hã    AÛÊ~|¿T     €•ÜÛß•-    °¦J:    `t    ÀX¶×¿D'€    ˜     °òUşØPj€    ˜     lÙ~ÿ¾~î    LÙªÅ©-     X× Tñ       ¼Z	   ` u­ÿMÇÿ-»æ)œ        ¥ÍæúşSè    €	    À    `6Æ~    ˜ªÒûü—Ñ         FRUUU÷z:    `    0    ˜€Ú½   @yu{ûó9 ]®y
        ğ¼ø- [|š.ş}tr¶øûÍ¯¯ƒş|[|šİüúZmıñi–|­ë³ÅëOÃÑÉÙ£{ı³  ğ²m”¼Y^äö)Ú;ûáèä,¼{û>„Â»·ïÃ—ÏC!„g=Ï*Ev"NÂ"ˆßïó0¨E|¼×÷Ë›ğıò&ÄûÆŸ9ı÷s~>   ÆU·ß?Úóÿè¥n”¯Ä÷íèä,ìì/ş}~}±r1Xõş¡cşìıó-|ØÜ{»[á¯¾…/Ÿ?.Š›Û‹ÏìínÕ®ìÇ¿ìì‡½İ­ğıòæÁÏæóë‹Á;   (ëÅ ± ï_ÿ|[¼—ÿ»éµe¯çïİı¾}PüG1¸û}û(èú±`OuògŠüÕÏîÿıòæQ ®ú/s~}Ñù™   xbĞGá=ûÆCÿ!„ÅJz,†£ƒıÚN€çÿÑ²‚;ı¤Ïæ!@»¢¿¿ı¹(ş›øzÚ    x]† 5`Œâÿî÷m›Ûáüú"¤m÷w¿o;}~Ùké,ü~Mƒ÷¶şø4kÚzí{»[º¢›__«óëûyi¶û‡°ÿ ğ¸;Ì    ›7OıàÅ“¦=şO-şÃ|˜`®nÈáÍ¯¯ÕİïÛE¡÷û6\ıü®~şX´ÿÇ¿¿¼	w¿oÃİïÛÚÕûØÁæEÿÕÏ‹†¼³!í   €6O
 Æ*şóBÿèälñ§ëç»ÿÑ*!ÀùõÅbö@|ÎøÚ—Ï¬ŞçÅ¼gZÔìì/¶Äû~ØÜ§Ç‡á`g
   @+·Uü÷a•â?U·½ ŸŞŸß#]åï×­ü/Ûÿ’"¢«Ÿ?ÂÿıÿÛ   €níf Uü7â{ŠtN@İ÷ìì?˜ÒÿasûÁ¿Ã¼ï: èW!„îWö›ŠÿìÿOÆb?~ç‡Íí  @“…!‹ÿ´ş¹êVøóâ?ıùsyĞÔ)Œ÷ˆŸk;I îõ4ÈÃ   ^‡µ9pèâ?ÊÓ«ë8=>\àËÅ“òçÅ.ÿéßó  ŸŞŸ¾—ñéıÏ¯/:ëù=ò!%    xÖ" «øI ‹ÿº½úw¿okC€U‹ÿTŞ_‹–í»|ş«„ !›põóG§.   ^¦!€¥§ ŒYü?ÇsŠÿy7@hX‰bÑ^Wüìì7¶ù7İ'Å?  Àë1K,{­”Æ `VşŸâ¹ÅzŸø'ï¨“íñs!ÚÿÛ%ˆÇ
¦Ï   ÏQ{
À”‹ÿºã÷º<Wœæ’•úóëP{RÀ*?O°ò  ğ*õÙî_û}ùCÿ¥œ[ù¯%bÀSú=e àÍ¯¯U<j0=rpÕ{  @È; †,şãûéµ_>ß/oÂÕÏ‹×?ln‡½İ­G¯§÷+Uü×=çÑÉY›Û;òÿƒı°·{8û_Ç—ìñwBß/oÂùu˜†£“ÿş7$§<·»   €õ•Ï (Ñ-° òâ?mÏ/İöİ´¨®¸—¾ŸÇ—ê£øG>,Ê—ïÅÏ‹ø½İ­Å{ÿçäÛ,Ì…ºãó“â¿ãÿñ¾ÑÁÎ¾   €Î6BV¸Æ•ï¼à¬kÛojåoz=/Ê¯~ş{aëÁ5±İ>¾ÿ_oúôïuÅZ¼·iH‘şËŠít`ZüçÇÆkÓ–şø]±Ó!íxHïÃ‘½İ­Æ  €—¯ªªªôÑ€‹›t=¢î9ÒsíK©;–/-ğë†ú- ÒÂ}•!|ù*~,âëäsÒÏ¦ùï)ıî÷­Y    ¯Té `± ®ÌÏ£ï"m{ot¹Ò-—Ë¶	ÔíÕÏ‡ú-³já¿ì>©¦¢=ıïín…pYÜı¾{ÉÖŒºà   šÔØ¤n|ìín-öÎ79=>|´:Şvß®×,ó`¨_ƒ§ş[|š½{ûşÁÖƒ4ŒØÛİ
{aş3on?Ú»Ÿÿ>âv‡»ß·‹bÿİÛ÷‹™ ±‹áïoZı   “Î@İñxñõûI÷[ï¥ûë»Ü·ë5ËäCıòÕù+şu÷+ù±øÿ¾ÿY>ÕğKWÿó•ş
„yhğ·1    t´R@´lÒÔ´ı¹÷írM.ê•(üóÉÿmÏøøïŞ¾_w¸Lìì‡¶c   õfÕÄVú¦Iÿ!iOÿ´şërß.×äN+ó±@?¿¾Xâ+5D¯nå?„ğ øÿ°¹ıè;ï~ß.~?éœ€„&§Ç‡áæ××ê`g?ÜüúZuš³    ‰Î §Ç‡áèäìÑúº–úxTİƒÿºÜw•ïÎ•^ñ¯“®à·ÿóük–w´}&®öÇ¶«ÿ   ¬ªs ğıòæÁŞıôõ¦ë»Ş7Îhú|İw§+úmú*ü£»ß·á*ù{ôîíûğas{ñıçóa~éŞşû€şıñ?³¿¿ıYÅãë¶(ü  ¦!XÒJ3 ºÜá	3 VYÉïªïÂÿá½ï÷øïXÈ×]W÷<q¢ÿÍ¯¯UşÙ­?ê?  ÀË‹ûªªjë¼>ŠÿĞ ÜüúZ_‡Ù*Çí…ì¼e¯•ï?DáŸ«û®ºŸ·í™bñ†ƒıp~}!   xeºúM!ÁStºQ¾"İEŞ²ŸïßïÓØ…rúûŠ|—gŠŸK¯­{  €—«ë
Éâ¿7[|šåÆ~¦¡ÅŸ9ÿ/       ôbıÛ	   à•ÈÛÿ—µù§×–Ø°ñïÿ™Åsuê¦Ò§ï=÷   €şm„ù ºèüúbñï¿¿ıYÅ€ ?	`Yh    <VUUÕv`İgŠ?È¿?şçÑÀ¾®¯   ífs¥®ëêM©   e¬Ú%ĞÅF×Óíÿ   P^Éÿ\ç  Ÿğ÷·?   €'ZVì÷±ï¿s  à  €—«s     ”S·Ê»ú˜`    ¬‰j®{    `ÍÄÀ1€   ÀJ    0tE¿ëê~©.€G@~Ü_!Üüúê            •Ö~   H¾Ÿ¿¯#ÿê       %Íæ†ş^    0    ˜     L€     &@          €	    À    `MÍæJÜK     k¨Tám”¼   ĞMé¿            xª±    ¦"ß÷_UUm]ŞõºU˜         €<e%¿Äê    À4    `$ù^ÿ¦×J    À    `    0    AœîŸîù/5ù?%    €	    ÀlŒı    0u}ı—*¾§    ¨—úUUU]_{îwë    €õ1ğ       x­´   À@ºîíïc€c   `    0®+ùéu¥†
    `$y«Ÿ    0    Alíª@          €‘Ù     €	    Àˆ†ê    À    `dCtT}İ   x(/ğcá_÷^İ5Ï¡            ^3    ``]‡ı•Úÿ    0¬U'ı—
    0´øo+ìW¹¶§    ÀÀºô%Ûÿƒ     ¦A          €5´ê°À6    Xc¥f    `ÍÄÕÿ’ƒ     °FJ·şG    Xiñï@   xáêVùû,şC¡ø  €fm-ş}ÿA     Ãk
ú*ş      €×Bk   $oı²å_     i ˜+    `@c…     P Ú
û4((¼yî   €òJÏ    ÀZu«@[    `@cÍ Ø(q    ¬Ò[     0‚Ò~3    `    0    ˜ §    À@ò †œ             ^3    ``ù,€&%g    `@]‹ÿ¨T     €¤Å[a¿Êµ]8    Ö¥ /}D      &@          €5´ê°À6    Xc¥fl”¸	   ğ4uÓşãk%
    `M”nûOÙ    #ªæê^/ù=    XŸ+ıMŠ¦	   ÀrO)şKtè    €-+æ›¶        ÜÓV    É÷ÿÙî/    €¬: °d@     €    `@1 h+ìÓ À1€   ğJ•     €5´êV6¶    À€Æš°Qâ&   @Y¥·     `i_zà_3    `dMa@I    X}‡     X}† N   €äE}Ó~ÿ®×­B            ¼f    ÀÀVğg    ¼0}ñ×ÅÆ_
   S”ÿ]VõK†:    `M•hı_Ü«Ô   €v]VõKş‹{–¾!   °\×Ö~    ğŠ­:+ 3    `Íô±    XS³¹÷Ò         €”\Ñ_•     6F°1ô   Ã‡ :    `9        ø/m   0§îû/±À    ˜ §    ÀÒUıØP÷Z):    ``]ZúMÿ  €Wf6×çwè    €	    À    `    0    ˜     L€     & û   `ªf³Ù¬îõªªŠ×ë:            àE0    ’ïùoÚëßõºU˜        %ÍæJ]×•    ˜     L€     &@          €	    À    `    0    PUUU!Ìf³YÓ5ËŞ{ò÷–¾!   °\×?†%    `m!@Éâ       x-´   À@ò¶ÿ¦6ÿ®×­Â)        PÒl®Ôu]é    €	    À    `        PZÛ€¿Ò ƒ        èIÓ*«ÿA        ô(_íïkõ?„6ú¸)   Ğ]_Eªêû   €fyñ_U•Z       h ­    ÒÔî_Ïÿ_÷  €	    À@Ò•üe«ú]¯[…     &@          €¥ÿòá%	    `   k;0½        Ğ‡Ù\××ŸK    L€     &@                  €¡û   `*òãıªªª­Ë»^·
3    `t    À€ÚV÷ûXı    G^èçJş‹û•¼   °š¾Vü  €53›ëó;  €	    ÀØW    #j€     Fà    xÅÚVüûê0    FRWÜ÷µ@é±;Š  İIDAT     yÊQ¥            À‹à    H×	ÿ}œ`    L€    PÛê~«ÿA     ãh;Ş¯Tá¿¸_É›   «ékÅ   X3³¹>¿Ã@   ˜     L€     &@          €	    À8[   F”ÿWUU/µº            xÌ    €äûı»*1À    ˜     °fú8@     k¢n‹@©c7JÜ   (§TÑŸ    ÀÈ:p    X}¬üG    É+ÿ‘     FÖçÊ$    €¹ò	    `$C¬üG    È+ÿÑ`I   LİS€o{           `f    Àˆò¹ }`    ŒdÈS   #ëkÕ?¥    &@          €	    À    `    0    ˜     L€     & û   `ªf³Ù,­ªª^ju    0’¾Š}           àYfsc|·        PÚ :         /Cvè        €¾Ñ	         †Òg'€        Z :        `,%;t            À‹Pı    0Uùşşªªz«ÓÍ    €5Qúè?   `Í”œø_G    L€     &@          €	    À    `    0    ˜     LÀÆØ    S5›ÍfC}—    XUUUc?           Ğh6×çw˜        }ÉWşûìĞ        ¥µ­ô÷Ñ	                                                                                            àYª±    ¦f6›Íº\WUU±ºıM©           }2    F”Î(¹ç?'    €‘   #ëså?        ÀPÒ­                                        À2ÿ×÷I]ÇŠ    IEND®B`‚